t_s,episode,ai_input,ai_time_s,rpm,throttle,egt1,egt2,egt3,egt4,cht1,cht2,cht3,cht4,map_bar,oil_pressure,oil_temp,vibration,fuel_flow,lambda,gen_voltage,gen_current,coolant_temp,inj_pw_ms,fuel_trim_pct,battery_current_a,battery_soc_pct,ambient_pressure_bar,oat_c,label,severity,live_diagnosis,live_health,live_rul
0,0,0,,4799.74141191585,78.54072707778472,840.3,841.8,837.3,839.8,106,105.7,105.9,106.6,1.421,3.86,98,0.29,26.1,0.94,28.4,42.3,88.5,14.36,0,1.2,98,0.5839,-13.7,NONE,0,,,
0.10000000000000002,0,0,,4797.518593812132,78.6548357635155,836.6,840.8,840.4,840.6,106,106.2,105.9,106,1.413,3.86,98,0.272,26.1,0.939,28.5,41.4,88.4,14.39,0,1.1,98.1,0.5832,-13.5,NONE,0,,,
0.20000000000000007,0,0,,4799.297648754473,78.40206657860578,841,840,839.7,840.5,106.2,105.9,105.8,105.9,1.424,3.85,97.9,0.271,25.9,0.944,28.3,41.7,88.8,14.34,0,1,98,0.5832,-13.9,NONE,0,,,
0.30000000000000016,0,0,,4798.737807828094,78.82916104687807,839.1,839.2,841.1,840.3,106.3,105.8,106.3,105.9,1.419,3.86,98,0.263,26.1,0.937,28.5,41.4,88.5,14.43,0,1.2,97.9,0.5827,-13.8,NONE,0,,,
0.40000000000000024,0,0,,4793.506490095219,78.4770849867425,839.8,840.8,841.5,840.8,105.3,106,106.2,106.5,1.425,3.81,98,0.281,26,0.942,28.5,41.2,88.5,14.37,0,0.9,98.1,0.5831,-13.7,NONE,0,,,
0.5000000000000003,0,0,,4801.378476717851,78.50910472323208,841.2,840.9,839.7,841.6,106,106,106.2,106,1.407,3.85,98,0.287,26,0.941,28.5,41.8,88.6,14.35,0,1,98,0.5834,-14,NONE,0,,,
0.5700000000000004,0,1,0.6500000000000004,4803.348108911092,78.58773637982374,839.6,839.3,840.4,841.2,105.3,106.3,105.7,106.2,1.433,3.81,98,0.273,26.1,0.938,28.4,41.1,88.7,14.36,0,1.1,97.9,0.5836,-13.8,NONE,0,NONE,75.2,751.4
0.6000000000000004,0,0,,4800.02267969381,78.56613303428348,840,841.1,841.2,841.6,106.3,106,105.9,106.5,1.422,3.83,97.9,0.296,26,0.942,28.4,42.2,88.4,14.37,0,1.1,98,0.583,-13.6,NONE,0,,,
0.7000000000000005,0,0,,4806.92872488264,78.72736565373833,841.3,839.5,838.5,841,106.3,106.3,105.9,106.4,1.417,3.81,98,0.274,26.1,0.944,28.4,41.7,88.6,14.38,0,1.1,98.1,0.5832,-13.7,NONE,0,,,
0.8000000000000006,0,0,,4809.350582032714,78.70871078911247,842.1,840.6,836.8,839.8,106.3,105.8,105.8,106.3,1.435,3.89,98.1,0.258,26.1,0.944,28.4,41.5,88.7,14.37,0,0.9,97.9,0.5833,-13.6,NONE,0,,,
0.9000000000000007,0,0,,4803.130964199625,78.5943627393524,839.9,840,839.2,841.6,106,106,106.2,106.2,1.418,3.87,98,0.275,26,0.938,28.4,40.8,88.4,14.37,0,0.9,98,0.5835,-13.8,NONE,0,,,
1.0000000000000007,0,0,,4812.064495229864,78.74159679457512,840.1,839.4,841.3,842,105.9,105.6,106,106.1,1.422,3.88,98,0.28,26.1,0.945,28.4,41.3,88.8,14.37,0,1.1,98,0.5823,-13.7,NONE,0,,,
1.1000000000000008,0,0,,4811.96809494658,78.80372192896814,840.5,838.8,840.9,838.6,105.9,106.1,106.4,105.8,1.429,3.85,98,0.258,26.2,0.943,28.4,41,88.6,14.38,0,1.1,98,0.5838,-13.7,NONE,0,,,
1.2000000000000008,0,0,,4797.585153118297,78.66873480162128,839.4,840.7,840.2,839.6,105.7,106,106.5,105.9,1.422,3.82,98,0.296,26,0.94,28.4,41.2,88.3,14.4,0,0.9,97.9,0.5833,-13.9,NONE,0,,,
1.300000000000001,0,0,,4812.825094605476,78.813490219175,840.7,840,839.2,838.4,106,106,106,105.4,1.428,3.82,98,0.287,26.1,0.939,28.4,41.1,88,14.38,0,1.3,98,0.5832,-13.7,NONE,0,,,
1.400000000000001,0,0,,4818.806213878318,78.6772797817615,840.8,840.7,840.6,840.5,106.4,105.7,106.4,105.6,1.429,3.83,97.9,0.276,26,0.941,28.4,40.8,88.5,14.34,0,1.1,98,0.5834,-13.9,NONE,0,,,
1.500000000000001,0,0,,4810.776116826224,78.69186162599692,841.7,843.3,841,840.2,106.4,106,106,106.1,1.421,3.83,98.1,0.276,26.1,0.942,28.3,41,88.7,14.36,0,1.1,98,0.5838,-13.9,NONE,0,,,
1.6000000000000012,0,0,,4799.288307230462,78.72720677273304,839,839.9,839,841.6,106.4,106.1,106.2,106.1,1.416,3.86,97.9,0.278,26.1,0.944,28.3,40.5,88.5,14.4,0,1,98,0.5839,-13.6,NONE,0,,,
1.6300000000000012,0,1,1.7100000000000013,4815.091662239613,78.86678426393031,840.6,841.6,839.4,841.8,106,105.5,106,106.1,1.421,3.87,98,0.272,26.2,0.942,28.5,40.9,88.7,14.39,0,1,98,0.584,-13.7,NONE,0,NONE,99.4,751.4
1.7000000000000013,0,0,,4811.199019084555,78.88676129039867,838.6,840,838.2,838.8,105.9,106,105.8,106.5,1.414,3.85,97.9,0.291,26.1,0.939,28.4,40.2,88.9,14.4,0,1,98,0.5841,-13.6,NONE,0,,,
1.8000000000000014,0,0,,4812.092467777153,78.74139570049289,838.4,840.2,839.5,838.9,106.7,105.9,106.2,105.8,1.423,3.85,98,0.275,26.1,0.946,28.3,41.3,88.3,14.37,0,1.2,98,0.5839,-14,NONE,0,,,
1.9000000000000015,0,0,,4809.774160542516,78.84419612587384,840.4,842,840.2,841.3,105.9,106.2,105.6,106.1,1.417,3.86,98.1,0.282,26.2,0.942,28.4,41.9,88.4,14.4,0,1.1,98,0.5838,-13.7,NONE,0,,,
1.9999999999999996,0,0,,4810.886575444843,78.84736376039162,838.5,839.7,842.6,840.7,106.1,106,106.3,105.8,1.415,3.85,98,0.273,26.1,0.944,28.4,41.7,88.5,14.4,0,1.2,98,0.5843,-13.7,NONE,0,,,
2.0999999999999974,0,0,,4814.135040817025,78.7263505614323,841,838.9,839.5,836.7,106.1,105.8,105.7,106.1,1.419,3.81,98.1,0.287,26.1,0.941,28.5,41.2,88.6,14.36,0,1.1,98,0.5828,-13.7,NONE,0,,,
2.1999999999999953,0,0,,4816.6774165155475,78.69915879391661,841.3,838.3,841.4,841.1,105.9,105.7,105.8,106.5,1.426,3.83,97.8,0.276,26.1,0.936,28.4,41.6,88.6,14.35,0,1,98,0.5833,-13.8,NONE,0,,,
2.299999999999993,0,0,,4810.748851119413,78.90108444840078,839.3,839.8,841.2,839.2,105.5,106.4,106.3,106.2,1.428,3.87,98,0.276,26.2,0.941,28.4,41.1,88.4,14.41,0,0.9,98,0.5844,-13.8,NONE,0,,,
2.399999999999991,0,0,,4819.567051826156,78.94871838387601,838.9,842.9,841.4,840.3,106.6,105.5,105.8,105.5,1.427,3.87,97.9,0.279,26.1,0.939,28.5,42.3,88.5,14.39,0,1.1,97.9,0.5838,-13.7,NONE,0,,,
2.499999999999989,0,0,,4819.0437784641845,78.766431072556,843,840.9,841.6,840.2,105.9,106.3,105.8,106.7,1.425,3.81,98.1,0.286,26.1,0.944,28.4,41.6,88.1,14.36,0,1.1,98,0.5833,-13.7,NONE,0,,,
2.5999999999999868,0,0,,4810.755754180478,78.83024709050754,841.8,841.6,841.1,842.5,106.6,106.8,106.4,106,1.422,3.85,98,0.287,26.2,0.941,28.5,42.6,88.4,14.39,0,1.2,98,0.5831,-13.8,NONE,0,,,
2.679999999999985,0,1,2.759999999999985,4816.286638668181,78.97593564257514,839.9,841,842.6,840.5,105.7,106.9,106.3,105.7,1.428,3.86,97.9,0.282,26.2,0.939,28.5,42.1,88.3,14.41,0,1.3,98,0.5825,-13.9,NONE,0,NONE,93.4,751.4
2.6999999999999846,0,0,,4814.823895215545,78.89701244232457,839.9,839.4,841.9,841.6,106.5,106,106,105.9,1.429,3.86,98,0.286,26.2,0.941,28.3,41.8,88.4,14.4,0,1,98.2,0.5843,-13.8,NONE,0,,,
2.7999999999999825,0,0,,4817.996103598661,78.82289171953003,839,841.4,841.8,842.1,105.3,105.8,106.1,105.9,1.425,3.81,98,0.289,26.1,0.944,28.4,42.7,88.4,14.37,0,1.1,98,0.5837,-13.7,NONE,0,,,
2.8999999999999804,0,0,,4813.718573745622,78.9063939444934,843.2,841,840.2,841,105.9,106.1,106.2,106,1.43,3.86,98.2,0.287,26.2,0.945,28.3,41.9,88.2,14.4,0,1.1,98,0.5831,-13.7,NONE,0,,,
2.9999999999999782,0,0,,4815.2935025621955,78.87261772608822,840.4,842.2,840.4,842.8,105.2,106.1,105.6,105.8,1.424,3.84,98,0.28,26.2,0.94,28.4,42.6,88.6,14.39,0,1.2,98.1,0.5837,-13.9,NONE,0,,,
3.099999999999976,0,0,,4820.974773877269,78.9337180633329,842.5,840.5,842.8,839.9,106.3,106.1,106,106.3,1.427,3.84,98,0.276,26.1,0.942,28.3,42.5,88.4,14.39,0,0.9,97.9,0.5841,-13.8,NONE,0,,,
3.199999999999974,0,0,,4819.0875903909655,79.09998700866554,842.5,840.2,840.5,841.2,106,105.9,106.2,106,1.431,3.84,98.1,0.274,26.3,0.943,28.4,43.2,88.4,14.43,0,1.1,98,0.5826,-13.7,NONE,0,,,
3.299999999999972,0,0,,4819.441473690891,79.0424428715355,842.2,841.5,839.2,841.2,106.1,106.1,105.8,106.2,1.433,3.87,97.9,0.278,26.3,0.93,28.4,42.1,88.5,14.41,0,1.4,98.1,0.5831,-13.6,NONE,0,,,
3.3999999999999697,0,0,,4819.559492840132,78.83910902296695,839.6,840.4,842.5,838.9,105.8,106.5,105.6,105.9,1.421,3.86,98.1,0.269,26.2,0.946,28.3,41.7,88.6,14.37,0,1,98,0.5834,-13.7,NONE,0,,,
3.4999999999999676,0,0,,4824.545742232391,78.99708942694564,841.2,838.6,839.2,840.7,106,105.7,105.8,105.8,1.416,3.85,98,0.281,26.2,0.938,28.4,42.1,88.6,14.39,0,0.8,98,0.5832,-13.7,NONE,0,,,
3.5999999999999654,0,0,,4816.633280412006,78.94766200252468,841.7,842.1,838.1,842,105.9,106.2,106.2,106.4,1.433,3.84,98.1,0.287,26.2,0.941,28.4,41.6,88.6,14.4,0,1.2,98.1,0.5837,-13.7,NONE,0,,,
3.6999999999999633,0,0,,4825.987059876407,78.99118598908157,841.7,840.4,844.2,840.8,106.3,105.8,106,105.7,1.425,3.85,98,0.285,26.2,0.944,28.4,42.3,88.5,14.38,0,1.2,98,0.5837,-13.7,NONE,0,,,
3.709999999999963,0,1,3.789999999999963,4823.334629100265,79.05473322719392,839.9,840.1,842.5,841.1,106.2,105.6,106.1,105.8,1.429,3.86,98,0.278,26.2,0.939,28.3,42.5,88.8,14.4,0,1.3,98,0.5842,-13.5,NONE,0,NONE,100,751.4
3.799999999999961,0,0,,4829.593788006218,79.14947782606247,842.5,838.9,841.9,838.6,105.8,106.1,106,105.6,1.433,3.84,97.9,0.299,26.3,0.934,28.4,43.5,88.1,14.41,0,1.3,97.9,0.5827,-13.7,NONE,0,,,
3.899999999999959,0,0,,4829.099814489417,79.06010813015448,838.7,841.1,843,840.6,106,105.4,106,106,1.425,3.88,98.1,0.276,26.2,0.943,28.4,43.1,88.6,14.39,0,0.8,98,0.5846,-13.8,NONE,0,,,
3.9999999999999574,0,0,,4820.329901112954,79.12672197768292,841.3,838.2,840.1,842.3,106.1,106.3,105.5,106.1,1.427,3.87,97.9,0.275,26.3,0.94,28.3,42,88.7,14.43,0,1.2,98,0.5837,-13.7,NONE,0,,,
4.099999999999955,0,0,,4821.199156636783,79.19154179099588,839.2,842.1,841.4,840.6,106.1,105.6,105.7,105.5,1.429,3.84,97.9,0.284,26.2,0.945,28.3,42,88.3,14.44,0,1.2,98,0.5835,-13.7,NONE,0,,,
4.199999999999953,0,0,,4826.333553724961,78.94478850243289,841.8,841.5,841.9,841.6,105.9,106.8,106.5,105.8,1.449,3.85,97.9,0.276,26.2,0.941,28.4,42.1,88.9,14.37,0,1,98.1,0.5836,-13.7,NONE,0,,,
4.299999999999951,0,0,,4830.294991813159,79.1525753764672,840.5,840.2,842.9,842.9,106,106.2,106.2,105.7,1.426,3.84,98.1,0.287,26.2,0.94,28.4,41.2,88.6,14.41,0,1,98.1,0.5836,-13.8,NONE,0,,,
4.399999999999949,0,0,,4817.834363067068,79.20941798835918,841.2,842.7,842.3,842.9,105.6,105.7,106,106,1.429,3.84,97.9,0.277,26.3,0.944,28.4,41.7,88.7,14.45,0,0.9,98,0.5834,-13.6,NONE,0,,,
4.499999999999947,0,0,,4829.102419335029,79.00960026685377,841.9,842,841.6,842.2,106.2,106.1,105.9,106,1.423,3.81,97.9,0.286,26.2,0.939,28.3,42.6,88.5,14.38,0,1,98,0.5835,-13.7,NONE,0,,,
4.599999999999945,0,0,,4818.218468278389,79.16058546508211,841.9,842.1,842.5,842.2,106,105.7,105.9,106.1,1.432,3.87,98.1,0.285,26.3,0.94,28.5,41.5,88.3,14.44,0,1.2,98,0.5831,-13.8,NONE,0,,,
4.6999999999999424,0,0,,4820.303547685767,79.27002420147652,841.7,842.8,842.8,839.6,105.6,106,106.1,106.4,1.432,3.85,98.1,0.289,26.3,0.94,28.4,41.7,88.3,14.46,0,1.2,98.1,0.5828,-13.6,NONE,0,,,
4.739999999999942,0,1,4.819999999999942,4833.985849913793,79.16219795058161,842,841.4,841.8,841.7,105.6,105.9,105.6,106.3,1.428,3.84,97.8,0.291,26.3,0.945,28.5,42.3,88.3,14.4,0,0.8,97.9,0.5836,-13.9,NONE,0,NONE,100,751.4
4.79999999999994,0,0,,4829.34338350944,79.28276585392561,840.4,841.4,841.3,842.5,106.3,105.6,106.1,106.5,1.431,3.88,98.1,0.28,26.4,0.938,28.4,41.8,88.5,14.44,0,1,98,0.5834,-13.7,NONE,0,,,
4.899999999999938,0,0,,4827.019234016163,79.13922008319928,842.3,840.5,840.6,841,105.8,105.7,106.3,105.8,1.427,3.83,98.1,0.286,26.2,0.941,28.4,41.7,88.3,14.41,0,0.8,98,0.583,-13.8,NONE,0,,,
4.999999999999936,0,0,,4834.193595654952,79.20987259339799,840,843.7,841,841.5,105.5,105.6,106.2,106.1,1.434,3.84,97.9,0.293,26.2,0.941,28.3,41.2,88.4,14.41,0,0.9,98,0.5844,-13.8,NONE,0,,,
5.099999999999934,0,0,,4829.955928204124,79.16737767548476,841.2,842,842.6,841.4,106.1,106.3,105.8,106.3,1.424,3.81,97.9,0.278,26.3,0.938,28.4,40.9,88.7,14.41,0,1.2,98,0.584,-13.8,NONE,0,,,
5.199999999999932,0,0,,4831.003213869244,79.3253156596913,844.7,839.6,842.1,841.8,106.2,106.4,106.1,106,1.442,3.85,98,0.273,26.5,0.942,28.4,41,88.7,14.44,0,1.3,98.1,0.5831,-13.8,NONE,0,,,
5.29999999999993,0,0,,4827.686180897193,79.3173232587553,844.4,841.4,843.3,839.5,105.5,106.3,106,105.9,1.434,3.86,98,0.3,26.3,0.949,28.3,40.7,88.5,14.45,0,0.9,98.1,0.5836,-13.7,NONE,0,,,
5.3999999999999275,0,0,,4832.796861444217,79.36607510467613,841.5,842.7,843.4,841.8,105.4,106.2,105.6,105.5,1.426,3.87,98,0.29,26.4,0.938,28.4,40.7,88.4,14.44,0,1,98,0.5848,-13.7,NONE,0,,,
5.499999999999925,0,0,,4834.284129389028,79.37449173350628,842,841.8,841.5,841.7,106.3,105.7,105.9,105.8,1.427,3.85,98.3,0.283,26.4,0.939,28.4,40.3,89,14.44,0,0.7,98,0.5829,-13.7,NONE,0,,,
5.599999999999923,0,0,,4829.8524489340825,79.34338531805881,841.1,843.1,842.3,840.9,105.8,106.5,106.4,105.4,1.431,3.85,98,0.275,26.4,0.942,28.4,40.1,88.8,14.45,0,1.2,98,0.5836,-13.6,NONE,0,,,
5.699999999999921,0,0,,4826.908151982935,79.46262426153291,842.1,843.9,845.2,844.1,105.9,105.4,105.6,106.2,1.43,3.83,98.1,0.276,26.4,0.939,28.4,39.8,88.7,14.48,0,1,98,0.5833,-13.7,NONE,0,,,
5.74999999999992,0,1,5.82999999999992,4830.334470373881,79.12733833633673,842.5,841.8,844.9,841.7,105.8,106.4,105.9,105.8,1.423,3.83,98,0.274,26.3,0.937,28.4,39.9,88.8,14.4,0,1.1,98.1,0.5837,-13.8,NONE,0,NONE,100,751.4
5.799999999999919,0,0,,4830.1955240188645,79.47509251921525,840.7,841.8,843.6,842.2,105.8,106.3,106.5,106.1,1.439,3.85,98,0.286,26.4,0.938,28.4,39.7,88.9,14.47,0,1.1,98,0.5826,-13.8,NONE,0,,,
5.899999999999917,0,0,,4833.055415988425,79.35927917802616,841.1,842.8,842.8,842.7,105.6,106,106.1,105.7,1.435,3.85,98.1,0.272,26.3,0.941,28.4,39.1,88.7,14.44,0,1.2,98.1,0.5844,-13.6,NONE,0,,,
5.999999999999915,0,0,,4838.941882013839,79.1061756912703,842,840.9,839.4,843.1,106.3,106.4,106,105.8,1.427,3.85,98,0.294,26.3,0.936,28.4,39.3,88.5,14.37,0,1.1,98,0.5841,-13.8,NONE,0,,,
6.099999999999913,0,0,,4834.65740562307,79.23733381144862,840.5,843.3,841.5,842,106.1,106.2,106.6,106.3,1.435,3.86,98,0.296,26.2,0.942,28.5,39.4,88.4,14.41,0,0.9,98,0.5836,-13.7,NONE,0,,,
6.1999999999999105,0,0,,4830.824688222207,79.30719696636552,843.3,839.8,840.5,841,106.7,106.1,106.1,105.8,1.435,3.87,98.1,0.282,26.4,0.941,28.4,38.7,88.7,14.44,0,1.3,98,0.584,-13.8,NONE,0,,,
6.299999999999908,0,0,,4832.29021333296,79.3502064309257,843,842.9,842.8,843,105.9,105.8,105.8,106.5,1.431,3.86,98.2,0.268,26.3,0.945,28.3,38.7,88.4,14.44,0,1.1,98,0.5833,-13.6,NONE,0,,,
6.399999999999906,0,0,,4839.513305010617,79.33484290455486,841.3,843.3,843.4,843.7,105.6,106.2,106.3,106,1.435,3.85,97.9,0.27,26.4,0.943,28.4,39.7,88.5,14.42,0,1,98,0.5838,-13.6,NONE,0,,,
6.499999999999904,0,0,,4837.847125153658,79.224576728308,843.3,842.8,842.7,843.7,106,105.9,105.5,106.2,1.432,3.89,97.9,0.29,26.4,0.939,28.3,39,88.4,14.4,0,1.1,98,0.5838,-13.9,NONE,0,,,
6.599999999999902,0,0,,4836.026967954161,79.47530425503679,843.3,841.8,842.1,841.5,106.2,106.6,106.2,106,1.431,3.83,97.9,0.287,26.4,0.936,28.4,38.8,88,14.46,0,1,97.9,0.584,-13.6,NONE,0,,,
6.6999999999999,0,0,,4833.568737262769,79.52415867178877,843.1,841.4,843.8,841.3,105.8,105.8,106.4,106.6,1.438,3.85,98,0.285,26.4,0.938,28.3,38.2,88.5,14.47,0,1.3,97.9,0.5839,-13.8,NONE,0,,,
6.789999999999898,0,1,6.869999999999898,4846.88162278138,79.48377569866203,842.2,843.8,842.4,840.7,106.4,105.6,105.6,106.2,1.44,3.9,98.2,0.284,26.4,0.942,28.4,39,88.4,14.43,0,1,97.9,0.5831,-13.8,NONE,0,NONE,100,751.4
6.799999999999898,0,0,,4840.43952380035,79.45506213306803,841.3,839.9,842.7,840.9,105.8,106,106.3,106.1,1.426,3.89,97.9,0.293,26.4,0.935,28.4,39.2,88.5,14.44,0,1.1,98,0.5836,-13.7,NONE,0,,,
6.8999999999998956,0,0,,4841.546893944792,79.58093835757789,842,841.1,842.3,842,106.5,106,106.2,106.5,1.441,3.85,98.1,0.287,26.4,0.945,28.4,38.1,88.6,14.46,0,1.2,98,0.5837,-13.8,NONE,0,,,
6.999999999999893,0,0,,4837.696705797489,79.259342896391,841.5,843.2,843.5,841,105.8,106.2,106.5,105.8,1.438,3.89,97.9,0.277,26.2,0.936,28.4,38.4,88.4,14.41,0,1.1,98,0.5825,-13.9,NONE,0,,,
7.099999999999891,0,0,,4839.13636240105,79.62019018856478,843.1,841.7,841.5,842.3,106.3,106,106.8,106.9,1.43,3.88,97.9,0.274,26.4,0.938,28.4,38.6,88.3,14.48,0,1,98,0.5837,-13.7,NONE,0,,,
7.199999999999889,0,0,,4847.665654632383,79.54981465115289,843.8,842.8,842.6,841.4,105.7,106,106.3,106.2,1.429,3.88,98,0.276,26.4,0.94,28.5,38.7,88.5,14.44,0,1.1,97.9,0.5835,-13.8,NONE,0,,,
7.299999999999887,0,0,,4836.115448522439,79.52005500960935,844.3,842,842.3,842.5,106,106.2,105.5,106,1.44,3.85,97.9,0.28,26.4,0.939,28.4,38.3,88.6,14.47,0,1,98,0.5828,-13.6,NONE,0,,,
7.399999999999885,0,0,,4839.293885014828,79.6641672695082,841.1,843.3,844.1,842.2,106,106.5,106.2,106.7,1.439,3.86,98,0.28,26.6,0.946,28.4,38.6,88.3,14.49,0,1,97.9,0.5842,-13.8,NONE,0,,,
7.499999999999883,0,0,,4837.391485352485,79.47444658549291,844.1,840.3,844,842.3,106.3,106.4,106.1,106.1,1.437,3.82,98.1,0.284,26.4,0.936,28.4,38,88.5,14.45,0,1,98.1,0.5837,-13.8,NONE,0,,,
7.599999999999881,0,0,,4840.94954533693,79.56176020636056,842.3,842.8,842.4,841.7,105.7,106,106,105.9,1.436,3.86,98,0.284,26.4,0.937,28.3,38.6,88.8,14.46,0,1.2,98,0.5829,-13.7,NONE,0,,,
7.6999999999998785,0,0,,4841.110195320733,79.57624002456888,842.5,844.5,840.2,844,105.9,105.8,106,106.5,1.437,3.85,98.1,0.278,26.3,0.937,28.4,37.4,88.3,14.46,0,1.2,98,0.5845,-13.8,NONE,0,,,
7.799999999999876,0,0,,4844.496182601309,79.61297145272184,840.2,842.5,843.1,843.7,106.1,106,106.4,106.8,1.429,3.86,98,0.269,26.4,0.94,28.4,37.8,88.9,14.46,0,0.9,98,0.5838,-13.7,NONE,0,,,
7.8399999999998755,0,1,7.919999999999876,4848.782817260479,79.5129016912196,842.7,844.3,841,843.8,106.3,105.9,105.8,106.2,1.439,3.84,98,0.275,26.4,0.933,28.5,37.5,88.8,14.43,0,1.2,98,0.5831,-13.9,NONE,0,NONE,100,751.4
7.899999999999874,0,0,,4842.144417329484,79.65171292556812,842,844.9,842.1,842.5,105.4,105.8,106.4,105.5,1.43,3.84,98,0.298,26.5,0.937,28.4,37.7,88.9,14.48,0,1.1,97.9,0.584,-13.6,NONE,0,,,
7.999999999999872,0,0,,4846.01698910015,79.63486860514033,843,843.3,842.3,843.9,106.4,106.1,106.2,106.3,1.434,3.88,98,0.276,26.6,0.939,28.4,38.1,88.9,14.46,0,1,98,0.5821,-13.7,NONE,0,,,
8.09999999999987,0,0,,4846.342839637167,79.58396288775916,841,842.7,846.6,843.4,106.3,106.7,106.1,105.9,1.436,3.8,98.1,0.29,26.5,0.94,28.4,38.4,88.1,14.45,0,1.2,98,0.583,-13.8,NONE,0,,,
8.199999999999868,0,0,,4835.923015812209,79.6997874944093,842.7,843.2,844.8,843.2,106.3,105.9,106.2,106.2,1.427,3.83,98,0.278,26.4,0.945,28.4,38,88.6,14.5,0,0.9,97.9,0.5831,-13.7,NONE,0,,,
8.299999999999866,0,0,,4845.119724047314,79.55820320167217,842.2,843.4,842.2,842.1,105.9,105.6,105.9,106.4,1.429,3.86,97.9,0.279,26.4,0.943,28.4,36.8,88.7,14.45,0,1.1,98.1,0.5832,-13.7,NONE,0,,,
8.399999999999864,0,0,,4844.915834053535,79.47891280020187,843.3,844.1,842.4,841.4,106.4,106,106.5,105.8,1.428,3.85,97.8,0.295,26.3,0.943,28.5,36.4,88.5,14.43,0,1.2,98,0.5837,-13.6,NONE,0,,,
8.499999999999861,0,0,,4841.92148029903,79.73559382143335,846.7,842.6,845.1,843.4,106.3,105.4,106,106.1,1.436,3.84,97.9,0.28,26.5,0.938,28.4,36.9,88.8,14.49,0,0.9,98,0.5835,-13.6,NONE,0,,,
8.59999999999986,0,0,,4846.7010961967,79.48681422795312,842.3,844.2,843.1,842.8,106.2,106,106.1,105.6,1.44,3.86,98.1,0.275,26.4,0.936,28.4,38.6,88.6,14.43,0,1,98,0.5834,-13.8,NONE,0,,,
8.699999999999857,0,0,,4849.148881198845,79.80495616137607,843,842.6,841.4,842,106.2,106.6,106.2,106.7,1.435,3.83,98,0.278,26.5,0.942,28.4,38,88.7,14.49,0,1.4,98,0.5832,-13.7,NONE,0,,,
8.799999999999855,0,0,,4843.8805874821555,79.55703936144252,842.1,843,842.5,842.8,106.5,106.6,106,106.2,1.443,3.84,98,0.274,26.4,0.942,28.3,38.6,88.2,14.45,0,1.1,98.1,0.5838,-13.6,NONE,0,,,
8.839999999999854,0,1,8.919999999999854,4842.608486972749,79.73053833544508,843.7,842.5,843.5,842.3,106.5,106.6,106.8,105.7,1.426,3.88,98,0.272,26.6,0.945,28.3,37.9,88.5,14.49,0,1,98.1,0.5842,-13.7,NONE,0,NONE,100,751.4
8.899999999999853,0,0,,4856.72322573315,79.67103451407382,843.3,842.7,841.3,845.5,106.1,106.4,106.5,106.3,1.436,3.83,98.1,0.287,26.4,0.943,28.3,37.8,88.4,14.44,0,1,98,0.583,-13.6,NONE,0,,,
8.99999999999985,0,0,,4847.095641583414,79.71334419846572,844.2,842.4,842.8,843.9,106.4,106,105.9,106.2,1.43,3.85,98,0.294,26.5,0.939,28.4,37.9,88.6,14.47,0,1.2,98,0.5832,-13.6,NONE,0,,,
9.099999999999849,0,0,,4847.99500569737,79.7891272276798,845.6,841.6,846.4,844.8,106.1,106.5,106.1,106.5,1.434,3.86,98.1,0.269,26.4,0.941,28.4,38.3,88.5,14.49,0,1,98.1,0.5838,-13.6,NONE,0,,,
9.199999999999847,0,0,,4849.80591344065,79.70499369437833,843.5,840.8,842.7,842.1,106.5,106,106.4,106.5,1.438,3.84,98.1,0.285,26.4,0.944,28.4,39,88.4,14.46,0,1.3,98.1,0.5838,-13.7,NONE,0,,,
9.299999999999844,0,0,,4852.243461162245,79.90312705488178,845.5,845.3,842.4,843,106.1,106.7,106.7,106.2,1.437,3.87,98.1,0.282,26.6,0.943,28.4,37.6,88.3,14.5,0,0.6,98.1,0.5834,-13.7,NONE,0,,,
9.399999999999842,0,0,,4849.299288995787,79.39607273051575,844.5,845.4,843.1,842.8,106.2,106.3,106.3,105.8,1.446,3.85,97.8,0.259,26.4,0.941,28.4,38.6,88.4,14.4,0,0.7,98.1,0.5829,-13.8,NONE,0,,,
9.49999999999984,0,0,,4848.7894825614685,79.66214171182182,843.3,842.9,844.4,843.5,106.4,106,106.5,106.5,1.441,3.88,98.2,0.279,26.6,0.939,28.4,38.3,88.6,14.46,0,1,98.1,0.5834,-13.8,NONE,0,,,
9.599999999999838,0,0,,4844.645341403007,79.72495606468968,843.2,845.7,843.6,843.5,106.4,105.9,106.3,106.1,1.438,3.89,98,0.286,26.5,0.942,28.4,38.7,88.4,14.48,0,1.1,98,0.5844,-13.7,NONE,0,,,
9.699999999999836,0,0,,4839.423861449075,79.8065760792265,843.6,843.2,845.3,842.1,106.3,106.7,105.9,106.7,1.45,3.81,98.2,0.275,26.5,0.943,28.6,38.9,88.8,14.52,0,0.7,98,0.5834,-13.7,NONE,0,,,
9.799999999999834,0,0,,4847.8815871432225,79.75335407907305,844.4,843.1,842.3,843.4,106.6,106.2,105.9,105.4,1.439,3.85,98,0.28,26.5,0.944,28.4,38.9,88.6,14.48,0,1.1,98.1,0.585,-13.8,NONE,0,,,
9.869999999999832,0,1,9.949999999999832,4858.451384908119,79.81274710935868,845,843,845.4,843.3,106.2,106.1,105.6,106.4,1.437,3.85,98.1,0.286,26.6,0.937,28.4,39.1,88.4,14.46,0,1.1,98.1,0.5831,-13.6,NONE,0,NONE,100,751.4
9.899999999999832,0,0,,4850.600066798043,79.81102120973239,843.6,840.9,839.8,844.8,106.2,106.4,106.5,105.8,1.438,3.86,97.9,0.272,26.5,0.943,28.5,38.9,88.3,14.48,0,1,98.1,0.5843,-13.6,NONE,0,,,
9.99999999999983,0,0,,4851.9753351383115,79.7024395572327,841.8,842.7,843.9,843.2,106.5,106.1,106.1,106,1.434,3.84,98,0.28,26.4,0.939,28.4,38.6,88.5,14.46,0,1.1,98,0.583,-13.7,NONE,0,,,
10.099999999999827,0,0,,4849.330766983159,79.92499044322354,843.7,845.1,843.3,844.4,105.8,106.4,105.8,106.2,1.45,3.86,97.9,0.296,26.6,0.942,28.4,39.7,88.6,14.51,0,1,98,0.5833,-13.5,NONE,0,,,
10.199999999999825,0,0,,4852.800374239861,79.66413984929198,843.5,842,844.5,844,106.4,106.4,105.7,105.8,1.44,3.85,98,0.273,26.5,0.942,28.4,39.8,88.3,14.45,0,1.3,98,0.5841,-13.7,NONE,0,,,
10.299999999999823,0,0,,4853.300704267488,79.84290303155643,844.1,841,843.8,842.1,106.3,106.2,106.7,106,1.435,3.86,98,0.278,26.6,0.942,28.4,39.8,88.4,14.48,0,1.1,98,0.5841,-13.8,NONE,0,,,
10.399999999999821,0,0,,4859.7930070753755,79.68167333815079,842.3,843.4,844.8,843.5,106,106.5,106.1,106.3,1.435,3.83,98.1,0.286,26.4,0.942,28.4,39.8,88.5,14.43,0,1.2,98.1,0.5834,-13.7,NONE,0,,,
10.499999999999819,0,0,,4849.271476514346,79.87654029315487,841.9,843.9,845,843,106.3,106.2,106,106.4,1.446,3.87,97.9,0.284,26.6,0.942,28.3,39.4,88.5,14.5,0,1.1,98.1,0.583,-13.6,NONE,0,,,
10.599999999999817,0,0,,4854.333417064494,79.87129479534315,843.2,844.3,844.7,844.9,105.9,106.3,105.9,106.5,1.435,3.88,98.1,0.285,26.6,0.942,28.4,40.2,88.6,14.49,0,1.3,98,0.5833,-13.9,NONE,0,,,
10.699999999999815,0,0,,4853.1070234453955,79.85067588148848,844.2,842.5,843.9,844.5,106.3,106.4,106.2,105.8,1.444,3.83,98.1,0.28,26.5,0.936,28.4,39.7,88.5,14.49,0,1,98.1,0.5838,-13.5,NONE,0,,,
10.799999999999812,0,0,,4860.121666657273,79.83025322675233,845.5,842.4,844.2,842.1,105.9,105.7,106.2,105.8,1.441,3.87,98.3,0.292,26.5,0.937,28.4,39.4,88.8,14.46,0,0.7,98,0.5826,-13.7,NONE,0,,,
10.869999999999811,0,1,10.949999999999811,4859.104532829471,79.79173924066097,845.8,842.5,844.7,843.2,106.3,106,106,106.1,1.439,3.86,97.9,0.286,26.5,0.948,28.4,39,88.7,14.46,0,0.8,98,0.5835,-13.8,NONE,0,NONE,99.9,751.4
10.89999999999981,0,0,,4857.094845816209,79.7290812683265,846.6,842.5,842.9,843.9,106.6,106.4,106.1,106.1,1.434,3.82,97.8,0.271,26.5,0.939,28.4,39.7,88.5,14.45,0,0.9,98,0.584,-13.7,NONE,0,,,
10.999999999999808,0,0,,4854.115782117415,79.93057223165101,843,842.9,844,843.9,105.7,106.2,105.7,106.1,1.444,3.84,98.2,0.287,26.6,0.938,28.3,39.2,88.3,14.5,0,1.2,98,0.5834,-13.7,NONE,0,,,
11.099999999999806,0,0,,4852.759705584045,79.86532679340176,844.6,840.3,846.2,842.7,106.1,106.5,106.3,106.2,1.439,3.85,98,0.285,26.5,0.938,28.4,40.2,88.7,14.49,0,1.3,98,0.5843,-13.6,NONE,0,,,
11.199999999999804,0,0,,4850.260981107032,79.79258744538701,845.6,843.5,844.7,842.5,106,106.1,106.1,106.2,1.44,3.85,98,0.272,26.5,0.94,28.4,39.6,88.7,14.48,0,1.3,97.9,0.5832,-13.7,NONE,0,,,
11.299999999999802,0,0,,4846.888449880157,79.89157157609715,843.7,842.9,840.7,846.3,106.5,106,106.4,106.5,1.441,3.87,98.1,0.288,26.6,0.938,28.5,39.3,88.3,14.51,0,1.1,98,0.5836,-13.7,NONE,0,,,
11.3999999999998,0,0,,4859.817547139237,79.63561918618596,843.8,844.9,843.9,843.9,106.5,105.7,106.3,106.8,1.446,3.87,98.1,0.271,26.5,0.94,28.5,40.4,88.5,14.42,0,1.1,98,0.5842,-13.8,NONE,0,,,
11.499999999999797,0,0,,4857.658597308875,79.82938080835312,842.4,846,844.2,846.1,106.9,106.2,106.5,105.9,1.446,3.83,98,0.288,26.5,0.941,28.3,39.4,88.6,14.47,0,0.9,98,0.5835,-13.6,NONE,0,,,
11.599999999999795,0,0,,4853.919703734432,80.0052302015393,845.3,843.9,841.6,842.1,106.4,106.3,106.6,106,1.444,3.86,98.1,0.281,26.6,0.939,28.4,40,88.2,14.52,0,1.1,98,0.5835,-13.8,NONE,0,,,
11.699999999999793,0,0,,4856.796725374295,79.78915228293012,844.3,843.9,843.5,843.4,106.4,106.4,105.8,106.5,1.447,3.9,98,0.284,26.5,0.932,28.4,39.6,88.5,14.46,0,1.1,98,0.5833,-13.9,NONE,0,,,
11.799999999999791,0,0,,4850.761513662687,79.9299777175014,843.3,843.8,843.1,845,106,106.1,106.3,106.1,1.445,3.84,98.3,0.29,26.5,0.938,28.4,39.8,88.3,14.51,0,1.1,98,0.5836,-13.7,NONE,0,,,
11.899999999999789,0,0,,4857.537612589107,79.7517511095432,847,844.9,845,844.3,105.9,106,106,106.2,1.452,3.84,98,0.275,26.4,0.94,28.4,39.2,88.5,14.45,0,1,98,0.5841,-13.8,NONE,0,,,
11.909999999999789,0,1,11.989999999999789,4861.692558587155,79.79750992499199,844.7,844.1,845.1,846.2,106.8,106.1,106.1,106.3,1.445,3.86,98,0.281,26.5,0.942,28.4,39.2,88.7,14.45,0,1.1,98,0.5841,-13.7,NONE,0,NONE,100,751.4
11.999999999999787,0,0,,4852.230028819219,79.9497835584527,843.7,844.3,846.3,843.1,106,106,106.3,106.3,1.447,3.87,98.1,0.291,26.6,0.941,28.4,38.5,88.7,14.51,0,1.1,98,0.5834,-13.7,NONE,0,,,
12.099999999999785,0,0,,4859.400553961839,79.8360202344329,841.4,845.2,842,844.1,106.2,106.1,106.3,106,1.436,3.84,98,0.28,26.6,0.944,28.4,39.5,88.5,14.46,0,1.1,98.1,0.5834,-13.6,NONE,0,,,
12.199999999999783,0,0,,4854.089231748992,79.8903689419737,844.4,843.2,844.6,844.3,106.2,106.7,106.3,106.1,1.445,3.85,98.1,0.293,26.5,0.946,28.4,39.1,88.5,14.49,0,1,98,0.5835,-13.7,NONE,0,,,
12.29999999999978,0,0,,4857.478487888975,79.89560583738108,842.5,842.7,847.6,844.1,106.6,106.3,106,106.8,1.437,3.86,98.2,0.277,26.5,0.941,28.5,38.5,88.7,14.48,0,1.2,98,0.5828,-13.6,NONE,0,,,
12.399999999999778,0,0,,4856.0528771145055,79.99273656750404,847,841.6,844.3,843,106,106.4,105.9,106.1,1.435,3.86,97.9,0.279,26.6,0.94,28.4,39.4,88.3,14.51,0,1.2,98,0.5844,-13.8,NONE,0,,,
12.499999999999776,0,0,,4853.276909458002,79.72967882961866,846.9,843.7,843.6,843.9,105.7,106.4,106,106.4,1.447,3.88,98,0.278,26.5,0.941,28.4,39.7,88.5,14.46,0,1.1,97.9,0.5835,-13.7,NONE,0,,,
12.599999999999774,0,0,,4850.145015640519,79.93748169210687,844.1,845.2,846.1,842.8,105.8,105.9,105.9,106,1.435,3.86,98,0.282,26.5,0.941,28.5,40,88.3,14.51,0,1,98,0.5835,-13.7,NONE,0,,,
12.699999999999772,0,0,,4862.00019087787,79.93785435388112,843.9,844.7,844.7,844.5,106.1,106.3,105.8,106,1.443,3.86,98,0.286,26.6,0.939,28.3,39.9,88.2,14.48,0,1,98,0.5836,-13.8,NONE,0,,,
12.79999999999977,0,0,,4856.4958424279985,79.90958268114255,843.4,845.6,845,845.2,106.1,106.5,106.7,106.5,1.442,3.83,98.1,0.29,26.6,0.943,28.3,40.3,88.2,14.49,0,1.1,98,0.584,-13.8,NONE,0,,,
12.899999999999768,0,0,,4852.561525132012,80.0263902630407,845,842.1,843.1,843.7,106.4,106.7,106,106.1,1.443,3.83,98.2,0.287,26.7,0.948,28.4,40,88.4,14.52,0,1.1,98,0.584,-13.7,NONE,0,,,
12.949999999999767,0,1,13.029999999999767,4859.291467504623,79.9423497180557,845.7,844.8,845,842.4,106.4,105.9,106.6,106.4,1.444,3.87,98.1,0.301,26.5,0.938,28.3,40.5,88.4,14.49,0,0.8,98.1,0.5834,-13.6,NONE,0,NONE,99.9,751.4
12.999999999999766,0,0,,4853.946988421566,79.94905218357778,842,844.9,843.7,843.4,105.8,105.9,105.7,106,1.446,3.85,97.9,0.288,26.6,0.944,28.4,39.6,88.6,14.5,0,1.2,98.1,0.5829,-13.6,NONE,0,,,
13.099999999999763,0,0,,4860.271752974613,80.1038741420084,843.2,843.8,843.4,843.9,106.8,105.9,106.4,106.5,1.436,3.85,98,0.286,26.7,0.94,28.4,39.4,88.7,14.52,0,1,98.1,0.5838,-13.6,NONE,0,,,
13.199999999999761,0,0,,4859.118559308575,80.05807984407453,846.9,841.4,845.3,842.7,106.1,106.3,106.8,106.4,1.436,3.8,98.1,0.283,26.7,0.94,28.3,39.9,88.6,14.51,0,0.9,98.1,0.5843,-13.8,NONE,0,,,
13.29999999999976,0,0,,4854.791065470103,79.90277102257,845.1,844.4,843.5,843.6,106.2,106.4,106,106.2,1.441,3.84,98.1,0.28,26.6,0.939,28.4,39.7,88.4,14.49,0,0.9,98,0.5835,-13.7,NONE,0,,,
13.399999999999757,0,0,,4857.851812584473,79.9464749577022,846.5,843.6,844.6,844.8,105.9,106.4,106,106.2,1.438,3.82,98,0.295,26.5,0.947,28.4,39,88.2,14.49,0,0.9,98,0.584,-13.8,NONE,0,,,
13.499999999999755,0,0,,4860.721173137925,79.94222249991934,843.8,845.1,845.2,845.2,106.1,106,106,105.9,1.448,3.9,98.1,0.289,26.6,0.941,28.4,39.3,88.6,14.48,0,0.9,98.1,0.584,-13.8,NONE,0,,,
13.599999999999753,0,0,,4854.928880726994,80.03866743946124,844,844.3,844.7,845.2,106.2,106.2,106.7,106.5,1.442,3.84,98.2,0.294,26.6,0.942,28.4,40.2,88.3,14.52,0,1.1,98.1,0.5835,-13.9,NONE,0,,,
13.69999999999975,0,0,,4861.553901460995,80.10793377795697,844,844.6,844.5,845.3,105.8,106.3,106.3,106.1,1.436,3.87,98,0.277,26.6,0.937,28.5,39.3,88.4,14.51,0,0.8,98.1,0.5847,-13.8,NONE,0,,,
13.799999999999748,0,0,,4860.9841928835785,79.86151340796827,843.4,844.4,843.9,843.8,106.7,106.4,106.7,106.2,1.441,3.86,98.1,0.265,26.6,0.941,28.3,39.7,88.5,14.47,0,0.8,98.1,0.5828,-13.8,NONE,0,,,
13.899999999999746,0,0,,4857.430782085582,79.98464362727414,844.6,844.6,845,844.2,106.5,106.3,105.8,106,1.441,3.82,98,0.291,26.7,0.934,28.4,40.6,88.4,14.5,0,0.9,98,0.5849,-13.6,NONE,0,,,
13.989999999999744,0,1,14.069999999999744,4859.896188454843,79.7540741906132,843,844.8,845.1,844.4,106.6,107.1,107,106.1,1.447,3.84,98.1,0.282,26.4,0.944,28.4,38.8,88.5,14.45,0,1.3,98,0.5842,-13.6,NONE,0,NONE,99.9,751.4
13.999999999999744,0,0,,4860.272555002712,80.01497041837838,844,844.7,843.9,841.8,105.7,106.6,106.1,106.1,1.447,3.9,98.2,0.279,26.6,0.94,28.3,39.6,88.4,14.5,0,1,98,0.5834,-13.7,NONE,0,,,
14.099999999999742,0,0,,4853.499621954223,80.0225952505437,842.9,842.4,845.6,844.7,105.9,106.8,106.4,106.1,1.44,3.85,98.1,0.294,26.6,0.942,28.4,40.3,88.3,14.52,0,0.9,98.1,0.5848,-13.7,NONE,0,,,
14.19999999999974,0,0,,4858.278869830685,79.83329871603321,843.6,843.8,845.3,843.2,106.5,106.5,106.4,106.1,1.444,3.86,97.9,0.28,26.5,0.941,28.4,39.7,88.6,14.47,0,1.2,98,0.5846,-13.7,NONE,0,,,
14.299999999999738,0,0,,4863.06569549138,79.94958135663659,845.9,841.8,845.7,845.6,106,107,106.5,106.1,1.447,3.86,98.1,0.269,26.6,0.939,28.3,39.8,88.4,14.48,0,0.9,98,0.5842,-13.6,NONE,0,,,
14.399999999999736,0,0,,4861.679530297343,80.09489294263368,843.8,844.6,846,843.8,106.1,106,106.8,106.1,1.427,3.87,98.1,0.282,26.6,0.941,28.4,39.2,88.7,14.51,0,1.1,98,0.5838,-13.6,NONE,0,,,
14.499999999999734,0,0,,4862.233453213694,80.07060448704696,844.6,844.8,843.7,844.2,106.3,106.6,106,106.1,1.449,3.84,98.1,0.288,26.7,0.94,28.4,39,88.6,14.51,0,0.8,98,0.584,-13.5,NONE,0,,,
14.599999999999731,0,0,,4861.873915814808,79.91560777372415,845.3,844.7,844.5,844.2,106.1,106.4,106.6,106.6,1.44,3.82,98.1,0.277,26.6,0.942,28.4,39.4,88.6,14.47,0,1.2,97.9,0.583,-13.8,NONE,0,,,
14.69999999999973,0,0,,4872.286499865496,79.92993790198904,845.5,843.9,842.7,845.2,106,106.5,106.2,106.5,1.443,3.84,98.1,0.296,26.5,0.942,28.4,39.9,88.3,14.45,0,1,98,0.5841,-13.7,NONE,0,,,
14.799999999999727,0,0,,4854.425202073111,80.07913852560185,845,845.3,842.4,845.1,107.1,106.3,106.6,106.4,1.439,3.85,98,0.279,26.6,0.939,28.4,39.9,88.5,14.53,0,1.1,98,0.5828,-13.8,NONE,0,,,
14.899999999999725,0,0,,4859.671930230645,79.9301632768042,844.4,842.8,843.6,844.8,106.8,106.2,106.4,106.1,1.448,3.88,98,0.281,26.6,0.935,28.4,40.8,88.4,14.48,0,1,98.1,0.5841,-13.9,NONE,0,,,
14.999999999999723,0,0,,4865.4454205451075,80.10478935535004,845.6,844.6,846.4,845.8,106.5,106.3,106.2,106.4,1.444,3.84,98.2,0.304,26.6,0.936,28.4,40.7,88.6,14.5,0,1.2,98.1,0.584,-13.6,NONE,0,,,
15.019999999999722,0,1,15.099999999999723,4858.750341721014,80.08713554901144,846.6,842.8,845.1,844.5,106.2,106.2,106.4,106.2,1.448,3.88,97.9,0.284,26.6,0.943,28.4,40.9,88.3,14.52,0,1.1,98,0.5835,-13.6,NONE,0,NONE,99.9,751.4
15.09999999999972,0,0,,4851.229846700452,79.90704061716438,844.3,846.1,843.3,844.3,106,106.5,106.1,106.4,1.44,3.85,97.9,0.274,26.5,0.942,28.4,40.8,88.7,14.5,0,0.9,98.1,0.5842,-13.7,NONE,0,,,
15.199999999999719,0,0,,4865.164193614287,79.9804546741672,847.3,844.2,846.7,843.6,106.1,105.6,106.7,106,1.445,3.82,98,0.286,26.6,0.945,28.4,40.7,88.1,14.48,0,1,98,0.5823,-13.9,NONE,0,,,
15.299999999999716,0,0,,4862.789511269772,79.88474689882435,844.2,842.2,845.5,845.4,106.4,106.1,106.4,106.2,1.447,3.83,97.8,0.272,26.5,0.94,28.4,40.9,88.4,14.47,0,0.8,98,0.5834,-13.8,NONE,0,,,
15.399999999999714,0,0,,4865.710989637825,80.0474095285595,845.2,843.9,844,845.7,106.7,106.5,106.4,106.3,1.45,3.87,98,0.286,26.6,0.945,28.4,41.3,88.5,14.49,0,1.1,98,0.584,-13.6,NONE,0,,,
15.499999999999712,0,0,,4851.761302329789,80.06998195705638,841.9,844.3,842.2,844.7,106,106.6,106,106.9,1.444,3.85,98.1,0.281,26.5,0.945,28.4,41.1,88.6,14.53,0,0.9,98,0.584,-13.7,NONE,0,,,
15.59999999999971,0,0,,4861.970078440246,80.02633979804578,844.7,845.9,846.1,842.4,106.6,106.2,106.7,106.6,1.442,3.88,98.2,0.288,26.7,0.941,28.4,41.4,88.6,14.5,0,1.2,98,0.5832,-13.6,NONE,0,,,
15.699999999999708,0,0,,4863.753285563788,80.0097304320468,842,844.6,844,844.3,105.9,105.9,106,106.3,1.445,3.84,98.1,0.286,26.6,0.937,28.4,41.2,88.2,14.49,0,1,97.9,0.5833,-13.7,NONE,0,,,
15.799999999999706,0,0,,4858.885633016259,80.07904588552618,845.2,843.6,845.3,845.8,106.7,106.7,106.5,106.3,1.443,3.85,98.1,0.271,26.6,0.938,28.4,40.2,88.5,14.52,0,1,98.1,0.5832,-13.7,NONE,0,,,
15.899999999999704,0,0,,4856.7808334618985,79.87681497703302,843.8,844.7,845.7,845.3,105.9,106.2,106.1,106.1,1.443,3.87,98.1,0.275,26.6,0.933,28.4,40.7,88.4,14.48,0,1,98.1,0.5827,-13.7,NONE,0,,,
15.999999999999714,0,0,,4862.401326031244,80.1021655609228,844.9,843.6,842.1,846,106.9,106.2,106.5,106.4,1.437,3.86,98,0.271,26.6,0.939,28.4,40.8,88.5,14.51,0,1.2,98,0.583,-13.6,NONE,0,,,
16.02999999999972,0,1,16.10999999999972,4868.938024235587,79.9650344849017,844.8,845.6,844.9,842.2,106.5,106.1,106,106.7,1.44,3.87,98.1,0.285,26.5,0.944,28.4,40.4,88.2,14.46,0,1.3,98,0.5838,-13.8,NONE,0,NONE,100,751.4
16.09999999999973,0,0,,4859.079919927425,79.97470309190375,844.9,842.2,846.4,845.9,106.4,106.7,106.2,105.9,1.441,3.89,97.9,0.279,26.5,0.941,28.4,40,88.5,14.49,0,1,98,0.5856,-13.8,NONE,0,,,
16.199999999999747,0,0,,4853.207205125719,80.07689774599442,844,843,840.1,842.9,106.4,105.8,106.5,106.3,1.441,3.87,98.1,0.296,26.7,0.944,28.4,40.9,88.6,14.53,0,1,98,0.5829,-13.6,NONE,0,,,
16.299999999999763,0,0,,4852.43191097948,80.07382829882347,844.3,844.9,846.2,845.5,106.4,106.9,106.1,106.2,1.44,3.84,98.1,0.289,26.7,0.941,28.4,39.6,88.3,14.53,0,1.3,98,0.583,-13.7,NONE,0,,,
16.39999999999978,0,0,,4859.502212563447,80.03457084675024,845.3,846,845.8,845.5,106.4,106.9,106.4,106.6,1.445,3.82,98.1,0.283,26.7,0.941,28.4,41.4,88.7,14.51,0,1,98,0.5831,-13.6,NONE,0,,,
16.499999999999794,0,0,,4864.939699008032,79.98217226714277,844.3,844.4,843.7,843,106,106.5,106.9,106.4,1.435,3.86,97.9,0.281,26.6,0.942,28.4,42.1,88.6,14.48,0,1.1,98,0.5843,-13.8,NONE,0,,,
16.59999999999981,0,0,,4859.858677633085,79.98522412863032,844.2,843.9,845.8,844.6,106,106.7,106.4,106.1,1.443,3.87,98.1,0.274,26.6,0.938,28.3,41,88.6,14.49,0,1.7,98,0.584,-13.6,NONE,0,,,
16.699999999999825,0,0,,4856.157370249599,79.87611841703857,846.2,841.7,845.4,842.4,106.6,106.7,106.1,106.2,1.442,3.83,98.1,0.301,26.4,0.941,28.4,41.6,88.7,14.48,0,0.9,98,0.5841,-13.8,NONE,0,,,
16.79999999999984,0,0,,4853.408346328287,79.9475566091073,843.8,845.7,843.5,846.6,106.5,106.6,106.2,106.2,1.434,3.85,98.2,0.286,26.7,0.94,28.4,41,88.8,14.5,0,1.2,98.1,0.5837,-13.6,NONE,0,,,
16.899999999999856,0,0,,4866.011584022537,80.02093591245927,844.6,844.7,843.2,843.9,106.2,106.5,106.4,106.9,1.441,3.84,98.2,0.282,26.5,0.942,28.4,41.3,88.5,14.48,0,1.1,98,0.5836,-13.7,NONE,0,,,
16.999999999999872,0,0,,4864.495690869604,80.09366904791301,845.6,844.5,846,844.1,106.3,106.4,106,106.9,1.443,3.87,98.1,0.273,26.6,0.937,28.4,41.9,88.7,14.5,0,1.3,98.1,0.5832,-13.7,NONE,0,,,
17.029999999999877,0,1,17.109999999999875,4854.714555251667,79.98358093579441,844.1,844.8,842.7,844.7,107.1,106.2,105.8,106.3,1.445,3.82,98,0.269,26.7,0.939,28.4,41.1,88.4,14.51,0,1.2,98.1,0.5841,-13.6,NONE,0,NONE,100,751.4
17.099999999999888,0,0,,4861.114851833304,80.03686963158792,842.8,845.6,842,842.8,106.1,106.4,107,106.5,1.435,3.88,98,0.294,26.6,0.946,28.3,41.3,88.5,14.5,0,1.2,98,0.5829,-13.8,NONE,0,,,
17.199999999999903,0,0,,4865.480473593823,79.8383273446451,843.9,845.5,844.6,843.7,106.5,106.5,106.4,106,1.435,3.84,97.9,0.277,26.5,0.941,28.3,41.9,88.5,14.45,0,1.2,98,0.5836,-13.6,NONE,0,,,
17.29999999999992,0,0,,4854.157364011555,80.0432287708106,842.9,843.6,843.1,846.1,106.3,106.6,107,106.4,1.45,3.85,98.1,0.272,26.7,0.938,28.4,41.5,88.3,14.52,0,1.1,98,0.5837,-13.6,NONE,0,,,
17.399999999999935,0,0,,4861.759032068436,79.91734999869412,844.6,845.1,845.7,843.8,106.9,106.2,106.7,106.1,1.433,3.83,98.2,0.266,26.6,0.939,28.4,40.7,88.7,14.47,0,1.2,98,0.5838,-13.7,NONE,0,,,
17.49999999999995,0,0,,4861.664302719901,80.10684824097052,844.5,842.4,842.3,843.6,106.2,106.4,106.1,106.5,1.446,3.85,97.9,0.275,26.6,0.94,28.4,40.6,88.8,14.51,0,1.2,98,0.5837,-13.6,NONE,0,,,
17.599999999999966,0,0,,4858.558539680081,80.04483352574137,845,844.5,847.2,840.6,106.4,105.8,106.1,106.3,1.446,3.86,98.2,0.281,26.6,0.936,28.4,40.8,88.3,14.51,0,1.1,98,0.584,-13.6,NONE,0,,,
17.69999999999998,0,0,,4863.650585266214,80.14953116564075,844.5,845.1,845.2,844.8,106.4,106.4,106.2,106.6,1.436,3.86,98.1,0.298,26.6,0.935,28.4,41.3,88.2,14.52,0,1,98,0.5834,-13.8,NONE,0,,,
17.799999999999997,0,0,,4858.150110439069,79.97815514434183,844.6,843.7,845.4,843.3,106.7,106.6,106.1,106.3,1.444,3.79,98.1,0.283,26.6,0.94,28.4,40.8,89,14.5,0,1.3,98,0.5836,-13.7,NONE,0,,,
17.900000000000013,0,0,,4861.6978765803915,79.94294300317694,843.8,845.5,844.2,841.9,106.1,106.4,106.2,106.1,1.448,3.88,98,0.282,26.6,0.938,28.4,41.3,88.2,14.48,0,1.1,98,0.5838,-13.6,NONE,0,,,
18.00000000000003,0,0,,4856.9959495996645,80.03616956823618,846,844.8,845,846.2,106.2,106.4,106.6,106.8,1.441,3.86,98.1,0.293,26.5,0.934,28.4,40.2,88.4,14.51,0,1.2,97.9,0.5839,-13.6,NONE,0,,,
18.100000000000044,0,0,,4853.5314169373905,80.00378438898225,845.3,844.1,843.2,844.1,106.2,106.2,106.3,106.4,1.442,3.84,98,0.284,26.6,0.943,28.4,40.6,88.4,14.52,0,1.1,98.1,0.5834,-13.7,NONE,0,,,
18.110000000000046,0,1,18.190000000000044,4859.8381148929375,79.88092377518488,844.7,843.7,847.2,844.7,106.2,105.8,106.8,106,1.447,3.83,98.1,0.265,26.6,0.933,28.4,40.5,88.5,14.47,0,0.8,98.1,0.5835,-13.8,NONE,0,NONE,100,751.4
18.20000000000006,0,0,,4858.607988082741,79.93816713872617,842.7,843.8,843.9,845.1,106.5,106.4,106.3,106.4,1.441,3.85,98,0.284,26.5,0.942,28.4,40.5,88.8,14.49,0,1.1,98,0.584,-13.8,NONE,0,,,
18.300000000000075,0,0,,4855.815785753928,79.9756249967765,843.3,844.7,845.6,844.1,106.5,106.5,106,106.7,1.44,3.83,98.1,0.281,26.5,0.94,28.4,40.5,88.5,14.5,0,1.2,97.9,0.5839,-13.8,NONE,0,,,
18.40000000000009,0,0,,4859.589939727373,79.91479445357378,845.9,842.6,844.3,845.6,106.9,106.9,105.7,106.5,1.444,3.85,98.1,0.288,26.5,0.936,28.4,40.7,88.4,14.48,0,1.1,98,0.5837,-13.6,NONE,0,,,
18.500000000000107,0,0,,4858.898014097416,79.98575819697261,845.5,843.7,842.2,843.3,106.7,106.8,106.1,106.3,1.438,3.87,98.1,0.272,26.6,0.937,28.4,40.4,88,14.5,0,0.9,98,0.5835,-13.9,NONE,0,,,
18.600000000000122,0,0,,4857.673957085787,80.02044999895683,844.3,843.4,843.2,843.2,106.4,106.3,106.2,106.4,1.443,3.84,98.2,0.294,26.6,0.941,28.5,41.4,88.4,14.51,0,1.1,98,0.5839,-13.7,NONE,0,,,
18.700000000000138,0,0,,4859.683264837128,79.70066631110642,844.7,845.4,845.5,844.1,106.3,106.4,106.3,106.6,1.446,3.85,98,0.276,26.5,0.94,28.4,41.2,88.7,14.44,0,1.3,98,0.5834,-13.7,NONE,0,,,
18.800000000000153,0,0,,4857.438322754903,79.94624289418695,844.4,842.6,844.3,843.1,105.8,106.2,106.2,106.5,1.439,3.85,98.1,0.267,26.5,0.945,28.5,40.5,88.6,14.49,0,1.3,98,0.5836,-13.6,NONE,0,,,
18.90000000000017,0,0,,4861.882323724119,79.78338470516978,844.6,845.3,841.1,846.1,106.6,106.8,106.9,106.9,1.446,3.86,98,0.275,26.5,0.941,28.4,40.9,88.6,14.45,0,1,98,0.5839,-13.8,NONE,0,,,
19.000000000000185,0,0,,4854.995480853884,79.76530751762735,844.4,844,845.7,843.4,106.2,106.8,106.5,106.5,1.451,3.85,98,0.267,26.5,0.939,28.3,41.1,88.4,14.46,0,0.9,97.9,0.584,-13.6,NONE,0,,,
19.1000000000002,0,0,,4858.069955340115,79.76774285986812,841.1,844.5,847.2,845.4,106.2,106.8,106.5,106.2,1.444,3.85,98.1,0.276,26.6,0.939,28.4,39.5,88.4,14.45,0,1.1,98,0.5843,-13.8,NONE,0,,,
19.110000000000202,0,1,19.1900000000002,4851.198042278765,79.95116300253983,844.7,843.4,843.4,844.9,106.8,106.1,106.3,106.5,1.433,3.84,98,0.279,26.6,0.943,28.4,41.2,88.6,14.51,0,1.1,98,0.5834,-13.6,NONE,0,NONE,100,751.4
19.200000000000216,0,0,,4852.955782140068,79.91059215718943,842.3,845.1,843.7,843.9,106.6,106.8,106.1,105.9,1.448,3.87,98,0.285,26.5,0.944,28.3,40.9,88.7,14.5,0,1,98,0.5825,-13.5,NONE,0,,,
19.30000000000023,0,0,,4861.446237038109,79.90053521368867,845.6,843.9,847.2,842.9,106.6,106,107.1,106.4,1.439,3.84,98.2,0.281,26.6,0.938,28.3,41.9,88.5,14.47,0,1.2,98.1,0.5836,-13.9,NONE,0,,,
19.400000000000247,0,0,,4855.1504035474545,79.90521439952039,843.3,845.9,845.2,844.4,106.6,105.9,106.2,106.3,1.439,3.87,98.2,0.292,26.6,0.948,28.4,40.5,88.8,14.49,0,1.3,98.1,0.5828,-13.8,NONE,0,,,
19.500000000000263,0,0,,4860.469256201498,79.76244193762653,843.7,842.9,844.1,844.1,106.8,106.1,106.7,106.1,1.444,3.87,98.2,0.282,26.4,0.939,28.4,40.5,88.7,14.45,0,1,98.1,0.5839,-13.6,NONE,0,,,
19.60000000000028,0,0,,4853.647466710956,79.83877828272266,842.3,844.5,844.6,844.3,106.6,105.9,106.7,106.2,1.446,3.88,98.2,0.276,26.6,0.935,28.4,41.4,88.6,14.48,0,0.9,98,0.5835,-13.6,NONE,0,,,
19.700000000000294,0,0,,4856.880231207017,79.94836554030856,843.2,846.3,843.8,842.4,106.7,106.4,106.5,106.4,1.447,3.85,98,0.287,26.5,0.94,28.3,40.9,88.4,14.49,0,0.9,98,0.5839,-13.7,NONE,0,,,
19.80000000000031,0,0,,4858.337410784268,79.81049699524257,845.9,844.2,842.1,844.3,106.3,106.2,106.8,105.7,1.443,3.84,98.2,0.279,26.5,0.941,28.3,41.5,88.6,14.46,0,1,98,0.5836,-13.8,NONE,0,,,
19.900000000000325,0,0,,4860.6266413206295,79.89334663397482,843.4,844.9,844.3,844.6,106.2,106.5,106.3,107,1.442,3.86,98,0.281,26.5,0.943,28.4,41,88.4,14.47,0,1.1,98.2,0.5835,-13.7,NONE,0,,,
20.00000000000034,0,0,,4850.404424402167,79.81917459066261,844.9,843.2,843.4,844.2,106.5,106.2,106.1,106.3,1.444,3.87,98,0.28,26.6,0.94,28.4,41,88.3,14.49,0,1,98,0.5846,-13.7,NONE,0,,,
20.100000000000357,0,0,,4863.220588487504,79.82708760912037,844.4,845.3,844.8,842.2,106.2,106.7,106.2,106.4,1.446,3.85,98.1,0.274,26.6,0.943,28.4,41.7,88.8,14.45,0,1,98,0.5844,-13.8,NONE,0,,,
20.12000000000036,0,1,20.200000000000358,4850.607546385826,79.84421306755772,844.1,843.7,844.9,845.9,106.8,106.3,106.7,106.5,1.433,3.88,98.2,0.279,26.6,0.938,28.4,41.5,88.8,14.49,0,0.9,98,0.5835,-13.7,NONE,0,NONE,100,751.4
20.200000000000372,0,0,,4858.508974468292,79.69587961206186,843.5,844.9,843.9,846.7,106.9,106.7,106.1,106.6,1.448,3.84,98.1,0.269,26.6,0.941,28.4,41.5,88.6,14.44,0,1,98,0.5838,-13.8,NONE,0,,,
20.300000000000388,0,0,,4854.222905357476,79.81597514172701,842.9,845.6,845.2,844.2,106.7,105.8,106.2,106.2,1.43,3.82,98.3,0.283,26.5,0.936,28.4,41.5,88.5,14.48,0,1,98,0.5833,-13.8,NONE,0,,,
20.400000000000404,0,0,,4854.5967294197135,79.70882793207605,846.6,844.8,845.9,846.3,106.7,106.3,106,106.5,1.444,3.83,98.2,0.279,26.6,0.939,28.3,41.7,88.3,14.45,0,1,98,0.5834,-13.6,NONE,0,,,
20.50000000000042,0,0,,4854.159388057222,79.9396713163047,843.7,842.8,846.2,846.3,106.9,106.4,106.5,106,1.438,3.81,98.1,0.29,26.6,0.938,28.3,41.6,88.4,14.5,0,1,98.1,0.5836,-13.6,NONE,0,,,
20.600000000000435,0,0,,4857.912315160496,79.71012010276662,844.1,843.6,842.6,845.3,106.5,106.3,106.2,106.7,1.442,3.91,98,0.279,26.5,0.939,28.3,42.1,88.7,14.44,0,0.9,98,0.5844,-13.8,NONE,0,,,
20.70000000000045,0,0,,4857.601642095384,79.9165313498182,843.9,843,841.3,843.7,106.6,106,106.5,106.1,1.443,3.87,98,0.271,26.5,0.938,28.4,42.1,88.5,14.49,0,1.2,98,0.5834,-13.7,NONE,0,,,
20.800000000000466,0,0,,4845.422158045788,79.69891797752663,843.6,844.8,842.5,842.6,106.5,106.3,106.7,106.4,1.438,3.85,98,0.288,26.5,0.938,28.3,40.9,88.6,14.48,0,1.2,98,0.5836,-13.8,NONE,0,,,
20.90000000000048,0,0,,4849.40061291957,79.68602389936125,842.8,843.4,843.9,841.6,106.4,106.6,106.6,105.6,1.447,3.88,98.1,0.279,26.5,0.942,28.3,41.9,88.2,14.46,0,1,98,0.5838,-13.7,NONE,0,,,
21.000000000000497,0,0,,4845.663919865986,79.74600592314405,845.5,845.9,845.1,843.5,106.4,106.4,106.2,106.3,1.442,3.86,98.1,0.286,26.4,0.941,28.4,42.6,88.8,14.48,0,1,98,0.5835,-13.8,NONE,0,,,
21.100000000000513,0,0,,4850.108205253215,79.82905564485476,843.3,843.3,841.8,844.2,106.6,107,106.1,106.3,1.436,3.86,98.1,0.302,26.6,0.939,28.4,41.7,88.5,14.49,0,1.2,98.1,0.5844,-13.7,NONE,0,,,
21.120000000000516,0,1,21.200000000000514,4843.720674348413,79.75144986846404,844.1,844.2,842.8,844,106.1,106.5,106,106.5,1.438,3.86,98,0.279,26.5,0.939,28.3,42.1,88.2,14.49,0,1.2,98,0.5833,-13.7,NONE,0,NONE,99.9,751.4
21.20000000000053,0,0,,4853.019173995773,79.79564988328849,843.6,843.3,845.8,844.1,106.5,106.1,106,106.9,1.434,3.86,97.9,0.301,26.5,0.942,28.4,42.3,88.3,14.47,0,0.9,98,0.5839,-13.6,NONE,0,,,
21.300000000000544,0,0,,4851.747140588623,79.88807815000075,844.7,844.1,844,841.1,105.9,106.3,106.1,106.5,1.436,3.89,98.1,0.279,26.4,0.941,28.4,41.4,88.5,14.5,0,1.2,98,0.583,-13.9,NONE,0,,,
21.40000000000056,0,0,,4851.764338685116,79.75418368561648,844.5,843.8,844.9,844.6,106.1,106.7,106.3,106.5,1.433,3.84,98.2,0.277,26.5,0.938,28.4,41.1,88.5,14.47,0,0.9,98,0.5844,-13.7,NONE,0,,,
21.500000000000576,0,0,,4852.465226416323,79.90459151010987,846.5,843.7,845.3,842.9,106.3,105.9,106.1,106.9,1.443,3.81,98,0.273,26.5,0.932,28.3,41.2,88.1,14.5,0,1.1,98.1,0.5836,-13.7,NONE,0,,,
21.60000000000059,0,0,,4854.522034024534,79.71600801673483,844.1,845.4,842.3,843.6,106.5,106.7,106.7,106.2,1.434,3.88,98.3,0.282,26.6,0.944,28.4,41.6,88.7,14.45,0,1,98,0.5834,-14,NONE,0,,,
21.700000000000607,0,0,,4848.127914367611,79.6890047008663,843.6,844,840.1,844.8,107.1,107,106,106.3,1.435,3.9,98.2,0.262,26.4,0.937,28.5,40.9,88.5,14.47,0,1.2,98,0.5837,-13.9,NONE,0,,,
21.800000000000622,0,0,,4840.93950562792,79.73270376689395,843.2,845.6,841.9,841.7,106.2,106.3,106.3,106,1.445,3.83,98.1,0.273,26.5,0.941,28.4,40.2,88.4,14.5,0,1.3,98,0.5836,-13.8,NONE,0,,,
21.900000000000638,0,0,,4851.392082501841,79.66530025392697,844.9,843.4,844.6,843.4,106.7,106.4,106.3,106.8,1.435,3.84,98,0.286,26.4,0.945,28.4,39.8,88.5,14.45,0,1.3,98.2,0.5834,-13.6,NONE,0,,,
22.000000000000654,0,0,,4848.385044585112,79.69955879106597,843.6,845.7,842.1,842.3,106.6,106.9,106.1,106.2,1.438,3.85,98.3,0.284,26.4,0.939,28.4,40.7,88.7,14.47,0,0.9,98,0.5832,-13.7,NONE,0,,,
22.10000000000067,0,0,,4852.401607360515,79.61549289927193,843.6,845.1,844.2,842.1,106,106.3,106.4,106.3,1.429,3.86,98.2,0.302,26.4,0.942,28.4,40.7,88.6,14.44,0,1.3,98,0.5838,-13.7,NONE,0,,,
22.17000000000068,0,1,22.25000000000068,4844.633739869685,79.72820067260828,843,842.5,843.5,844.9,107,106.4,106.1,106.1,1.432,3.86,98.1,0.287,26.5,0.942,28.4,41.3,88.3,14.48,0,1.2,98,0.5824,-13.7,NONE,0,NONE,100,751.4
22.200000000000685,0,0,,4841.2087096596515,79.8115206897372,846.6,843.1,844.5,844.7,106.3,106.7,106.4,106.5,1.441,3.86,98,0.286,26.5,0.939,28.4,40.9,88.4,14.51,0,1.3,98.1,0.5833,-13.6,NONE,0,,,
22.3000000000007,0,0,,4841.724720596532,79.75420986179323,845.1,844.4,844,844.6,106.4,106.8,106.9,106.5,1.439,3.89,98.1,0.275,26.5,0.939,28.3,40.7,88.7,14.5,0,1.2,98,0.5844,-13.7,NONE,0,,,
22.400000000000716,0,0,,4856.478852395691,79.67143145626535,844.4,844.2,842.7,844.6,106.9,107.5,106.6,106.1,1.431,3.86,98.2,0.274,26.5,0.94,28.4,40.8,88.6,14.44,0,0.8,98,0.5838,-13.6,NONE,0,,,
22.500000000000732,0,0,,4843.5379612074785,79.718467584275,842.6,844.6,844.4,842.4,106.3,106.2,106.7,106.5,1.435,3.85,98,0.276,26.6,0.94,28.5,41.4,88.3,14.49,0,1.3,98,0.5844,-13.8,NONE,0,,,
22.600000000000747,0,0,,4852.054844861977,79.48512130115344,843,841.6,846.1,843.2,106.1,106.5,106.7,106.3,1.437,3.84,98.2,0.278,26.4,0.941,28.4,41.6,88.2,14.41,0,1.3,98,0.5834,-13.7,NONE,0,,,
22.700000000000763,0,0,,4842.05472670611,79.71094107087801,842.2,843.4,843.7,844.8,106.6,106.9,106.4,107.1,1.433,3.89,98.1,0.293,26.5,0.936,28.4,41.8,88.7,14.49,0,1.2,98.1,0.5837,-13.9,NONE,0,,,
22.80000000000078,0,0,,4843.285022632799,79.534029632496,843.9,844.1,843.5,843.2,106.1,107.2,106.5,106.6,1.427,3.83,98.4,0.277,26.5,0.941,28.3,41.8,88.4,14.45,0,1.1,98,0.5836,-13.8,NONE,0,,,
22.900000000000794,0,0,,4837.6957229716145,79.63908560685886,844.4,843.5,844.8,844.9,106,106.9,106.5,106.4,1.43,3.86,98,0.3,26.5,0.937,28.4,41.2,88.3,14.49,0,1,98,0.5836,-13.7,NONE,0,,,
23.00000000000081,0,0,,4836.97422978049,79.62524705593628,842.4,841.4,842.4,843.7,106.7,106.6,106,106.5,1.44,3.84,98.2,0.294,26.4,0.941,28.4,42.6,88.5,14.48,0,1.2,98,0.5833,-13.8,NONE,0,,,
23.100000000000826,0,0,,4843.992310810141,79.5444581193688,843.4,843.8,843.9,844.2,106.8,106.4,106.3,106.4,1.433,3.86,98.2,0.279,26.5,0.939,28.4,41.7,88.6,14.45,0,1.2,98.1,0.5837,-13.8,NONE,0,,,
23.20000000000084,0,0,,4844.204805027126,79.47139917787008,847.4,846.2,843.3,844.4,105.7,106.2,106.5,106.1,1.433,3.86,98.1,0.274,26.4,0.933,28.5,41.6,88.6,14.43,0,1.3,98.1,0.5834,-13.7,NONE,0,,,
23.230000000000846,0,1,23.310000000000844,4839.730878108595,79.84837334527154,843,843.1,841.7,842.7,106.2,106.7,107.1,106.6,1.431,3.81,98.2,0.27,26.5,0.945,28.4,41.3,88.6,14.52,0,1,98,0.5831,-13.7,NONE,0,NONE,100,751.4
23.300000000000857,0,0,,4846.202143314627,79.60793316499982,844.7,842.6,846.6,844.7,106.7,106.7,106.2,106.8,1.436,3.82,98.2,0.275,26.4,0.941,28.3,41.2,88.8,14.45,0,1.1,98.1,0.5839,-13.7,NONE,0,,,
23.400000000000873,0,0,,4845.999523412169,79.44100934524245,843,843.3,842.3,843.1,106.1,106.8,106.7,106.8,1.44,3.88,98.1,0.282,26.4,0.949,28.5,41.4,88.8,14.42,0,1.1,98.1,0.5846,-13.5,NONE,0,,,
23.500000000000888,0,0,,4843.217171835481,79.56524458464109,843.9,841.8,842.3,841.8,106.5,106.4,106.4,106.3,1.437,3.83,98.3,0.287,26.4,0.939,28.4,41.7,88.6,14.45,0,0.8,98,0.5828,-13.6,NONE,0,,,
23.600000000000904,0,0,,4840.658285638707,79.48701919427728,842.3,843.7,844.6,842.7,106.6,106.4,106.6,106.8,1.437,3.81,98.3,0.274,26.4,0.936,28.4,42.8,88.4,14.45,0,1.1,98.1,0.5836,-13.7,NONE,0,,,
23.70000000000092,0,0,,4844.490562252362,79.62238438013212,842,842.3,843.2,842.4,106.7,106.6,106.5,106.1,1.437,3.84,98.1,0.293,26.5,0.943,28.4,43.1,88.6,14.46,0,1.1,98,0.5834,-13.7,NONE,0,,,
23.800000000000935,0,0,,4840.919770551971,79.66670179172951,844.5,842.6,842.4,844.6,106.3,107,106.3,106,1.439,3.83,98.1,0.28,26.5,0.944,28.4,42.6,88.6,14.48,0,1,98,0.5843,-13.7,NONE,0,,,
23.90000000000095,0,0,,4838.551791376117,79.47792444504431,842.5,843.1,844.9,840.5,106.2,106.9,106.7,106.4,1.435,3.88,98.2,0.274,26.4,0.94,28.4,42.2,88.3,14.45,0,1,97.9,0.5836,-13.9,NONE,0,,,
24.000000000000966,0,0,,4837.867897012669,79.4225607445939,841.8,842.9,845,845.5,106.4,106.1,106.6,106.3,1.441,3.84,98.1,0.267,26.4,0.939,28.4,42.5,88.4,14.44,0,1,98,0.5834,-13.5,NONE,0,,,
24.100000000000982,0,0,,4833.776586255566,79.53992343373838,845.1,845.2,843.5,844.1,106.5,106.6,106.4,106.2,1.438,3.85,98.1,0.28,26.4,0.938,28.5,41.6,88.7,14.48,0,1.2,98.1,0.584,-13.7,NONE,0,,,
24.200000000000998,0,0,,4836.946811398307,79.37690798947304,845,841.9,841.5,845.5,106.3,106.8,105.8,106.7,1.429,3.83,98.1,0.275,26.4,0.939,28.4,41.8,88.4,14.43,0,1.4,98,0.5841,-13.7,NONE,0,,,
24.28000000000101,0,1,24.36000000000101,4839.315021037471,79.28935396057486,842.8,843.8,844.8,840.4,106.4,106.8,106.2,106.2,1.439,3.86,98.1,0.279,26.3,0.937,28.4,41.7,88.4,14.41,0,1.2,98,0.5833,-13.9,NONE,0,NONE,99.8,751.4
24.300000000001013,0,0,,4831.186994250644,79.54786824305313,842.7,843.2,845.4,844.5,106.7,106.8,106.4,106.7,1.437,3.83,98.2,0.273,26.4,0.938,28.5,42.4,88.3,14.48,0,1.1,98,0.5841,-13.8,NONE,0,,,
24.40000000000103,0,0,,4838.533632474313,79.47104059833568,841,843,843.6,842.2,106.9,106.5,106.5,106.4,1.432,3.85,98.4,0.279,26.3,0.942,28.4,42.3,88.5,14.45,0,1.2,98,0.5846,-13.7,NONE,0,,,
24.500000000001044,0,0,,4835.497312493527,79.42270322265222,843.8,842.3,843.9,842.7,106.8,106.8,106.7,106.3,1.429,3.83,98.1,0.268,26.4,0.943,28.4,42.3,88.7,14.45,0,1,97.9,0.5841,-13.8,NONE,0,,,
24.60000000000106,0,0,,4848.675224436424,79.3596579121823,842.1,843.3,840.7,841.2,106.9,106.4,106.7,106.3,1.436,3.85,98.2,0.253,26.4,0.941,28.4,42,88.5,14.4,0,1.3,98,0.583,-13.6,NONE,0,,,
24.700000000001076,0,0,,4831.071583972711,79.3470985682877,842.5,841.4,844.2,843.6,106.4,106.3,106.7,106.5,1.43,3.86,98.1,0.277,26.4,0.945,28.4,42.5,88.7,14.44,0,0.9,98,0.5833,-13.6,NONE,0,,,
24.80000000000109,0,0,,4842.611345622513,79.42713304508989,843.8,843.8,844.9,844,106.3,106.7,106.3,106.2,1.447,3.82,97.9,0.289,26.4,0.943,28.4,42.4,88.7,14.43,0,1.2,98.1,0.5844,-13.8,NONE,0,,,
24.900000000001107,0,0,,4829.5191861684925,79.33719322802551,843.2,843.9,841.4,844.5,106.5,106.4,105.9,106.8,1.434,3.86,98.1,0.275,26.3,0.944,28.4,41.9,88.7,14.45,0,0.8,98.1,0.5834,-13.7,NONE,0,,,
25.000000000001123,0,0,,4836.25448040384,79.33694041277764,845.3,844.4,844.2,842.9,106.1,106.7,106.9,106.3,1.425,3.86,98.2,0.27,26.3,0.94,28.3,43.2,88.5,14.43,0,0.9,98.1,0.5844,-13.7,NONE,0,,,
25.10000000000114,0,0,,4834.18291117158,79.54630165749222,843.7,843,842.9,841.6,106.3,106.4,106.3,106.3,1.425,3.84,98,0.265,26.4,0.938,28.4,42.4,88.4,14.48,0,1.1,98,0.5847,-13.8,NONE,0,,,
25.200000000001154,0,0,,4834.367733092381,79.26537316960776,842.6,843.1,840.7,842,106.7,106.5,107.1,106.9,1.44,3.85,98.1,0.273,26.3,0.941,28.4,42.6,88.7,14.42,0,0.9,98,0.584,-13.7,NONE,0,,,
25.290000000001168,0,1,25.370000000001166,4832.672608620417,79.40065314035152,842.2,844.1,842.8,842.5,106.4,106.4,106.9,106.3,1.43,3.88,98.1,0.286,26.3,0.94,28.4,42.9,88.6,14.45,0,1,98.1,0.5828,-13.6,NONE,0,NONE,99.9,751.4
25.30000000000117,0,0,,4840.1075945816165,79.2678385235191,842.4,843.9,842.9,843.6,106.6,106.5,106.7,106.1,1.437,3.85,98.1,0.282,26.3,0.94,28.4,42.9,88.5,14.4,0,1.1,98.1,0.583,-13.8,NONE,0,,,
25.400000000001185,0,0,,4833.083883273789,79.49522547878632,841.6,842,844.9,844.4,105.8,106.2,106.4,106.5,1.441,3.83,98.2,0.282,26.4,0.943,28.4,43.2,88.5,14.47,0,1.2,98,0.5835,-13.6,NONE,0,,,
25.5000000000012,0,0,,4831.330614273411,79.23971926686876,844.2,842.3,843.9,841.5,106.1,106.3,106.8,106.3,1.422,3.85,98.1,0.277,26.3,0.936,28.2,43.5,88.2,14.42,0,1.1,98,0.5834,-13.6,NONE,0,,,
25.600000000001216,0,0,,4829.672286116563,79.15966068125378,843.1,844.5,840.9,845.2,106.5,106.4,106.2,106.2,1.426,3.84,98.1,0.256,26.1,0.94,28.4,43.3,88.4,14.41,0,0.9,98.2,0.5835,-13.8,NONE,0,,,
25.700000000001232,0,0,,4834.6073004871,79.28196622139295,840.6,843.4,841.6,841.3,106.6,107.3,106.3,106.5,1.432,3.84,98,0.287,26.3,0.94,28.4,43.4,88.1,14.42,0,1.1,98,0.5831,-13.7,NONE,0,,,
25.800000000001248,0,0,,4824.698487734595,79.06163930589429,844.1,843.1,843.3,843.1,106.8,106,106.3,106.6,1.439,3.82,98.1,0.275,26.2,0.943,28.3,43.8,88.4,14.4,0,1,98.1,0.5834,-13.8,NONE,0,,,
25.900000000001263,0,0,,4825.867090037067,79.34564360677093,842.2,843.3,845.6,843,106.4,106.5,106.5,106.3,1.431,3.87,98,0.284,26.3,0.943,28.4,43.5,88.6,14.46,0,1.2,98.1,0.5838,-13.9,NONE,0,,,
26.00000000000128,0,0,,4822.530357162304,79.28020132663933,842.4,842.7,841.4,840.8,107.3,106.4,106.1,106.9,1.437,3.87,98,0.291,26.4,0.937,28.4,43.3,88.6,14.45,0,1.1,98,0.5832,-13.7,NONE,0,,,
26.100000000001295,0,0,,4833.5292571529935,79.38083736954154,843,844.3,841.6,844.4,106.8,106.6,106.6,106.3,1.431,3.86,98.3,0.277,26.3,0.938,28.4,43.9,88.7,14.44,0,1.1,98,0.5839,-13.8,NONE,0,,,
26.20000000000131,0,0,,4829.490428761958,79.31425947462157,840.2,843,843.6,844.1,106,106.2,106.5,106.2,1.432,3.88,98.1,0.296,26.4,0.947,28.3,44.7,88.5,14.44,0,1.4,98,0.5828,-13.7,NONE,0,,,
26.300000000001326,0,0,,4824.610914226292,79.3049142385253,842.3,843.3,844.2,841.1,106.7,106,106,106.5,1.433,3.82,98.1,0.274,26.3,0.939,28.4,43.8,88.4,14.45,0,1,98.1,0.584,-13.7,NONE,0,,,
26.350000000001334,0,1,26.430000000001332,4836.4674878786645,79.27509688727578,843,843.6,841.9,841.8,106.8,106.5,106.5,106.7,1.426,3.82,98.1,0.3,26.4,0.938,28.3,44.5,88.6,14.41,0,1,98.1,0.5841,-13.7,NONE,0,NONE,99.7,751.4
26.40000000000134,0,0,,4821.938413708336,79.14624191514659,843.9,842.4,843.3,844.2,106.5,106.2,106.6,106.9,1.426,3.84,98.2,0.282,26.3,0.939,28.5,44.4,88.5,14.43,0,1,98,0.5845,-13.8,NONE,0,,,
26.500000000001357,0,0,,4826.333499963089,79.25312330627976,844.5,842.8,841,841,106.1,106.7,106.5,106.5,1.429,3.88,98.2,0.267,26.3,0.941,28.4,45,88.2,14.44,0,1.1,98,0.584,-13.7,NONE,0,,,
26.600000000001373,0,0,,4833.154449586807,79.36482552798648,841.9,843.7,843.2,841.4,106.1,106.3,106.6,106.6,1.435,3.84,98.1,0.283,26.5,0.939,28.4,44.5,88.2,14.44,0,1.1,98,0.5841,-13.7,NONE,0,,,
26.70000000000139,0,0,,4824.869582120514,78.96699754825362,841.1,843.5,842,841.8,106.2,106.5,106.7,106.8,1.422,3.81,98,0.275,26.1,0.939,28.4,45,88.2,14.38,0,1.2,98,0.5837,-13.7,NONE,0,,,
26.800000000001404,0,0,,4820.9551877401545,79.2623005116191,844.2,841.1,843.6,842.7,106.4,106.8,106.2,105.9,1.423,3.84,98.1,0.292,26.3,0.944,28.4,45.3,88.6,14.45,0,1.1,98,0.5834,-13.6,NONE,0,,,
26.90000000000142,0,0,,4823.333732133067,79.04180796781658,841.3,843.6,843.7,843.3,106.3,106.5,107,106.3,1.43,3.84,98.2,0.278,26.1,0.941,28.4,45.8,88.7,14.4,0,1,98.1,0.5834,-13.6,NONE,0,,,
27.000000000001435,0,0,,4831.928031502407,79.10050191968547,841.6,843.2,841.4,841.6,106.1,106.6,106.5,106.4,1.424,3.82,98.1,0.285,26.2,0.937,28.4,45.3,88.4,14.39,0,1.2,98,0.5835,-13.6,NONE,0,,,
27.10000000000145,0,0,,4826.206469745368,79.18965001679311,841.9,843.4,843.7,840.8,106.7,106.5,106.1,106.5,1.424,3.87,98.2,0.284,26.3,0.944,28.4,44.1,88.3,14.42,0,1.2,98.1,0.5841,-13.8,NONE,0,,,
27.200000000001467,0,0,,4819.0613288438135,79.08939118819478,839.9,842.4,841.3,842.8,106.3,106.1,106.4,106.7,1.428,3.85,98.2,0.293,26.2,0.938,28.4,43.6,88.5,14.42,0,1.3,98.1,0.5837,-13.7,NONE,0,,,
27.300000000001482,0,0,,4826.004281843904,79.15470066196205,843.9,844,843.6,839.6,106.3,106.4,106.5,106.4,1.427,3.83,98.1,0.286,26.2,0.938,28.4,44.6,88.3,14.42,0,1.2,98,0.5844,-13.6,NONE,0,,,
27.400000000001498,0,0,,4818.394941211673,79.19298980103454,840,842.1,840.1,842.2,106.8,106.4,106.1,106.6,1.433,3.82,98,0.275,26.3,0.944,28.3,43.8,88.6,14.45,0,1.2,98,0.5827,-13.7,NONE,0,,,
27.400000000001498,0,1,27.480000000001496,4818.394941211673,79.19298980103454,840,842.1,840.1,842.2,106.8,106.4,106.1,106.6,1.433,3.82,98,0.275,26.3,0.944,28.3,43.8,88.6,14.45,0,1.2,98,0.5827,-13.7,NONE,0,NONE,100,751.4
27.500000000001513,0,0,,4811.349190315167,79.04694497033732,841.4,844.3,844.6,844.7,106,106.4,106.5,106.4,1.427,3.84,98,0.283,26.2,0.938,28.4,44.5,88.6,14.44,0,1.3,98,0.5833,-13.7,NONE,0,,,
27.60000000000153,0,0,,4823.753302487277,79.00162087228225,842.2,842.7,843.3,843.6,105.7,106.4,106.3,106.4,1.435,3.87,98.2,0.279,26.1,0.935,28.5,44.3,88.2,14.39,0,1,98,0.5843,-13.7,NONE,0,,,
27.700000000001545,0,0,,4814.591712558714,79.0826195443369,841.5,843.7,842.4,842.6,106.3,106.2,106,106.9,1.431,3.81,97.9,0.275,26.3,0.94,28.5,43.8,88.7,14.44,0,1.1,98.1,0.5842,-13.7,NONE,0,,,
27.80000000000156,0,0,,4821.372525363862,79.04444910896609,842.1,842.4,840.5,841.2,106.6,106.7,106.4,106.3,1.432,3.82,98.2,0.279,26.2,0.942,28.3,42.8,88.7,14.41,0,0.9,98,0.5839,-13.8,NONE,0,,,
27.900000000001576,0,0,,4814.125998041126,79.07997898952635,841.4,841.8,843.8,841,106.8,106.7,106.7,106.8,1.428,3.84,98.3,0.271,26.2,0.937,28.3,44,88.6,14.44,0,1,98,0.583,-13.5,NONE,0,,,
28.00000000000159,0,0,,4822.901538276502,78.92737827422647,842.7,841.8,841.9,841.9,106.5,105.9,106.7,106.8,1.426,3.83,98.1,0.283,26.2,0.94,28.5,43.8,88.2,14.38,0,1.2,98,0.5832,-13.7,NONE,0,,,
28.100000000001607,0,0,,4817.428584105075,78.92387874777305,840.6,841.5,841.6,841.9,106,106.2,106,106.4,1.429,3.81,98.1,0.285,26.2,0.944,28.4,45,88.8,14.39,0,1,98.1,0.583,-13.6,NONE,0,,,
28.200000000001623,0,0,,4821.582297508411,78.88751543365593,840.5,844.1,843.7,844,106.5,106.3,106.5,106.6,1.425,3.86,98,0.283,26.2,0.943,28.4,43.9,88.7,14.37,0,1.2,98.1,0.5848,-13.4,NONE,0,,,
28.30000000000164,0,0,,4815.2791338502975,78.90692309109681,842.5,842.3,842.5,841.1,106.4,106.7,106.4,106.4,1.434,3.88,98,0.286,26.1,0.939,28.4,44.3,88.4,14.4,0,1.1,98.1,0.5839,-13.7,NONE,0,,,
28.400000000001654,0,0,,4816.281018576587,78.98092931375858,842.3,842.1,839.9,841.5,106.5,106.8,106.6,106.1,1.43,3.83,98.1,0.271,26.1,0.945,28.3,44.4,88.7,14.41,0,1.1,98.1,0.5825,-13.6,NONE,0,,,
28.450000000001662,0,1,28.53000000000166,4808.412909369687,79.11400570219133,842.2,841.7,844.9,843.9,106.7,105.9,106.2,106.8,1.424,3.83,98,0.286,26.3,0.946,28.4,44.4,88.7,14.46,0,0.8,98.1,0.5836,-13.7,NONE,0,NONE,100,751.4
28.50000000000167,0,0,,4814.3387375705015,78.8292169360618,841.9,842,842.6,843.8,106.3,106.9,106.5,105.6,1.426,3.85,98,0.271,26.2,0.939,28.4,44.1,88.7,14.38,0,1,98.1,0.5835,-13.8,NONE,0,,,
28.600000000001685,0,0,,4808.595519052116,78.86724797110325,840.7,841.1,841.3,839.6,106.3,106.4,106.1,106.5,1.428,3.84,98.1,0.276,26.1,0.937,28.3,44.4,88.4,14.41,0,1.2,98,0.5834,-13.9,NONE,0,,,
28.7000000000017,0,0,,4807.710315010957,78.78633264475046,841,840.3,843.6,840.2,106.1,107,106.2,106.1,1.436,3.83,98.3,0.285,26,0.939,28.4,43.6,88.4,14.39,0,1.2,98.1,0.5834,-13.9,NONE,0,,,
28.800000000001717,0,0,,4812.061766488746,78.94687891500918,842.2,840,840.1,841,106.4,106.2,106.8,106.3,1.425,3.83,98.2,0.285,26.2,0.94,28.4,44.8,88.6,14.41,0,1.2,98.1,0.5837,-13.8,NONE,0,,,
28.900000000001732,0,0,,4812.949145680274,78.8649568324025,842.9,842.6,841.7,842.6,106.3,107,106.9,106.4,1.424,3.83,98,0.287,26.2,0.941,28.4,44.5,88.5,14.39,0,1.1,98,0.5845,-13.6,NONE,0,,,
29.000000000001748,0,0,,4819.712699998551,78.85473623720388,841.7,843.5,844.1,841,106.6,106,106.1,106.3,1.418,3.87,98.2,0.282,26.2,0.946,28.4,44,88.7,14.37,0,1.2,98,0.5845,-13.4,NONE,0,,,
29.100000000001764,0,0,,4813.144105806112,78.84697839072993,839.5,840.1,842.5,841.7,106.6,106.3,106.6,106.4,1.426,3.86,98,0.289,26.2,0.939,28.4,44.1,88.6,14.39,0,1.1,98.1,0.5833,-13.8,NONE,0,,,
29.20000000000178,0,0,,4818.64233555357,78.67962412997073,841,842.7,842,842,106.4,106.8,106.9,106.6,1.423,3.81,98.1,0.275,26.2,0.938,28.5,44.6,88.3,14.34,0,1,98.1,0.5835,-13.9,NONE,0,,,
29.300000000001795,0,0,,4814.659310728338,78.9868527385702,840.5,840.1,840.8,841.3,106.5,106.3,107.3,107,1.422,3.87,98.1,0.293,26.2,0.936,28.4,43.7,88.2,14.42,0,1.2,98.1,0.5834,-13.7,NONE,0,,,
29.40000000000181,0,0,,4815.462464018458,78.73852070876491,838.9,840.8,842.4,840.8,105.9,106.6,106.1,105.9,1.426,3.86,98.1,0.282,26,0.942,28.5,44.3,88.5,14.36,0,1,98.1,0.5836,-13.6,NONE,0,,,
29.500000000001826,0,0,,4807.90099021334,78.84410212282702,842.1,842.3,840,843.6,106.6,106.4,106.6,106.4,1.435,3.86,98.2,0.277,26.1,0.944,28.4,44.8,88.4,14.4,0,1.1,98,0.5834,-13.8,NONE,0,,,
29.510000000001828,0,1,29.590000000001826,4816.201195069147,78.74073094265599,841.2,840.7,841.9,841.8,106.4,106.5,106.7,106.2,1.422,3.84,98.1,0.283,26.1,0.934,28.4,45,88.3,14.36,0,0.9,98,0.5845,-13.8,NONE,0,NONE,100,751.4
29.60000000000184,0,0,,4810.646817418282,78.46573090506605,840.8,841.6,842.8,842.6,106.1,106.9,106.5,106.4,1.423,3.87,98.1,0.291,26,0.944,28.4,44.1,88.4,14.32,0,1.3,98.1,0.5837,-13.8,NONE,0,,,
29.700000000001857,0,0,,4810.341605009026,78.79181738918399,842.1,841.5,840.4,842.8,106.4,106.6,106.6,106.4,1.426,3.82,98.2,0.28,26.1,0.942,28.3,44.8,88.7,14.39,0,1.1,98,0.5835,-13.6,NONE,0,,,
29.800000000001873,0,0,,4809.789834558155,78.6833353802062,840.3,840.7,838.7,842.4,106.9,106.2,106.4,106.3,1.429,3.84,98.2,0.289,26.1,0.94,28.4,43.9,88.7,14.37,0,0.9,98,0.5835,-13.8,NONE,0,,,
29.90000000000189,0,0,,4808.946537520456,78.56477158696076,841,842.4,843.6,842.4,106.2,106.7,106.6,106.5,1.42,3.89,98.2,0.27,26,0.941,28.4,44.1,88.2,14.34,0,1.3,98,0.5836,-13.8,NONE,0,,,
30.000000000001904,0,0,,4811.636700582622,78.80113646880335,841.9,840.7,842.3,841.7,106.4,106.8,106.3,106.4,1.413,3.84,98.1,0.286,26.1,0.942,28.5,43.4,88.5,14.39,0,1.2,98,0.5833,-13.7,NONE,0,,,
30.10000000000192,0,0,,4811.2328933289,78.77031525172892,839.2,841.8,839.5,842.3,106.6,106,106.6,106.2,1.424,3.84,98.2,0.278,26.1,0.942,28.5,44.4,88.2,14.38,0,1,98,0.5834,-13.6,NONE,0,,,
30.200000000001936,0,0,,4802.899430883347,78.76928152034047,840.8,842.6,842.2,839.7,106.3,106.8,106.4,106.5,1.422,3.82,98,0.289,26.2,0.941,28.4,43.3,88.8,14.4,0,0.8,98.1,0.5833,-13.7,NONE,0,,,
30.30000000000195,0,0,,4799.748622891964,78.72987240924849,841.6,840.8,840,838.5,106.9,106.4,106,106.6,1.428,3.87,98.1,0.276,26.1,0.94,28.4,43.7,88.5,14.4,0,1,98,0.5833,-13.9,NONE,0,,,
30.400000000001967,0,0,,4806.7929633693675,78.6304252328831,843.9,839.9,842.3,840.6,106.3,106,106.5,106.5,1.425,3.86,98,0.27,26,0.94,28.4,43.7,88.5,14.36,0,1.2,98,0.584,-13.7,NONE,0,,,
30.500000000001982,0,0,,4808.330390154124,78.51363072753139,840.6,838.9,841.9,842.5,106.9,106.3,106.9,106.4,1.424,3.85,98.1,0.282,26,0.936,28.5,43.6,88.6,14.33,0,1,98.2,0.5847,-13.8,NONE,0,,,
30.570000000001993,0,1,30.65000000000199,4800.004471636128,78.59406057511119,840,840.1,842.2,841,106.1,106.2,106.2,106.3,1.424,3.85,98.2,0.284,26,0.939,28.4,43,89.1,14.37,0,1.2,98.2,0.5837,-13.8,NONE,0,NONE,100,751.4
30.600000000001998,0,0,,4793.973964110086,78.56545156356486,841.5,840.5,844.3,841.1,106.7,107.1,106.9,106.4,1.424,3.83,97.9,0.287,26,0.937,28.4,43.6,88.3,14.39,0,0.8,98,0.5829,-13.7,NONE,0,,,
30.700000000002014,0,0,,4797.6026694643715,78.66476268616917,841.7,840.7,839.5,840.2,106.3,106.3,106.6,106.2,1.429,3.86,98.2,0.292,26.1,0.941,28.5,43.5,88.5,14.4,0,1.3,98.1,0.5841,-13.7,NONE,0,,,
30.80000000000203,0,0,,4805.3654841017815,78.56552828198552,840.3,841.2,841.6,842.6,106.6,106.3,106.3,106.6,1.425,3.82,98.1,0.28,26,0.938,28.5,43,88.5,14.35,0,1.1,98,0.5833,-13.8,NONE,0,,,
30.900000000002045,0,0,,4807.6617518122175,78.4520924971048,842.6,840.6,841.5,840.9,106.2,106.4,106.7,106.1,1.421,3.88,98.1,0.284,25.9,0.939,28.5,43.7,88.3,14.32,0,0.8,98,0.5839,-13.8,NONE,0,,,
31.00000000000206,0,0,,4805.154152233546,78.6318060148224,841.2,840.8,841.4,841,106.4,106.6,106.6,106.3,1.422,3.83,98,0.283,26,0.946,28.4,43.7,88.2,14.37,0,0.8,98,0.5836,-13.6,NONE,0,,,
31.100000000002076,0,0,,4803.441407682741,78.53696419524364,839.1,838.7,840,841.8,106.3,106.3,106.6,106.3,1.419,3.83,98.3,0.274,26,0.941,28.4,42.7,88.9,14.35,0,1.3,98,0.5832,-13.6,NONE,0,,,
31.200000000002092,0,0,,4796.106499055071,78.60167003535422,838.9,840.3,838.6,840.6,106.6,106.7,106.4,106.2,1.414,3.88,98.1,0.264,26.1,0.941,28.4,41.9,88.7,14.39,0,1.1,98.1,0.5835,-13.6,NONE,0,,,
31.300000000002107,0,0,,4805.889300415296,78.3853080262145,839.9,840.4,842.8,839.5,106.8,106.2,106.6,106.3,1.416,3.85,98.1,0.291,26,0.943,28.5,43.1,88.7,14.31,0,1.3,98,0.5834,-13.6,NONE,0,,,
31.400000000002123,0,0,,4802.087163002225,78.50551872605128,838.4,841.2,841,839.2,106.7,106.5,106.1,106.6,1.415,3.85,98.1,0.269,25.9,0.934,28.3,42.7,88.7,14.35,0,0.9,98.1,0.5835,-13.9,NONE,0,,,
31.50000000000214,0,0,,4797.867938773865,78.55477870858246,840.4,841.2,840.6,841.2,106.3,106.5,106.2,105.7,1.427,3.85,98,0.285,26,0.94,28.4,43.2,88.6,14.37,0,1.2,98.1,0.5834,-13.7,NONE,0,,,
31.600000000002154,0,0,,4806.165213707364,78.39246856353756,841.9,839.1,839.7,840.7,106.7,106.7,106.5,106.3,1.416,3.84,98,0.283,25.9,0.944,28.3,43.4,88.5,14.32,0,1.3,98,0.5838,-13.7,NONE,0,,,
31.600000000002154,0,1,31.680000000002153,4806.165213707364,78.39246856353756,841.9,839.1,839.7,840.7,106.7,106.7,106.5,106.3,1.416,3.84,98,0.283,25.9,0.944,28.3,43.4,88.5,14.32,0,1.3,98,0.5838,-13.7,NONE,0,NONE,100,751.4
31.70000000000217,0,0,,4804.637103671782,78.55204237035443,840.7,840.4,841,839.8,106.5,106.8,106.3,106.8,1.419,3.84,98.3,0.286,26,0.938,28.4,43.5,88.7,14.35,0,1,98.1,0.5832,-13.5,NONE,0,,,
31.800000000002186,0,0,,4797.877056324322,78.61615034718075,840.3,837.4,840.7,839.9,106.1,106.3,106.4,106.3,1.427,3.84,98.1,0.277,26.1,0.944,28.4,43.3,88.6,14.39,0,1.2,98.1,0.5838,-13.6,NONE,0,,,
31.9000000000022,0,0,,4792.080132607676,78.5329946912574,840.2,840.4,840.7,841.3,106.5,106.2,106.5,106.5,1.42,3.86,98,0.278,26,0.936,28.5,42.9,88.5,14.38,0,1,98.1,0.5833,-13.7,NONE,0,,,
32.00000000000219,0,0,,4798.428292456106,78.43748998325724,840.1,839.6,838,840.8,106.6,106.5,106.3,106.7,1.421,3.87,98.1,0.282,25.9,0.939,28.3,43.3,88.5,14.35,0,0.9,98.1,0.5835,-13.8,NONE,0,,,
32.10000000000217,0,0,,4798.8184910774,78.28698966826687,842.7,840.2,839.7,841.6,106.5,106.6,106.3,105.8,1.41,3.83,98,0.292,26,0.937,28.4,43.2,88.3,14.31,0,0.9,98.1,0.5831,-13.8,NONE,0,,,
32.20000000000215,0,0,,4797.51247318586,78.31402941071016,839.5,840.5,836.2,839.9,106.2,105.9,106.9,106.2,1.407,3.85,98.1,0.295,25.9,0.938,28.4,42.9,88.3,14.32,0,1,98,0.5842,-13.8,NONE,0,,,
32.30000000000213,0,0,,4797.12369589215,78.52577048670484,841.2,840.4,839.3,843.4,106.5,105.9,106.3,106,1.42,3.84,98.1,0.272,26,0.941,28.4,43.1,88.3,14.37,0,1.2,98,0.5823,-13.6,NONE,0,,,
32.40000000000211,0,0,,4792.923746138206,78.41466565501533,839.5,838.2,839.7,842.2,106.7,106.4,106.7,106.9,1.423,3.81,98,0.27,25.9,0.944,28.5,42.6,88.5,14.36,0,0.8,98.1,0.5833,-13.6,NONE,0,,,
32.50000000000209,0,0,,4792.1362049111085,78.38300154606765,840.7,839.4,842.1,839.6,106.9,106.5,106.5,106.7,1.415,3.84,98.1,0.269,26,0.941,28.4,42.5,88.4,14.35,0,1.1,98,0.584,-13.6,NONE,0,,,
32.60000000000207,0,0,,4791.492697164489,78.14093925401512,838.8,839.9,840.8,838.2,106.2,106.2,106.8,106.3,1.42,3.82,98.2,0.287,25.8,0.942,28.4,42.5,88.8,14.3,0,1.5,98.1,0.5838,-13.6,NONE,0,,,
32.66000000000206,0,1,32.740000000002055,4795.194844447739,78.25997735523767,839.1,841.8,835.6,840.1,106.2,106.6,106.4,106.4,1.414,3.82,98.1,0.278,26,0.94,28.4,42.4,88.6,14.32,0,1.1,98.1,0.5832,-13.6,NONE,0,NONE,100,751.4
32.70000000000205,0,0,,4797.410683587572,78.41066154773885,839,839.8,840.3,839.9,106.4,106.3,106.3,106.5,1.417,3.86,98.1,0.284,26,0.941,28.5,43.1,88.8,14.34,0,1,98,0.5839,-13.7,NONE,0,,,
32.80000000000203,0,0,,4797.327282394692,78.39437018359908,839.7,839.5,838.9,842.2,106.3,106.5,106.5,106.5,1.42,3.84,98.2,0.28,25.9,0.938,28.4,43.3,88.4,14.34,0,1.2,98.1,0.5835,-13.7,NONE,0,,,
32.90000000000201,0,0,,4787.718697041737,78.22162551561576,839.6,837.6,839.1,841.4,106.2,106.8,106.2,106.5,1.411,3.82,98.1,0.278,25.9,0.945,28.4,42.4,88.5,14.33,0,1.4,98.1,0.5839,-13.7,NONE,0,,,
33.00000000000199,0,0,,4789.397958310256,78.08394205914111,841.6,839.1,840.5,839,106.1,106.4,105.9,106.5,1.42,3.85,98.3,0.274,25.8,0.94,28.3,43.2,88.1,14.3,0,0.9,98.2,0.5836,-13.7,NONE,0,,,
33.10000000000197,0,0,,4787.579865053337,78.15934252955392,837.7,840.2,840.6,838.1,106.4,106,106.7,105.7,1.418,3.8,98.1,0.277,25.9,0.943,28.4,42.9,88.8,14.32,0,0.9,98.1,0.5834,-13.9,NONE,0,,,
33.20000000000195,0,0,,4787.079036107712,78.09152892678823,840.7,838.2,840.6,839,106.5,106.1,107.2,106.4,1.413,3.87,98,0.281,25.9,0.937,28.4,43.3,88.8,14.31,0,1,98.1,0.5833,-13.8,NONE,0,,,
33.30000000000193,0,0,,4790.499766256091,78.31355444568837,838.9,840.2,840.8,839,106.7,105.5,106.3,106.3,1.415,3.84,98.1,0.283,25.9,0.946,28.4,43.3,88.5,14.34,0,1.3,98,0.5837,-13.7,NONE,0,,,
33.40000000000191,0,0,,4783.48652950695,78.236476235884,838.3,838.2,840.2,839,106.6,106.1,106.6,106.9,1.407,3.86,98.2,0.283,25.9,0.937,28.4,43.4,88.3,14.35,0,1,98.1,0.5839,-13.6,NONE,0,,,
33.50000000000189,0,0,,4786.3053692545,78.14456829313106,838.5,838.9,838.2,841.6,106.9,106.1,106.5,105.8,1.418,3.84,98,0.272,25.8,0.935,28.3,43.2,88.1,14.32,0,1,98,0.5829,-13.7,NONE,0,,,
33.60000000000187,0,0,,4784.4975971023105,78.04846209616782,841,839.9,840.9,839.7,106.3,106,106.6,106.6,1.409,3.87,98,0.284,25.8,0.94,28.4,43.4,88.3,14.3,0,1.1,98,0.5833,-13.7,NONE,0,,,
33.64000000000186,0,1,33.72000000000186,4790.240014156108,78.14555923057758,839.2,839.1,839.1,838.5,106.4,106.5,106,106.5,1.417,3.84,98.1,0.277,25.9,0.941,28.4,43.4,88.2,14.31,0,1.1,98.1,0.5822,-13.7,NONE,0,NONE,100,751.4
33.70000000000185,0,0,,4784.577894441339,78.21954022463567,838.2,839.7,837.8,839.5,106.1,106.5,106.4,106.3,1.418,3.8,98,0.269,25.9,0.937,28.5,42.9,88.5,14.34,0,0.7,98.1,0.5838,-13.8,NONE,0,,,
33.80000000000183,0,0,,4778.131275716428,78.24415973338951,841.4,841,839,839.4,106.5,106.5,106.4,106,1.406,3.83,98,0.277,25.9,0.94,28.3,43.3,88.3,14.36,0,0.8,98.1,0.5831,-13.5,NONE,0,,,
33.90000000000181,0,0,,4782.763366299376,78.02509251869645,840.1,839.7,839.2,838.7,106.6,106.5,106.6,106.8,1.424,3.84,98,0.27,25.8,0.939,28.4,42.3,88.7,14.3,0,0.9,98.2,0.5838,-13.7,NONE,0,,,
34.00000000000179,0,0,,4780.873063096926,77.93227275332478,839.6,841.5,838,839.8,106.9,106.4,106.6,105.9,1.413,3.86,98.1,0.266,25.7,0.94,28.4,43.7,88.5,14.29,0,1.1,98.1,0.5837,-13.6,NONE,0,,,
34.10000000000177,0,0,,4785.009203944759,78.11809578601154,840.9,839.7,839.1,840.2,106.5,106.5,106.2,106.2,1.41,3.82,98.2,0.268,25.7,0.943,28.4,44.1,88.6,14.32,0,1,98.1,0.5844,-13.6,NONE,0,,,
34.20000000000175,0,0,,4783.71078283175,77.80122690098976,837.4,839.5,840.2,837.8,106.5,105.6,106.7,107,1.419,3.87,98.2,0.281,25.7,0.936,28.4,43.5,88.5,14.26,0,0.9,98,0.5838,-13.7,NONE,0,,,
34.30000000000173,0,0,,4782.355733459023,78.04590888840454,837.8,839,839.3,838.8,106.3,106.7,106,106.4,1.423,3.84,98.2,0.273,25.9,0.943,28.4,42.9,89,14.31,0,1.2,98.1,0.5836,-13.7,NONE,0,,,
34.40000000000171,0,0,,4778.753974501085,77.99645244290355,840.5,839,839.3,840.8,106.3,106.5,106.2,106.6,1.412,3.87,98.2,0.282,25.7,0.941,28.4,42.7,88.5,14.31,0,1.1,98.1,0.5834,-13.6,NONE,0,,,
34.50000000000169,0,0,,4781.039876143395,77.89523891408788,838.9,839.3,838.1,838.3,106.7,106.5,106.2,106.6,1.422,3.83,98.1,0.276,25.7,0.94,28.4,43.8,88.5,14.28,0,1,98.1,0.5843,-13.6,NONE,0,,,
34.60000000000167,0,0,,4780.304317946248,77.83346505998082,839.5,838.2,839.6,838.4,106.5,106.3,106.3,106.5,1.416,3.85,97.9,0.276,25.7,0.944,28.5,44.5,88.5,14.27,0,0.8,98,0.5845,-13.8,NONE,0,,,
34.680000000001655,0,1,34.760000000001654,4778.105242061792,77.9029426159431,838.8,838.6,840,838.7,106.4,106.5,106,106.3,1.408,3.86,98.2,0.274,25.8,0.942,28.4,43.5,88.5,14.29,0,1.1,98,0.5833,-13.8,NONE,0,NONE,100,751.4
34.70000000000165,0,0,,4785.609570498294,78.0235938250338,838.4,839.3,836.3,839.8,106.3,106.1,106.1,106.1,1.415,3.86,98.1,0.275,25.8,0.938,28.4,43.4,88.7,14.3,0,1,98.1,0.5832,-13.9,NONE,0,,,
34.80000000000163,0,0,,4779.583298190262,77.94225910194518,839.8,839.2,840.8,840.2,106.1,106,106.3,107.1,1.418,3.87,98,0.276,25.7,0.942,28.4,44.5,88.5,14.3,0,0.9,98.1,0.5837,-13.7,NONE,0,,,
34.90000000000161,0,0,,4781.650233114223,78.06604100154915,839,840.1,840.4,839.2,106.8,106.3,106,106.1,1.405,3.9,98.1,0.283,25.8,0.94,28.4,44.1,88.3,14.32,0,0.9,98.1,0.5834,-13.7,NONE,0,,,
35.00000000000159,0,0,,4773.772416543207,77.96767770148509,838.8,837.7,839.6,838.1,106.6,106.7,106.5,105.9,1.417,3.87,98,0.273,25.9,0.938,28.4,45.6,88.6,14.32,0,0.9,98,0.5838,-13.7,NONE,0,,,
35.10000000000157,0,0,,4773.5396260818125,77.90417996262399,841.5,838.6,839.1,839.2,106.7,106.1,106.3,106.4,1.418,3.86,98.1,0.289,25.9,0.943,28.4,43.7,88.7,14.31,0,1,98.1,0.584,-13.8,NONE,0,,,
35.20000000000155,0,0,,4783.999301506272,78.01990550328125,838.2,839.9,843.1,839.2,106.1,106.4,106.2,106.1,1.41,3.84,98.1,0.287,25.8,0.94,28.4,43.7,88.6,14.3,0,1,98,0.5842,-13.6,NONE,0,,,
35.30000000000153,0,0,,4772.405845168867,77.76643137795975,839.4,838.2,838.7,841.5,106.7,106.5,106.8,106,1.413,3.85,98,0.271,25.7,0.941,28.4,44.5,89,14.28,0,1.3,98.1,0.5834,-13.6,NONE,0,,,
35.40000000000151,0,0,,4780.317519302346,78.03114155336252,840.3,839.8,838.9,839.3,107,106.2,106.3,106.5,1.404,3.81,98.1,0.273,25.9,0.94,28.4,44.1,88.9,14.31,0,0.9,98,0.5837,-13.6,NONE,0,,,
35.50000000000149,0,0,,4775.052650456115,78.02697891202338,840.5,838.3,838.1,837.8,106.8,105.9,106.3,107.1,1.408,3.85,98.2,0.271,25.8,0.942,28.3,44.2,88.4,14.33,0,1.2,98,0.5832,-13.7,NONE,0,,,
35.60000000000147,0,0,,4774.577964835903,77.84701330174661,839.4,838,839.3,839.9,106.9,106.6,106.3,106.3,1.414,3.87,98.1,0.28,25.7,0.941,28.4,43.8,88.4,14.29,0,1.1,98,0.5832,-13.8,NONE,0,,,
35.70000000000145,0,0,,4778.305016713718,77.83271262151237,837.8,836.9,838.4,839.6,106.1,106.7,106.3,106.4,1.414,3.88,98,0.29,25.6,0.941,28.3,44.4,88.5,14.28,0,1.1,98.1,0.5837,-13.7,NONE,0,,,
35.72000000000145,0,1,35.80000000000145,4774.9027101707825,77.79051413749329,837.2,838.5,839.4,838.9,106.2,106.5,106,106.2,1.418,3.82,98.2,0.276,25.7,0.942,28.4,43.8,88.6,14.28,0,1,98.1,0.584,-13.7,NONE,0,NONE,100,751.4
35.80000000000143,0,0,,4778.231138562085,77.7140949460092,840.7,838.2,838.5,838.5,105.8,106.3,105.8,106.3,1.417,3.88,98.1,0.277,25.6,0.939,28.4,44.3,88.7,14.25,0,1.1,98.1,0.584,-13.9,NONE,0,,,
35.90000000000141,0,0,,4775.443520634924,77.8444767025448,837.3,838.4,837.9,839.8,106.5,106.4,106.1,106.1,1.414,3.83,98.2,0.27,25.7,0.939,28.4,44.5,88.2,14.29,0,1,98,0.5842,-13.8,NONE,0,,,
36.00000000000139,0,0,,4771.291306461597,77.6274974401377,837.1,838.5,837.7,839.2,106.6,105.9,106.4,106.7,1.412,3.85,98.1,0.289,25.6,0.94,28.3,43.7,88.5,14.25,0,0.8,98.1,0.5841,-13.9,NONE,0,,,
36.10000000000137,0,0,,4776.011220795017,77.72608638597316,839.4,837.2,837.5,837.8,106.2,107,106.6,105.9,1.411,3.84,98.1,0.287,25.7,0.942,28.4,44.6,88.3,14.26,0,1,98.1,0.5836,-13.6,NONE,0,,,
36.20000000000135,0,0,,4772.306101588616,77.95573445475048,838,837.8,839.4,838.1,106.6,106.2,106.1,106.6,1.408,3.86,97.9,0.271,25.9,0.934,28.4,44.7,88.8,14.32,0,1.1,98.1,0.5835,-13.6,NONE,0,,,
36.30000000000133,0,0,,4770.217599848514,78.02867392116794,838.7,839.3,839,836.5,106.4,106.4,106.4,106.3,1.414,3.82,98.1,0.297,25.8,0.942,28.4,44.3,88.3,14.34,0,1.2,98.1,0.5839,-13.7,NONE,0,,,
36.40000000000131,0,0,,4772.133308922529,77.91594213813613,839.7,836,839.1,837.3,106.1,106.7,106.7,106.2,1.402,3.86,98,0.27,25.8,0.944,28.3,42.8,88.4,14.31,0,1,98,0.5834,-14,NONE,0,,,
36.50000000000129,0,0,,4773.698932096936,77.81295197267175,840.2,837.4,838.8,837.8,106.5,106.7,105.8,106,1.417,3.88,98.2,0.285,25.7,0.942,28.4,43.1,88.3,14.29,0,1.2,98.1,0.5832,-13.8,NONE,0,,,
36.60000000000127,0,0,,4772.4009195888675,77.84889157728661,839.8,839.5,837.7,839.1,106.2,106.2,106.3,106.1,1.41,3.87,98,0.281,25.8,0.942,28.4,43.2,88.6,14.3,0,1.1,98.1,0.5837,-13.9,NONE,0,,,
36.70000000000125,0,0,,4773.179462214952,77.59646200480317,838.3,840.3,839.6,837.8,106,106.2,106.3,105.8,1.398,3.85,98.1,0.268,25.7,0.941,28.4,43.3,88.2,14.24,0,1.2,98.1,0.5842,-13.8,NONE,0,,,
36.73000000000125,0,1,36.810000000001246,4768.6248205470065,77.79093816405957,838.3,838.8,837.7,838.5,106,106.2,105.9,106,1.407,3.86,98.2,0.268,25.6,0.938,28.4,42.9,88.6,14.3,0,0.9,97.9,0.5831,-13.6,NONE,0,NONE,99.9,751.4
36.80000000000123,0,0,,4760.826383651615,77.64445379746802,837.8,838.7,836.1,839.3,106.5,106.1,105.9,106.2,1.412,3.87,98.1,0.285,25.6,0.94,28.3,43.4,88.4,14.29,0,0.8,98.1,0.5835,-13.8,NONE,0,,,
36.900000000001214,0,0,,4763.620681064027,77.65340284720398,836.5,837.1,838.4,838.8,106.6,105.8,106,106.9,1.412,3.88,98.3,0.274,25.7,0.939,28.4,43.5,88.2,14.28,0,1,98.1,0.5832,-13.9,NONE,0,,,
37.000000000001194,0,0,,4765.539043120505,77.71004826555276,838.4,838,840.5,838.9,106.5,106.4,105.9,106,1.405,3.84,98.2,0.268,25.7,0.942,28.4,41.6,88.6,14.29,0,1.1,98.2,0.5839,-13.7,NONE,0,,,
37.100000000001174,0,0,,4772.4440196154555,77.53136017100081,837.4,840,838.1,841,106.2,106.5,106.2,105.5,1.402,3.83,98.1,0.28,25.7,0.937,28.4,42.4,88.5,14.23,0,1.3,98,0.5832,-13.7,NONE,0,,,
37.200000000001154,0,0,,4769.637425656284,77.83372460743817,838.5,839.1,838.9,836,106.1,106.2,106.1,105.5,1.413,3.84,98.1,0.274,25.7,0.94,28.4,43.1,88.4,14.3,0,1.2,98.1,0.5834,-13.9,NONE,0,,,
37.300000000001134,0,0,,4763.405321521103,77.50440589548025,839.8,837.6,837.4,840.4,106.7,105.7,106.1,105.9,1.402,3.84,98,0.282,25.6,0.941,28.4,43.1,88.8,14.25,0,0.9,98.1,0.583,-13.9,NONE,0,,,
37.400000000001114,0,0,,4764.191774724116,77.79469232307306,836.4,838.1,837.3,838.5,105.8,106.2,106.2,106.4,1.405,3.87,98.1,0.286,25.7,0.939,28.4,42.6,88.8,14.31,0,0.9,98.1,0.5828,-13.8,NONE,0,,,
37.500000000001094,0,0,,4771.356668093942,77.66791968111905,837.6,839.2,837.4,838.5,106.3,106,106.4,105.9,1.408,3.84,98,0.279,25.6,0.94,28.4,42.6,89,14.26,0,1.2,98.1,0.5831,-13.5,NONE,0,,,
37.600000000001074,0,0,,4758.9594799339875,77.78620887801947,839.6,837.4,838,840.1,106.3,106.1,105.8,106,1.405,3.83,98.1,0.289,25.8,0.942,28.4,42.1,88.6,14.32,0,1,98,0.583,-13.6,NONE,0,,,
37.700000000001054,0,0,,4763.162803033822,77.47251151859672,838.3,838.9,838.8,839.2,106.6,106.4,106,106.2,1.408,3.88,98.1,0.275,25.7,0.944,28.4,42.6,88.5,14.24,0,0.9,98,0.5832,-13.7,NONE,0,,,
37.74000000000105,0,1,37.820000000001045,4766.169383422405,77.53553135314179,836.8,836.1,840.8,839.4,105.6,106.5,105.9,106.2,1.412,3.8,97.9,0.273,25.6,0.939,28.4,42.2,88.3,14.25,0,1.1,98.1,0.5839,-13.7,NONE,0,NONE,100,751.4
37.800000000001035,0,0,,4764.795534295464,77.70269534031985,839.9,840.5,838.1,837.2,105.5,106.2,106.4,106.2,1.399,3.85,98.2,0.274,25.6,0.938,28.4,42.6,88.3,14.29,0,0.8,98,0.5827,-13.8,NONE,0,,,
37.900000000001015,0,0,,4760.664204336637,77.60816372424516,837.9,835.5,840.4,839.7,106.5,106.6,105.8,106.5,1.405,3.85,98.1,0.261,25.6,0.946,28.3,42.2,88.3,14.28,0,1.2,98.1,0.5836,-13.7,NONE,0,,,
38.000000000000995,0,0,,4760.876776678669,77.67576739734707,837.5,837.8,837.9,836.2,106.5,106.8,106.7,106.7,1.406,3.82,98.1,0.276,25.7,0.941,28.3,42.7,88.8,14.29,0,1.2,98.1,0.5839,-13.7,NONE,0,,,
38.100000000000975,0,0,,4769.819119998018,77.41186455543202,839.2,840,840.1,835.6,105.8,106,106.2,106.2,1.402,3.81,98,0.274,25.6,0.938,28.5,42.5,88,14.21,0,1.2,98.2,0.5842,-14,NONE,0,,,
38.200000000000955,0,0,,4764.526708202553,77.6252067146981,836.7,838.3,838.1,838.3,106.5,106.2,106.4,106.4,1.412,3.86,98.1,0.287,25.7,0.941,28.4,42.5,88.3,14.27,0,1.2,98.1,0.5835,-13.6,NONE,0,,,
38.300000000000935,0,0,,4760.849473757707,77.36448102459296,837.6,838.1,836.4,838.1,106.3,106.4,105.9,106.6,1.407,3.85,98,0.266,25.5,0.94,28.4,42.4,88.5,14.23,0,0.9,98,0.5845,-13.7,NONE,0,,,
38.400000000000915,0,0,,4762.502592669091,77.44258543351883,838.3,838.3,836.6,838.5,106.4,105.9,106.1,106.6,1.413,3.84,98,0.274,25.7,0.938,28.3,41.8,88.4,14.24,0,1.3,98,0.5834,-13.8,NONE,0,,,
38.500000000000895,0,0,,4759.3280872395335,77.47211363627244,837.8,836.2,838.4,837,106.4,106,106.1,106.1,1.406,3.87,98,0.273,25.6,0.941,28.3,42.1,88.5,14.25,0,0.9,98,0.5833,-13.7,NONE,0,,,
38.600000000000875,0,0,,4755.931245923053,77.43595109290452,839.7,835.1,836.1,838.8,106.7,106.5,106.2,107.1,1.409,3.82,98.1,0.268,25.6,0.936,28.4,41.9,88.8,14.26,0,1,98,0.5841,-13.7,NONE,0,,,
38.700000000000855,0,0,,4759.048979110514,77.45921710069722,835.9,837.1,837.5,837.5,105.9,106.3,105.6,106.5,1.397,3.87,98,0.284,25.6,0.939,28.4,41.9,88.5,14.25,0,1.2,98.1,0.5838,-13.7,NONE,0,,,
38.800000000000836,0,0,,4757.028832246217,77.30352203381216,836.9,835.7,838.3,838.3,106.2,106.8,106.5,106.4,1.41,3.86,98,0.265,25.5,0.943,28.5,41.8,88.5,14.23,0,1.2,98.1,0.5832,-13.5,NONE,0,,,
38.800000000000836,0,1,38.880000000000834,4757.028832246217,77.30352203381216,836.9,835.7,838.3,838.3,106.2,106.8,106.5,106.4,1.41,3.86,98,0.265,25.5,0.943,28.5,41.8,88.5,14.23,0,1.2,98.1,0.5832,-13.5,NONE,0,NONE,100,751.4
38.900000000000816,0,0,,4752.841962682017,77.42608322875355,836.3,836,833.1,836.9,105.9,106.3,106,105.9,1.399,3.84,98.1,0.286,25.6,0.937,28.4,42.7,88.9,14.26,0,1,98,0.5832,-13.8,NONE,0,,,
39.000000000000796,0,0,,4762.095323338045,77.48816522764105,837.7,837.3,834.7,835.8,106.6,106.3,105.7,105.5,1.404,3.85,98.2,0.281,25.6,0.938,28.4,42.6,88.5,14.25,0,1.1,98.1,0.5833,-13.7,NONE,0,,,
39.100000000000776,0,0,,4759.8491918110085,77.41429146956702,839.2,837.1,835.7,838.9,106.6,106.8,105.2,105.8,1.402,3.88,98.2,0.264,25.5,0.938,28.4,42.2,88.5,14.24,0,0.9,98.1,0.583,-13.6,NONE,0,,,
39.200000000000756,0,0,,4758.386136722686,77.39696496888807,836.1,837.6,835.2,836.8,106.4,106.2,106.7,106.1,1.404,3.85,98,0.278,25.5,0.94,28.5,43.3,88.6,14.24,0,1,98.1,0.5836,-13.7,NONE,0,,,
39.300000000000736,0,0,,4758.542317780749,77.41641570814386,835.3,837.5,836.3,836.9,106.1,105.8,106.7,106.3,1.405,3.85,98.1,0.276,25.6,0.952,28.5,42.4,88.5,14.25,0,0.9,98.1,0.5825,-13.6,NONE,0,,,
39.400000000000716,0,0,,4756.067043367487,77.2543883158031,837.8,836.2,839.1,835.9,106.2,105.9,106.3,106.4,1.407,3.84,98.2,0.284,25.6,0.938,28.3,42,89.1,14.22,0,1.1,98.1,0.5837,-13.8,NONE,0,,,
39.500000000000696,0,0,,4759.511061927881,77.48841763176786,837.2,835.8,835.5,836,106.5,105.8,106.5,105.9,1.406,3.85,98.1,0.281,25.6,0.942,28.3,42.4,88.6,14.26,0,1.2,98,0.5826,-13.9,NONE,0,,,
39.600000000000676,0,0,,4753.146284067677,77.44589274008506,837.1,836.8,835.4,838.2,106,105.9,106.5,105.7,1.406,3.87,97.9,0.281,25.6,0.936,28.4,41.9,88.4,14.27,0,1.1,98,0.5834,-13.7,NONE,0,,,
39.70000000000066,0,0,,4747.850998839462,77.43215814678011,840.1,838.2,835.6,836.2,106.1,106.3,106.6,105.8,1.405,3.87,98,0.265,25.6,0.942,28.4,42.3,88.5,14.28,0,1.2,98.1,0.5838,-13.7,NONE,0,,,
39.80000000000064,0,0,,4755.148540171203,77.51013798068479,838,838.2,838.6,838,106.5,106.2,106.1,106.3,1.397,3.84,98.2,0.276,25.6,0.937,28.4,42.2,88.4,14.27,0,1,98.1,0.5843,-13.8,NONE,0,,,
39.80000000000064,0,1,39.880000000000635,4755.148540171203,77.51013798068479,838,838.2,838.6,838,106.5,106.2,106.1,106.3,1.397,3.84,98.2,0.276,25.6,0.937,28.4,42.2,88.4,14.27,0,1,98.1,0.5843,-13.8,NONE,0,NONE,100,751.4
39.90000000000062,0,0,,4752.880145628416,77.3331410317729,837.4,836.3,836.4,836.3,106,106.3,106.4,105.8,1.401,3.88,98,0.276,25.5,0.941,28.4,42.8,88.5,14.24,0,1.2,98,0.5832,-13.7,NONE,0,,,
40.0000000000006,0,0,,4749.642856546158,77.2514832086144,837.8,837.6,836.8,836.7,106.3,106,106.8,105.9,1.407,3.84,98,0.273,25.5,0.941,28.5,41.7,88.5,14.24,0,0.8,98.1,0.5837,-13.6,NONE,0,,,
40.10000000000058,0,0,,4751.613793483912,77.6026143901816,836.7,836.1,834.7,838.2,105.9,105.8,106.3,106.6,1.398,3.84,98.1,0.277,25.7,0.941,28.4,41.8,88.6,14.3,0,0.8,98,0.584,-13.8,NONE,0,,,
40.20000000000056,0,0,,4756.827260549891,77.19979074251167,837,836,835.9,836.1,106.2,106.1,106.2,106,1.4,3.89,97.9,0.279,25.5,0.943,28.4,43.3,88.4,14.2,0,1.1,98.1,0.5836,-13.6,NONE,0,,,
40.30000000000054,0,0,,4752.45732691265,77.25531125127762,838.3,837.2,837,836.4,105.8,106.5,106.1,106.2,1.393,3.87,98.1,0.274,25.4,0.941,28.4,42.3,88.7,14.23,0,1,98.1,0.5833,-13.8,NONE,0,,,
40.40000000000052,0,0,,4752.089564158756,77.3889473200342,836.6,838.5,837.4,836.8,105.8,105.6,105.9,105.8,1.406,3.85,98.2,0.291,25.6,0.94,28.4,42.9,88.3,14.26,0,1.2,98.1,0.5826,-13.7,NONE,0,,,
40.5000000000005,0,0,,4750.266107439655,77.36971298746539,836.1,835.9,836,835.6,105.8,106.1,106.5,106.4,1.402,3.82,98,0.295,25.5,0.934,28.5,42.5,88.4,14.26,0,1,98.1,0.5839,-13.6,NONE,0,,,
40.60000000000048,0,0,,4753.301536779021,77.27417722693478,838.8,838.2,837.8,837,106.3,106.7,105.9,105.8,1.406,3.85,98,0.28,25.4,0.943,28.4,43.2,88.6,14.23,0,1.1,98,0.5834,-13.8,NONE,0,,,
40.70000000000046,0,0,,4753.849588410863,77.18743893472043,837.7,836.6,832.2,834.9,105.6,106.3,106,106.3,1.412,3.84,98.2,0.278,25.4,0.937,28.5,43.6,88.6,14.21,0,0.8,98.1,0.5832,-13.6,NONE,0,,,
40.80000000000044,0,0,,4747.093159146205,77.3185603568705,838,837.1,835.3,835.9,106,106.1,106.3,106.7,1.399,3.85,98.1,0.281,25.5,0.936,28.5,43.6,88.4,14.26,0,1.1,98.1,0.5837,-13.7,NONE,0,,,
40.80000000000044,0,1,40.880000000000436,4747.093159146205,77.3185603568705,838,837.1,835.3,835.9,106,106.1,106.3,106.7,1.399,3.85,98.1,0.281,25.5,0.936,28.5,43.6,88.4,14.26,0,1.1,98.1,0.5837,-13.7,NONE,0,NONE,100,751.4
40.90000000000042,0,0,,4744.93121664564,77.11208508383865,837.8,836.8,839.1,835.8,106.2,106.3,106.2,106,1.411,3.86,97.9,0.279,25.4,0.938,28.4,43.8,88,14.22,0,1.1,98.1,0.5835,-13.7,NONE,0,,,
41.0000000000004,0,0,,4748.711184692867,77.22713939722551,837.7,837.9,837.9,837.4,106.5,106.1,105.9,105.8,1.405,3.82,98.1,0.282,25.5,0.944,28.4,44.5,88.4,14.23,0,0.9,98,0.5834,-13.7,NONE,0,,,
41.10000000000038,0,0,,4756.661632399736,77.29651292957168,833.9,838.6,836.8,838,106.7,106.1,106.3,106.4,1.41,3.86,98,0.277,25.6,0.943,28.4,43.9,88.7,14.23,0,0.9,98,0.5841,-13.6,NONE,0,,,
41.20000000000036,0,0,,4741.973128709942,77.09821305291575,837.2,834.5,835.5,835.3,106,106.5,106,105.4,1.401,3.87,98,0.281,25.5,0.944,28.4,44.2,88.2,14.23,0,1.3,98.1,0.5839,-13.9,NONE,0,,,
41.30000000000034,0,0,,4750.3162894768775,77.26317886069496,836.9,836.4,837.5,836,106.3,105.9,106.3,106.2,1.405,3.82,98.1,0.284,25.5,0.945,28.4,43.6,88.2,14.24,0,1.2,98.1,0.5837,-13.7,NONE,0,,,
41.40000000000032,0,0,,4750.483032213757,77.12873877011113,835.7,837.2,836.7,834.6,106.3,106,106,105.9,1.406,3.85,98.1,0.271,25.4,0.938,28.3,44.5,88.8,14.21,0,1.1,98.1,0.583,-13.7,NONE,0,,,
41.5000000000003,0,0,,4745.5863526811445,77.3102918243949,837.4,833,837.5,836.9,106.6,105.4,105.8,105.8,1.399,3.86,98.1,0.279,25.5,0.944,28.4,44.5,88.6,14.26,0,1,98,0.5839,-13.6,NONE,0,,,
41.60000000000028,0,0,,4749.509866318207,77.15022340981835,836.6,837.6,835.7,839.7,105.9,106.2,106.4,105.9,1.403,3.87,98.1,0.28,25.5,0.941,28.4,44.1,88.5,14.21,0,0.9,98.1,0.5832,-13.7,NONE,0,,,
41.70000000000026,0,0,,4739.427296498638,77.1314925321778,837.5,837.4,832.9,834.8,106.6,105.8,105.9,106,1.402,3.86,98,0.271,25.4,0.941,28.4,43.3,88.6,14.24,0,0.9,98.1,0.5839,-13.9,NONE,0,,,
41.80000000000024,0,0,,4747.866689238959,77.10252949442477,837.4,837.2,838.8,838.6,106.2,106.4,105.8,105.9,1.404,3.83,98.3,0.272,25.4,0.946,28.3,44.6,88.5,14.21,0,1.2,98,0.5831,-13.6,NONE,0,,,
41.86000000000023,0,1,41.940000000000225,4751.767170750726,77.1976787004335,836.9,837.2,839.2,835,106.4,106.5,106.4,105.9,1.391,3.82,98.2,0.289,25.5,0.942,28.5,43.5,88.7,14.22,0,1.1,98.1,0.5829,-13.5,NONE,0,NONE,100,751.4
41.90000000000022,0,0,,4751.824681658503,77.34688807459108,835,836.9,836.6,836.9,106.3,106.3,106.1,106.1,1.396,3.82,98.3,0.284,25.5,0.943,28.5,43.9,88.5,14.25,0,1,98.1,0.5833,-13.7,NONE,0,,,
42.0000000000002,0,0,,4744.162557079893,77.17234634927432,838.7,836.2,836.7,838.3,105.6,105.8,106.5,105.7,1.395,3.86,98.1,0.289,25.4,0.947,28.3,43.1,88.5,14.23,0,1.1,98.1,0.5833,-13.7,NONE,0,,,
42.10000000000018,0,0,,4746.261329106254,77.20777665230703,838.5,836.9,836.1,838.5,106.6,105.7,105.8,106.3,1.4,3.88,98,0.281,25.5,0.94,28.3,43.7,88.8,14.24,0,0.9,98,0.5828,-13.8,NONE,0,,,
42.20000000000016,0,0,,4746.499300358367,77.24529299327747,835.9,836.4,837.7,836.8,106.1,106.5,106.1,105.5,1.391,3.83,98.2,0.287,25.5,0.948,28.4,44.1,88.8,14.24,0,1.1,98,0.5839,-13.8,NONE,0,,,
42.30000000000014,0,0,,4745.279750308771,77.21967486898609,837.3,836.5,837,835.7,106,105.7,106.5,106,1.397,3.84,98,0.274,25.4,0.937,28.5,43.7,88.5,14.24,0,1.3,98.1,0.5841,-13.7,NONE,0,,,
42.40000000000012,0,0,,4745.356161190809,77.15150791850064,837.1,835,837.9,836.3,105.7,105.8,105.5,105.5,1.4,3.85,97.9,0.293,25.4,0.94,28.3,44.7,88.7,14.23,0,1.1,98.1,0.5826,-13.6,NONE,0,,,
42.5000000000001,0,0,,4738.766063363093,76.90903065020028,838.1,834.4,838.7,837,105.9,106.3,105.8,105.9,1.402,3.83,98,0.29,25.3,0.938,28.4,44.9,88.4,14.19,0,0.9,98.1,0.5836,-13.8,NONE,0,,,
42.60000000000008,0,0,,4752.385670058208,77.16553829303784,837.9,837.3,837.2,834.6,106.1,106.5,105.9,105.8,1.395,3.87,98.1,0.273,25.5,0.94,28.4,43.9,88.6,14.21,0,0.9,98,0.5832,-13.7,NONE,0,,,
42.70000000000006,0,0,,4743.008738226879,77.34127930770681,835.1,837.3,835.8,837,106.6,106.6,105.8,106.2,1.403,3.87,97.9,0.285,25.4,0.945,28.4,44.6,88.1,14.27,0,0.8,98.1,0.5839,-13.8,NONE,0,,,
42.80000000000004,0,0,,4742.669360570142,77.03746309857421,835.3,836.9,839.2,835.5,106.2,106.4,105.8,106.3,1.398,3.84,97.8,0.275,25.4,0.94,28.4,44.3,88.6,14.21,0,1,98.1,0.583,-13.7,NONE,0,,,
42.90000000000002,0,0,,4749.3248175746285,77.12653478689339,836,837.9,837.3,837.2,105.9,105.5,106.6,105.8,1.396,3.87,98.1,0.287,25.5,0.938,28.4,44.7,88.4,14.21,0,1,98,0.584,-13.8,NONE,0,,,
42.91000000000002,0,1,42.990000000000016,4740.1278412292095,77.20134553017435,836.5,834.8,836.8,833.4,106.1,106,106.1,106.1,1.394,3.81,98.1,0.273,25.5,0.944,28.4,45.1,88.6,14.25,0,0.9,98.2,0.5846,-13.7,NONE,0,NONE,100,751.4
43,0,0,,4748.178907422394,77.11820120064617,837.7,835.9,836.6,836.9,106.4,106.3,105.9,105.9,1.406,3.85,98.1,0.273,25.5,0.936,28.4,45,88.3,14.21,0,1.1,98.1,0.5828,-13.8,NONE,0,,,
43.09999999999998,0,0,,4738.228673782564,77.13245997377281,838.2,836.1,834.6,836.1,105.8,106.1,106,105.9,1.388,3.85,97.9,0.29,25.5,0.944,28.4,44.1,88.8,14.24,0,1.1,98,0.5833,-13.7,NONE,0,,,
43.19999999999996,0,0,,4744.350457922986,77.00713829210693,835.6,838.2,836.3,837.5,106.1,106.2,105.8,106.1,1.397,3.84,98.1,0.28,25.4,0.943,28.4,44.3,88.2,14.2,0,0.8,98.1,0.5836,-13.7,NONE,0,,,
43.29999999999994,0,0,,4745.251451875011,77.08802674044739,834.9,836.2,837.1,836.3,105.9,105.4,106.2,105.9,1.401,3.84,98.1,0.277,25.5,0.939,28.4,44,88.4,14.21,0,1.2,98,0.5839,-13.8,NONE,0,,,
43.39999999999992,0,0,,4740.791055480219,77.04178431131822,837.5,836.4,835.8,835.6,105.7,106.4,105.5,105.9,1.401,3.84,98,0.274,25.4,0.942,28.4,44.2,88.5,14.22,0,1,98,0.5831,-13.8,NONE,0,,,
43.4999999999999,0,0,,4741.499003298283,77.11622526986345,833.6,837.4,835.8,835.2,106.9,106.2,105.7,106,1.406,3.85,97.9,0.276,25.5,0.939,28.3,44.2,88.3,14.23,0,1,98.1,0.5835,-13.6,NONE,0,,,
43.59999999999988,0,0,,4742.915702923735,77.04634697041928,837.2,838.1,836.1,834.7,106.1,106,105.7,105.8,1.393,3.85,98,0.274,25.3,0.938,28.3,44.2,88.6,14.21,0,0.9,98.1,0.5828,-14,NONE,0,,,
43.69999999999986,0,0,,4744.396425172553,76.95966215398964,836,837.9,838,833.7,106,106.1,105.5,106,1.399,3.83,98.1,0.275,25.3,0.941,28.4,44.3,88.3,14.19,0,0.8,98.1,0.5829,-13.8,NONE,0,,,
43.79999999999984,0,0,,4746.238566744779,77.12685256308103,836.1,835,835.3,835.8,105.4,105.4,105.4,106,1.397,3.85,97.9,0.284,25.5,0.938,28.4,43.7,88.8,14.22,0,0.8,98,0.583,-13.7,NONE,0,,,
43.89999999999982,0,0,,4742.336628464717,77.03139628827861,835.5,834.7,838.1,836.5,106,105.8,105.8,106.3,1.402,3.83,97.9,0.291,25.4,0.939,28.4,43.1,88.4,14.21,0,1.2,98.1,0.5835,-13.6,NONE,0,,,
43.93999999999981,0,1,44.01999999999981,4741.996037406769,77.0989108576844,835,836.1,835.4,837.3,106,106.2,105.9,105.7,1.398,3.86,97.9,0.269,25.4,0.942,28.4,43.3,88.5,14.23,0,1.1,98.2,0.5831,-13.7,NONE,0,NONE,99.9,751.4
43.9999999999998,0,0,,4745.662761024226,77.11386715709845,837,836.4,836.9,834.3,105.7,106.1,105.6,106,1.398,3.86,98,0.282,25.4,0.94,28.5,43.3,88.4,14.22,0,1.1,98,0.5837,-13.7,NONE,0,,,
44.09999999999978,0,0,,4743.711842829886,76.78633677271849,825.2,828,964.7,825.3,105.5,105.8,131,105.4,1.401,3.84,98,1.148,25.5,1.097,28.5,43.2,88.9,14.22,0.5,1.2,98.1,0.5836,-13.6,CYL3_INJECTOR,0.9,,,
44.19999999999976,0,0,,4742.414189928605,76.87584037040925,818.6,819,955.6,817.1,106,105.8,131.6,106.5,1.398,3.85,98.1,1.201,25.9,1.085,28.4,43,88.6,14.46,2.1,0.9,98.1,0.584,-13.8,CYL3_INJECTOR,0.9,,,
44.29999999999974,0,0,,4747.523549175899,76.96050305111521,810.7,813.3,941.2,812.4,106.6,106,131.6,105.9,1.397,3.85,98,1.107,26.2,1.064,28.4,43.8,88.5,14.65,3.5,1.4,98.1,0.5843,-13.7,CYL3_INJECTOR,0.9,,,
44.39999999999972,0,0,,4738.690220253185,77.05630023421021,806.8,810.4,929.3,808.4,106,105.8,130.7,105.8,1.399,3.87,98,1.222,26.6,1.051,28.4,43.4,88.6,14.87,4.8,1,98.1,0.5832,-13.8,CYL3_INJECTOR,0.9,,,
44.4999999999997,0,0,,4741.825136319597,77.13513431291392,804,804.5,921.6,802.6,105.6,106,131,106.1,1.388,3.87,97.8,1.058,27,1.041,28.4,43.8,88.7,15.03,5.9,0.9,98.1,0.5831,-13.7,CYL3_INJECTOR,0.9,,,
44.59999999999968,0,0,,4743.044015579494,77.10890096989745,799.2,800.9,923.6,799,106.7,106,131.1,105.8,1.393,3.88,98,1.242,27.2,1.031,28.4,43.9,88.7,15.15,6.9,1.1,98,0.5832,-13.5,CYL3_INJECTOR,0.9,,,
44.69999999999966,0,0,,4751.504373507566,77.11250863201911,796.9,798.5,930.7,795.7,105.8,106.3,131.6,106,1.405,3.86,97.8,1.255,27.4,1.017,28.4,44.1,88.7,15.25,7.8,1,98.1,0.583,-13.6,CYL3_INJECTOR,0.9,,,
44.79999999999964,0,0,,4731.526978682503,76.9566134090492,794.7,793.9,929.9,794.4,105.7,105.8,130.8,106.1,1.392,3.88,98,1.157,27.5,1.012,28.3,44.7,88.1,15.39,8.7,1,98.1,0.5846,-13.8,CYL3_INJECTOR,0.9,,,
44.89999999999962,0,0,,4744.806530299657,77.00380992762202,789.9,793.4,932.1,790.5,106,105.7,131.5,106.2,1.397,3.85,97.9,1.103,27.8,1.006,28.4,43.8,88.2,15.46,9.4,1,98.1,0.5833,-13.7,CYL3_INJECTOR,0.9,,,
44.979999999999606,0,1,45.059999999999604,4744.022222483365,77.08503261597882,790,791.5,929.3,788.9,106.1,106.2,131.1,105.8,1.4,3.85,98.1,1.185,28,0.997,28.5,43.9,88.8,15.56,10,1.2,98,0.583,-13.7,CYL3_INJECTOR,0.9,NONE,8.8,751.4
44.9999999999996,0,0,,4739.467076484111,77.06832193079578,789.4,787.6,924.1,789.7,105.7,105.8,131.1,106.4,1.398,3.86,98.2,1.278,28.1,1.001,28.4,43.8,88.5,15.58,10.1,1,98.1,0.584,-13.7,CYL3_INJECTOR,0.9,,,
45.09999999999958,0,0,,4741.485451101115,76.98554069698675,786,788.1,914.9,786.5,105.2,105.9,131.6,106.2,1.4,3.83,98.2,1.13,28.1,0.994,28.4,44.2,88.8,15.64,10.7,1,98,0.5839,-13.7,CYL3_INJECTOR,0.9,,,
45.19999999999956,0,0,,4739.759209988201,76.96232478328017,784.8,786.6,906.7,786.2,105.8,105.8,131.1,105.9,1.405,3.86,97.8,1.136,28.2,0.986,28.4,44.1,88.2,15.72,11.3,1.1,98.1,0.5842,-13.8,CYL3_INJECTOR,0.9,,,
45.29999999999954,0,0,,4741.064674114229,76.90155271976776,783.4,782.2,903,783.6,106.1,106.3,131.2,105.8,1.396,3.81,98,1.118,28.3,0.986,28.4,44.2,88.6,15.77,11.8,1.1,98.1,0.5835,-13.7,CYL3_INJECTOR,0.9,,,
45.39999999999952,0,0,,4741.222885561717,76.94286205932099,780.7,781,906.3,781.4,106,106,130.4,105.8,1.405,3.85,98,1.13,28.5,0.98,28.4,43.6,88.4,15.84,12.3,1.1,98.1,0.5842,-13.8,CYL3_INJECTOR,0.9,,,
45.4999999999995,0,0,,4735.904065680177,76.94778769986367,779.5,780.8,914.2,780.6,105.7,105.9,131,106.4,1.394,3.84,98.2,1.218,28.6,0.976,28.3,44.4,88.3,15.91,12.7,1,98.1,0.5839,-13.6,CYL3_INJECTOR,0.9,,,
45.59999999999948,0,0,,4744.100584634381,77.15851093478501,777.7,777.6,917.2,778.7,106.1,105.6,131.3,105.8,1.401,3.88,98.1,1.024,28.8,0.973,28.4,44.7,88.5,15.99,13.1,1.3,98.1,0.5838,-13.9,CYL3_INJECTOR,0.9,,,
45.69999999999946,0,0,,4734.594145944935,77.01200342001997,777.4,780.8,916.6,779.2,106.2,106.1,131,105.8,1.402,3.84,98,1.121,28.8,0.971,28.4,44.2,88.4,16.03,13.4,1.2,98,0.5836,-13.8,CYL3_INJECTOR,0.9,,,
45.79999999999944,0,0,,4737.707510546965,77.03217789920859,777,778.5,910.3,778.3,105.7,105.8,130.5,106.2,1.392,3.81,98,1.049,28.9,0.968,28.5,43.6,88.7,16.07,13.8,1.1,98.1,0.583,-13.7,CYL3_INJECTOR,0.9,,,
45.89999999999942,0,0,,4743.519556994727,77.0333224719984,775.7,776.7,902.6,775.2,105.9,105.7,131.4,105.9,1.394,3.84,98,0.986,29,0.965,28.4,43.8,88.5,16.09,14,0.9,98.1,0.5836,-13.8,CYL3_INJECTOR,0.9,,,
45.9999999999994,0,0,,4743.181158697788,77.01157662990408,776.3,773.8,898.5,773.7,106.2,105.8,131.4,106,1.401,3.85,98.1,1.163,29,0.968,28.5,43.2,88.5,16.12,14.3,1,98,0.583,-13.8,CYL3_INJECTOR,0.9,,,
46.0299999999994,0,1,46.109999999999395,4743.699535482751,76.94201716668975,775.7,777.2,892.4,776.9,105.7,105.8,131,106.4,1.396,3.85,98,1.075,29,0.964,28.5,44,88.4,16.11,14.4,0.9,98,0.5833,-13.8,CYL3_INJECTOR,0.9,CYL3_INJECTOR,7.7,5.5
46.09999999999938,0,0,,4741.878522192777,77.17239622892944,771,775.7,891.7,775.9,106,105.3,131.3,106.1,1.389,3.86,98,1.252,29.1,0.967,28.4,44.3,88.6,16.2,14.6,0.9,98.2,0.5829,-13.8,CYL3_INJECTOR,0.9,,,
46.19999999999936,0,0,,4742.397417264911,77.11199219404666,771.1,775.4,899,774.1,105.5,105.8,131.2,105.5,1.403,3.86,98.1,1.229,29.2,0.959,28.3,43.3,88.4,16.21,14.8,1.1,98.1,0.5835,-13.8,CYL3_INJECTOR,0.9,,,
46.29999999999934,0,0,,4736.759325444962,76.99016241668876,771.1,772,911.5,772.3,105.5,106,131.4,105.9,1.395,3.85,98,1.172,29.2,0.963,28.4,44,88.2,16.23,15,1.2,98,0.5843,-13.8,CYL3_INJECTOR,0.9,,,
46.399999999999324,0,0,,4732.3709200459125,76.9077185147903,771.2,773.9,914.5,770.5,105.8,106.2,131.3,105.5,1.402,3.84,98.2,1.164,29.2,0.958,28.5,42.9,88.7,16.22,15,0.9,98,0.5838,-13.7,CYL3_INJECTOR,0.9,,,
46.499999999999304,0,0,,4745.633367508113,77.11029483097211,772.9,774.2,913.3,774.6,105.7,105.4,131.2,106.2,1.4,3.86,98,1.072,29.3,0.957,28.3,43.1,88.4,16.23,15,1.2,98,0.583,-13.8,CYL3_INJECTOR,0.9,,,
46.599999999999284,0,0,,4746.783256399924,76.97451103350394,773,773.4,904.9,774,106.2,106,131.1,106.2,1.397,3.86,98,1.234,29.2,0.964,28.3,43.3,88.6,16.19,15,1.1,98.1,0.5834,-13.7,CYL3_INJECTOR,0.9,,,
46.699999999999264,0,0,,4744.3440347044625,76.99685847596112,771.9,772,899.5,770.8,105.8,106.1,131.1,106,1.397,3.86,98,0.989,29.2,0.959,28.4,43.5,88.4,16.21,15,1.3,98.1,0.5837,-13.7,CYL3_INJECTOR,0.9,,,
46.799999999999244,0,0,,4741.187572703618,76.97974905236995,771.3,772.7,893.2,774.4,106.2,105.9,131.2,105.9,1.396,3.88,98,1.235,29.1,0.96,28.4,43.3,88.8,16.21,15,1.2,98.1,0.5842,-13.8,CYL3_INJECTOR,0.9,,,
46.899999999999224,0,0,,4741.4113189219,76.94536674014275,773.1,773.3,889.8,774.2,105.6,106.1,131.5,105.7,1.391,3.83,98.1,1.257,29.3,0.955,28.4,43.2,88.5,16.2,15,0.8,98.1,0.584,-13.7,CYL3_INJECTOR,0.9,,,
46.999999999999204,0,0,,4733.242790591818,76.99766322029126,772.9,773,898,769,105.6,105.8,130.9,105.9,1.4,3.86,98.1,1.295,29.2,0.961,28.4,43.1,88.1,16.24,15,1,98,0.5843,-13.7,CYL3_INJECTOR,0.9,,,
47.049999999999194,0,1,47.12999999999919,4744.701499082029,76.95772338861815,771,775.7,902.3,770.4,105.5,105.8,131.7,105.8,1.405,3.89,98,1.284,29.1,0.959,28.4,42.3,88.6,16.2,15,1.1,98,0.5837,-13.9,CYL3_INJECTOR,0.9,CYL3_INJECTOR,9.6,3.9
47.099999999999184,0,0,,4746.375464818162,76.96395301268964,771.5,774.5,907.7,773.2,105.9,106.1,130.8,106.3,1.395,3.84,98.1,1.204,29.3,0.957,28.4,42.6,88.6,16.19,15,1,98.1,0.583,-13.8,CYL3_INJECTOR,0.9,,,
47.199999999999164,0,0,,4746.324685445396,77.04766554710918,770.6,771.7,913.3,771.6,105.6,106,131.2,105.8,1.401,3.87,97.9,1.139,29.2,0.957,28.3,42.9,88.4,16.21,15,1,98,0.5836,-13.6,CYL3_INJECTOR,0.9,,,
47.299999999999145,0,0,,4733.688880942364,76.90091533640052,770.1,775.3,912.3,772.1,105.4,105.5,131.6,106.1,1.395,3.87,98.2,1.067,29.2,0.96,28.4,42.3,88.5,16.22,15,1.2,98.1,0.584,-13.7,CYL3_INJECTOR,0.9,,,
47.399999999999125,0,0,,4742.953362247536,76.87756899101231,771,771.7,904.6,772,106.3,105.9,130.6,105.9,1.395,3.84,98.2,1.074,29.1,0.961,28.4,42.3,88.7,16.18,15,1.1,98.1,0.5841,-13.7,CYL3_INJECTOR,0.9,,,
47.499999999999105,0,0,,4743.636160589509,76.98516144898268,769.5,772.5,896,772,105.5,105.5,131,106.3,1.398,3.84,98,1.123,29.3,0.959,28.4,44,88.2,16.21,15,1,98,0.5838,-13.6,CYL3_INJECTOR,0.9,,,
47.599999999999085,0,0,,4738.657465657141,77.01726531425555,771.8,772.4,891.3,772.8,105.9,106.1,131.5,105.8,1.394,3.86,98.1,1.125,29.2,0.954,28.4,43,88.4,16.23,15,0.9,98.2,0.5831,-13.7,CYL3_INJECTOR,0.9,,,
47.699999999999065,0,0,,4739.721731681304,76.83775170187033,772.2,770.6,892.8,771.8,106.1,105.9,130.9,106.2,1.388,3.87,98,1.124,29.1,0.954,28.4,43.5,88.2,16.18,15,0.9,98.1,0.5841,-13.6,CYL3_INJECTOR,0.9,,,
47.799999999999045,0,0,,4737.9357658698955,76.92094400297283,770.9,774.5,903.9,773.7,105.7,105.6,131.7,106,1.389,3.86,98,1.109,29.3,0.956,28.4,43.1,88.2,16.21,15,1,98.1,0.5828,-13.7,CYL3_INJECTOR,0.9,,,
47.899999999999025,0,0,,4741.922982907342,76.88835712467103,771.2,773.6,909.4,773,105.2,106.1,131.3,106.4,1.398,3.87,98.1,1.263,29.2,0.96,28.3,43.5,88.7,16.19,15,0.9,98.1,0.584,-13.6,CYL3_INJECTOR,0.9,,,
47.999999999999005,0,0,,4739.327519543906,77.14941290624975,772.3,772.4,912.3,771.8,105.7,105.8,130.6,106.3,1.402,3.82,98,1.008,29.3,0.957,28.4,44.5,88.6,16.26,15,1,98.1,0.5834,-13.7,CYL3_INJECTOR,0.9,,,
48.099999999998985,0,0,,4742.601116751953,76.98981972522313,770.8,772.8,911.5,772.6,106,105.9,131,105.6,1.4,3.82,98,1.146,29.2,0.963,28.3,44.1,88.3,16.21,15,1.1,98,0.5834,-13.7,CYL3_INJECTOR,0.9,,,
48.099999999998985,0,1,48.179999999998984,4742.601116751953,76.98981972522313,770.8,772.8,911.5,772.6,106,105.9,131,105.6,1.4,3.82,98,1.146,29.2,0.963,28.3,44.1,88.3,16.21,15,1.1,98,0.5834,-13.7,CYL3_INJECTOR,0.9,CYL3_INJECTOR,9.4,3.3
48.199999999998965,0,0,,4746.541361831111,77.0750136618399,773.3,771.3,906.8,774.8,105.7,105.8,130.8,105.6,1.399,3.85,98,1.094,29.2,0.959,28.4,44.4,88.5,16.22,15,1,98.1,0.5836,-13.7,CYL3_INJECTOR,0.9,,,
48.299999999998946,0,0,,4740.713489205715,76.98992112710722,772.7,773.4,896.4,772.5,106.4,105.7,130.6,105.6,1.399,3.85,98.1,1.004,29.1,0.955,28.4,44.2,88.3,16.22,15,1.1,98.1,0.5831,-13.8,CYL3_INJECTOR,0.9,,,
48.399999999998926,0,0,,4744.887171768783,77.02309950930501,770.1,770.6,893.2,773.3,105.4,106.1,131.4,106.1,1.403,3.85,97.9,0.987,29.2,0.958,28.4,44.2,88.6,16.21,15,0.9,98.1,0.5831,-13.8,CYL3_INJECTOR,0.9,,,
48.499999999998906,0,0,,4739.1253203366905,77.10416964262399,777.3,774.8,891.2,772,105.8,105.8,131,105.3,1.391,3.83,97.9,1.103,29.2,0.955,28.4,45.2,88.1,16.25,15,1,98,0.5846,-13.7,CYL3_INJECTOR,0.9,,,
48.599999999998886,0,0,,4735.854631802506,77.14339400907616,773,771.5,898.7,772.5,105.6,105.6,131,106,1.408,3.88,98.1,1.177,29.3,0.958,28.4,45.2,88.7,16.27,15,0.9,98.1,0.5841,-13.5,CYL3_INJECTOR,0.9,,,
48.699999999998866,0,0,,4736.549760682541,76.98194687987643,771.9,771.3,910.1,773.4,105.6,106,131.1,105.5,1.405,3.84,98.3,1.156,29.2,0.958,28.3,45.1,88.4,16.23,15,1.3,98,0.5824,-13.8,CYL3_INJECTOR,0.9,,,
48.799999999998846,0,0,,4744.874135812853,77.01445392029616,771.8,774.2,915.6,772.5,105.9,105.8,131.2,106.1,1.395,3.85,97.9,1.078,29.3,0.958,28.4,44.6,88.4,16.21,15,1.2,98.1,0.5832,-13.7,CYL3_INJECTOR,0.9,,,
48.899999999998826,0,0,,4741.743530263965,77.08492934198614,772.1,772,911.4,771,105.6,105.8,130.9,105.8,1.398,3.85,98,1.194,29.3,0.961,28.4,45.5,88.6,16.24,15,0.9,98.1,0.5836,-13.8,CYL3_INJECTOR,0.9,,,
48.999999999998806,0,0,,4743.691430599599,77.01810671236613,770.4,772.6,903.6,771.8,105.8,105.2,130.8,106.2,1.401,3.9,98,1.157,29.2,0.963,28.5,45.1,88.9,16.21,15,1.2,98,0.5831,-13.7,CYL3_INJECTOR,0.9,,,
49.099999999998786,0,0,,4740.22902543009,77.04337979380384,771.3,776.2,896.6,774.4,106.1,105.9,131.1,105.5,1.403,3.86,98,1.096,29.3,0.958,28.4,45.2,88.4,16.23,15,0.8,98.1,0.5841,-13.8,CYL3_INJECTOR,0.9,,,
49.12999999999878,0,1,49.20999999999878,4747.393966858817,77.03369169342612,773,773.4,896,774.3,106.2,105.5,130.6,106.2,1.397,3.84,98.1,1.24,29.2,0.96,28.5,45.7,88.1,16.21,15,1.4,98.1,0.5832,-13.7,CYL3_INJECTOR,0.9,CYL3_INJECTOR,8.8,3.9
49.19999999999877,0,0,,4737.018747215666,77.16057376168533,773,773.8,890.7,771,106,105.7,130.9,105.7,1.397,3.83,98,1.281,29.2,0.954,28.4,45.4,88.3,16.27,15,1,98,0.5826,-13.6,CYL3_INJECTOR,0.9,,,
49.29999999999875,0,0,,4738.27273723653,76.98822320264992,773.2,775.2,896.3,771.6,106.1,105.8,131.2,105.7,1.401,3.84,98,1.122,29.2,0.963,28.3,45,88.3,16.22,15,1.2,98.1,0.5831,-13.9,CYL3_INJECTOR,0.9,,,
49.39999999999873,0,0,,4735.33892889087,76.95432169686694,775.4,774.3,902,771.4,106.1,105.6,131.2,105.6,1.412,3.88,97.8,1.191,29.1,0.952,28.4,45,88.1,16.23,15,1.5,98.1,0.5841,-13.6,CYL3_INJECTOR,0.9,,,
49.49999999999871,0,0,,4738.892623650977,77.07553992908313,772.3,771.3,910.7,774.7,105.9,105.5,131.1,105.9,1.399,3.83,97.9,0.967,29.2,0.962,28.4,45.8,88.5,16.24,15,1,98.1,0.5836,-13.8,CYL3_INJECTOR,0.9,,,
49.59999999999869,0,0,,4741.155168009444,77.01476868410862,772.9,773.9,911.7,774.3,105.9,105.5,130.6,105.5,1.391,3.87,98,1.057,29.2,0.957,28.4,45.8,88.5,16.22,15,1.4,98.1,0.5828,-13.6,CYL3_INJECTOR,0.9,,,
49.69999999999867,0,0,,4752.589083475366,77.02057088367923,772.8,772.8,907,773.7,105.6,105.9,131.2,106.1,1.391,3.83,98,1.26,29.3,0.959,28.3,45.8,88.6,16.19,15,1.1,98,0.5835,-13.7,CYL3_INJECTOR,0.9,,,
49.79999999999865,0,0,,4746.044964939825,77.12662119308342,770.6,772.4,902,772.5,106.1,105.6,131.5,105.8,1.401,3.85,97.8,1.268,29.3,0.958,28.4,45.7,88.4,16.23,15,1,98.1,0.5838,-13.7,CYL3_INJECTOR,0.9,,,
49.89999999999863,0,0,,4742.326764056775,77.20747238977243,770.5,774.2,893.5,771.9,105.9,105.6,130.9,106.5,1.398,3.86,97.9,1.024,29.3,0.962,28.4,45.8,88.5,16.26,15,0.8,98.1,0.5829,-13.9,CYL3_INJECTOR,0.9,,,
49.99999999999861,0,0,,4742.302121968258,76.9705843128711,770.6,774.5,893.1,772.7,106,105.9,131.1,106.1,1.403,3.87,97.9,1.1,29.2,0.963,28.4,46.4,88.5,16.21,15,1.2,98.1,0.5834,-13.7,CYL3_INJECTOR,0.9,,,
50.09999999999859,0,0,,4736.060568020406,77.03849349898853,771.8,774.3,898.7,774.8,105.6,106,131.2,105.9,1.396,3.88,98,1.357,29.2,0.964,28.4,45.1,88.3,16.24,15,1,98.1,0.5842,-13.7,CYL3_INJECTOR,0.9,,,
50.13999999999858,0,1,50.21999999999858,4743.224278953628,77.05135347475759,772.6,774.3,897.2,772.9,106,105.5,131,106,1.402,3.83,97.9,1.1,29.2,0.961,28.4,45.8,88.6,16.22,15,1,98.1,0.5838,-13.8,CYL3_INJECTOR,0.9,CYL3_INJECTOR,9.8,3.6
50.19999999999857,0,0,,4740.363580041396,77.16839820003662,771.3,771.4,904.9,774.4,106.4,105.2,131.4,105.7,1.393,3.83,98,1.154,29.2,0.957,28.5,44.5,88.5,16.26,15,1,98.1,0.5834,-13.8,CYL3_INJECTOR,0.9,,,
50.29999999999855,0,0,,4738.860720215543,77.15114242238386,770.2,776,909.6,771.5,105.5,105.6,130.7,105.5,1.397,3.83,98,1.363,29.4,0.958,28.4,45.5,88.7,16.26,15,1.1,98.1,0.5828,-13.9,CYL3_INJECTOR,0.9,,,
50.39999999999853,0,0,,4746.148722251242,77.20802969246492,772.5,772.8,911.9,772.6,105.3,105.5,130.5,105.7,1.402,3.86,97.9,0.888,29.3,0.96,28.4,45.1,87.9,16.25,15,1.2,98.1,0.5845,-13.8,CYL3_INJECTOR,0.9,,,
50.49999999999851,0,0,,4744.1201637349195,77.07988744790529,773.7,773.3,906.8,773.3,105.3,105.2,130.7,105.7,1.396,3.86,98.1,1.175,29.3,0.955,28.5,45.4,88.4,16.23,15,0.8,98.1,0.5835,-13.7,CYL3_INJECTOR,0.9,,,
50.59999999999849,0,0,,4742.459528768757,77.20653196460263,771.2,773.5,901.4,770.4,105.8,105.5,131.2,105.7,1.4,3.84,98.1,1.299,29.4,0.954,28.4,44.8,88.4,16.26,15,0.9,98,0.5838,-13.6,CYL3_INJECTOR,0.9,,,
50.69999999999847,0,0,,4735.276054090313,77.15892652724236,773.4,774.2,894,772.5,105.6,105.5,130.7,106.2,1.395,3.85,98,1.068,29.3,0.955,28.3,44.2,88.5,16.28,15,0.8,98.1,0.5848,-13.8,CYL3_INJECTOR,0.9,,,
50.79999999999845,0,0,,4745.3285742462385,77.04564185556166,772.2,772.7,892.5,774.2,105.9,105.5,131,105.8,1.398,3.86,97.9,1.06,29.2,0.959,28.4,44.1,88.6,16.22,15,1.1,98.1,0.5831,-13.8,CYL3_INJECTOR,0.9,,,
50.89999999999843,0,0,,4744.642665760941,77.00823450726762,772.6,774,896.1,774.1,106,105.1,131.3,105.9,1.4,3.85,97.9,1.046,29.2,0.96,28.4,44.1,88.7,16.21,15,1.2,98.1,0.5835,-13.7,CYL3_INJECTOR,0.9,,,
50.99999999999841,0,0,,4744.597884192738,77.14605713483684,774,773.9,903.8,772.5,105.4,105.9,130.5,106,1.399,3.86,98,1.224,29.3,0.96,28.5,43.5,88.2,16.24,15,1.3,98.1,0.5839,-13.9,CYL3_INJECTOR,0.9,,,
51.09999999999839,0,0,,4740.702827736919,77.03430081684154,772,776.6,912.1,773,106.3,105.4,130.7,105.2,1.4,3.83,97.9,1.297,29.2,0.961,28.4,44.3,88.4,16.23,15,1,98.1,0.5825,-13.7,CYL3_INJECTOR,0.9,,,
51.18999999999837,0,1,51.26999999999837,4745.739596553275,76.96999809078812,773.6,773.8,914.1,774.1,105.7,105.5,130.9,105.8,1.4,3.84,97.8,1.192,29.2,0.955,28.4,44.7,88.6,16.2,15,1.1,98.1,0.5841,-13.6,CYL3_INJECTOR,0.9,CYL3_INJECTOR,9.6,4.2
51.19999999999837,0,0,,4752.64352725306,77.06613792349414,774,776.1,913.6,770.8,105.6,105.8,131.1,105.7,1.401,3.84,98,1.22,29.2,0.954,28.4,44.5,88.7,16.2,15,1,98.1,0.5836,-13.7,CYL3_INJECTOR,0.9,,,
51.29999999999835,0,0,,4742.586255728614,77.14190079603121,770.3,774.3,909.4,775.4,105.5,106.3,131,105.7,1.395,3.85,97.9,1.249,29.2,0.956,28.4,43.5,88.3,16.25,15,0.8,98.1,0.5848,-13.8,CYL3_INJECTOR,0.9,,,
51.39999999999833,0,0,,4741.8439262753445,77.14477921451429,772.2,773,900.4,771.5,105.3,105.9,130.7,105.3,1.396,3.85,97.9,1.186,29.4,0.958,28.3,43.9,88.5,16.25,15,1.1,98.1,0.5842,-13.9,CYL3_INJECTOR,0.9,,,
51.49999999999831,0,0,,4742.8136005966735,77.06507133027105,769.5,772.5,891.3,773.9,105.3,105.4,130.9,106,1.399,3.86,98,0.971,29.2,0.959,28.4,43.5,88.4,16.23,15,1.1,98.1,0.5838,-13.7,CYL3_INJECTOR,0.9,,,
51.59999999999829,0,0,,4745.446493071589,77.21246077475564,772.4,775.1,893.6,771.5,105.7,105.7,130.8,105.5,1.407,3.85,97.9,1.234,29.3,0.952,28.4,44.4,88.2,16.26,15,1.2,98.1,0.5829,-13.7,CYL3_INJECTOR,0.9,,,
51.69999999999827,0,0,,4754.037977078756,77.37710127556866,772.4,773.7,899.8,773.4,106.1,105.6,130.9,106.6,1.395,3.86,98,0.92,29.4,0.962,28.4,44.2,88.3,16.27,15,1.2,98.1,0.5835,-13.6,CYL3_INJECTOR,0.9,,,
51.79999999999825,0,0,,4748.1191330851525,77.07865057193511,774.1,773.4,906.8,774.3,104.7,105.8,130.9,106,1.401,3.85,98.1,1.362,29.2,0.959,28.4,44.6,88.4,16.21,15,1.1,98.1,0.5837,-13.9,CYL3_INJECTOR,0.9,,,
51.89999999999823,0,0,,4745.654958066681,77.03064284855539,772.5,773.4,911.9,772.8,105.9,105.5,130.8,105.3,1.402,3.83,98.1,1.004,29.2,0.96,28.4,43.3,88.5,16.21,15,1.3,98.1,0.5836,-13.8,CYL3_INJECTOR,0.9,,,
51.99999999999821,0,0,,4747.525198398359,77.1074407134051,772.7,774.5,914.4,774,106.1,105.9,130.7,105.7,1.401,3.81,97.9,0.993,29.4,0.953,28.4,44.2,88.5,16.22,15,1,98.2,0.5838,-13.7,CYL3_INJECTOR,0.9,,,
52.09999999999819,0,0,,4752.655935171054,77.25455633903744,772,775.8,908.3,773.7,105.3,106,130.7,105.3,1.395,3.9,98.1,1.11,29.3,0.958,28.4,44.2,88.5,16.24,15,1.2,98.1,0.5828,-13.8,CYL3_INJECTOR,0.9,,,
52.19999999999817,0,0,,4747.926070660403,77.0986406314173,774.2,774,898.3,772.9,105.8,105.8,130.5,105.3,1.398,3.86,98.1,1.128,29.3,0.961,28.4,44.7,88.7,16.22,15,1.1,98,0.5833,-13.8,CYL3_INJECTOR,0.9,,,
52.229999999998164,0,1,52.30999999999816,4746.465975154534,77.15246437850797,771.2,773.2,900.6,772.6,105.6,106.1,130.6,105.8,1.394,3.84,98.1,1.088,29.3,0.962,28.4,44.5,88.5,16.24,15,1.1,98,0.584,-13.8,CYL3_INJECTOR,0.9,CYL3_INJECTOR,7.5,3.4
52.29999999999815,0,0,,4750.132228765475,77.09820194802708,773.4,775.8,891.2,774.8,105.8,105.2,130.2,105.2,1.403,3.86,98,1.077,29.3,0.957,28.4,44.3,88.6,16.21,15,1.1,98.1,0.5844,-13.7,CYL3_INJECTOR,0.9,,,
52.39999999999813,0,0,,4753.854735565804,77.28182298821926,771.8,776,891.7,772.3,105.1,106,130.9,105.7,1.401,3.82,97.9,1.032,29.3,0.949,28.5,44,88.7,16.24,15,1.1,98.1,0.5839,-13.7,CYL3_INJECTOR,0.9,,,
52.49999999999811,0,0,,4747.880569927098,77.22545852564728,772.1,773.6,898.7,775.7,105.7,105.1,131.1,105.9,1.403,3.83,97.9,1.147,29.3,0.963,28.4,43.2,88.7,16.25,15,1.1,98.1,0.5833,-13.7,CYL3_INJECTOR,0.9,,,
52.59999999999809,0,0,,4754.149092272302,77.20273142318432,774.1,774.5,907.7,773.4,105.7,105.2,130.8,105.4,1.394,3.85,98.1,1.129,29.4,0.958,28.3,44,88.4,16.22,15,0.9,98.2,0.583,-13.7,CYL3_INJECTOR,0.9,,,
52.69999999999807,0,0,,4744.240823283515,77.15311180118573,774,774.7,915.7,776.5,105.3,105.9,130.3,105.4,1.411,3.86,98.1,0.922,29.2,0.96,28.5,44.2,88.3,16.24,15,1.1,98.1,0.5835,-13.8,CYL3_INJECTOR,0.9,,,
52.79999999999805,0,0,,4747.312711582302,77.02299749647625,771.8,777,911.8,772.7,105.6,105.8,130.6,105.7,1.4,3.84,97.9,1.029,29.2,0.958,28.5,44.3,88.6,16.2,15,1.3,98.1,0.5826,-13.6,CYL3_INJECTOR,0.9,,,
52.89999999999803,0,0,,4747.963070599149,77.1904684724476,773,773.9,906.2,772.2,105.7,105.5,130.6,105.5,1.405,3.83,98.1,1.17,29.3,0.959,28.4,43.8,88.2,16.24,15,1,98.1,0.5829,-13.7,CYL3_INJECTOR,0.9,,,
52.99999999999801,0,0,,4751.912150379955,77.08318080402351,772.7,773.2,896.9,770.7,105.6,105.8,130.5,105.1,1.404,3.82,97.8,1.192,29.2,0.955,28.5,44.3,88.4,16.2,15,1.1,98.1,0.5836,-13.8,CYL3_INJECTOR,0.9,,,
53.09999999999799,0,0,,4753.186600523973,77.2104641320763,772.5,773.2,891,772.8,105.5,105.7,130.9,106.2,1.399,3.85,97.9,1.168,29.3,0.956,28.4,43.9,88.8,16.23,15,1.4,98.1,0.5838,-13.7,CYL3_INJECTOR,0.9,,,
53.19999999999797,0,0,,4762.826924699844,77.02753740081582,772.8,773.5,891.5,774,105.6,105.4,131.2,105.4,1.403,3.88,97.9,1.1,29.2,0.952,28.5,43.4,88.5,16.15,15,1.1,98,0.5838,-13.6,CYL3_INJECTOR,0.9,,,
53.29999999999795,0,0,,4743.434106503905,77.42923435264318,771.2,773.9,899,774.6,105.6,105.5,130.7,105.9,1.401,3.88,97.9,1.116,29.3,0.958,28.4,44,88.4,16.31,15,1,98.2,0.5831,-13.9,CYL3_INJECTOR,0.9,,,
53.29999999999795,0,1,53.37999999999795,4743.434106503905,77.42923435264318,771.2,773.9,899,774.6,105.6,105.5,130.7,105.9,1.401,3.88,97.9,1.116,29.3,0.958,28.4,44,88.4,16.31,15,1,98.2,0.5831,-13.9,CYL3_INJECTOR,0.9,CYL3_INJECTOR,7.7,5
53.39999999999793,0,0,,4755.3253468442335,77.48913796997262,770.7,774.4,911.1,773.6,105.5,105.8,130.3,105.6,1.402,3.88,97.9,1.15,29.4,0.959,28.4,43.6,88.5,16.29,15,1.2,98.1,0.5831,-13.8,CYL3_INJECTOR,0.9,,,
53.49999999999791,0,0,,4752.0220651262225,77.49774432105052,772.3,775.5,914,774.3,105.8,105.8,130.8,104.8,1.404,3.85,98,1.116,29.4,0.957,28.4,44.5,88.8,16.3,15,0.9,98.1,0.5831,-13.7,CYL3_INJECTOR,0.9,,,
53.59999999999789,0,0,,4754.917886072638,77.30752168850618,771.2,772,911.3,774.2,105.9,105.5,130.4,105.8,1.397,3.83,98.2,1.132,29.4,0.958,28.4,43.9,88.5,16.25,15,1,98.1,0.5833,-13.7,CYL3_INJECTOR,0.9,,,
53.69999999999787,0,0,,4750.512659313244,77.3819191059101,772.3,772.4,905.4,772.5,106,105.7,130.6,105.9,1.403,3.83,98,1.119,29.4,0.966,28.3,44.2,88.4,16.28,15,0.9,98.1,0.5836,-13.8,CYL3_INJECTOR,0.9,,,
53.79999999999785,0,0,,4753.827095634185,77.47339114471049,776.2,775,895.6,772.2,106.2,105.2,130.6,105.5,1.396,3.86,98,1.158,29.5,0.963,28.5,44.2,88.4,16.29,15,1.1,98.2,0.5841,-13.7,CYL3_INJECTOR,0.9,,,
53.89999999999783,0,0,,4751.388402725348,77.4712777674508,771.8,773.8,892.2,772.4,105.5,105.6,130.6,106.2,1.397,3.86,97.8,1.007,29.4,0.963,28.3,43.8,88.6,16.3,15,1.2,98.1,0.5834,-13.8,CYL3_INJECTOR,0.9,,,
53.99999999999781,0,0,,4759.081834225766,77.39180314492235,769.1,774.3,895,774,105.9,106.1,130.6,105.8,1.406,3.86,97.9,1.174,29.4,0.963,28.3,43.5,88.4,16.25,15,0.9,98,0.5836,-13.7,CYL3_INJECTOR,0.9,,,
54.09999999999779,0,0,,4750.202916494289,77.43738464710702,773.6,773.6,903.5,772.9,105.8,105.9,130.8,105.4,1.398,3.84,98,1.24,29.4,0.955,28.4,43.8,88.4,16.29,15,1.1,98.1,0.5834,-13.7,CYL3_INJECTOR,0.9,,,
54.19999999999777,0,0,,4756.346240549234,77.19944629326426,772.4,772.6,913.2,771.5,105.7,105.7,130.8,105.4,1.401,3.82,97.9,1.14,29.3,0.956,28.5,43.9,88.3,16.22,15,1.2,98.2,0.5839,-13.7,CYL3_INJECTOR,0.9,,,
54.29999999999775,0,0,,4757.353768948033,77.4380499483379,771.8,775.7,915,774.3,105.7,105.5,130.8,105.3,1.391,3.84,98,1.178,29.4,0.96,28.3,44.1,88.7,16.27,15,0.9,98.1,0.5837,-13.9,CYL3_INJECTOR,0.9,,,
54.35999999999774,0,1,54.43999999999774,4758.369426011836,77.39453258305275,772.7,775.2,915.4,773.3,105.3,105.9,130.6,105.7,1.404,3.87,97.9,1.231,29.4,0.959,28.3,43.5,88.4,16.26,15,1.2,98.1,0.5834,-13.6,CYL3_INJECTOR,0.9,CYL3_INJECTOR,9.2,4.3
54.39999999999773,0,0,,4745.749235230743,77.47059987025027,774,776.4,913.5,772.3,105.2,105.2,130.5,105.7,1.402,3.85,97.9,1.187,29.3,0.959,28.3,43.8,88.5,16.32,15,1.1,98.1,0.5839,-13.5,CYL3_INJECTOR,0.9,,,
54.49999999999771,0,0,,4750.989702548307,77.36791310975856,772.7,775.1,904.2,774.1,106.1,105.8,130.3,105.6,1.404,3.82,97.9,1.179,29.3,0.96,28.3,43.4,88.7,16.28,15,1.1,98.1,0.5842,-13.7,CYL3_INJECTOR,0.9,,,
54.59999999999769,0,0,,4754.814415038967,77.46203217393249,772.1,772.9,895.8,774.7,105.7,105.1,130.9,106.1,1.403,3.88,97.9,1.092,29.5,0.96,28.4,43,88.2,16.29,15,0.8,98,0.5837,-13.6,CYL3_INJECTOR,0.9,,,
54.69999999999767,0,0,,4757.418834536227,77.42186717672817,772,777,890,774.1,106,105.2,130.9,105,1.397,3.86,98,1.133,29.4,0.964,28.5,43.8,88.2,16.27,15,1.1,98.1,0.5832,-13.7,CYL3_INJECTOR,0.9,,,
54.79999999999765,0,0,,4752.161419432918,77.46820433677574,773.2,773.8,892.4,773.3,106.2,105.2,130.4,105.9,1.403,3.81,98.1,1.119,29.4,0.958,28.5,43.4,88.3,16.3,15,0.9,98.1,0.5834,-13.8,CYL3_INJECTOR,0.9,,,
54.89999999999763,0,0,,4757.84056719947,77.36801235012422,773.2,774.7,902.9,775.1,105.5,105.9,130.4,106.3,1.403,3.87,98,1.249,29.4,0.96,28.4,43.5,88.3,16.25,15,1.3,98.1,0.5837,-13.8,CYL3_INJECTOR,0.9,,,
54.99999999999761,0,0,,4760.017854028811,77.49251649624674,773.5,774.7,911.7,775.4,105.4,105.7,130.9,105.3,1.409,3.86,97.8,1.005,29.4,0.956,28.4,43.4,88.7,16.28,15,1,98.1,0.5833,-13.8,CYL3_INJECTOR,0.9,,,
55.09999999999759,0,0,,4762.707424116289,77.4651322451642,773.7,776.9,914.6,772.8,106,105.6,131,104.8,1.401,3.88,97.9,1.335,29.4,0.954,28.4,44,88.6,16.26,15,1.1,98.1,0.5834,-13.8,CYL3_INJECTOR,0.9,,,
55.19999999999757,0,0,,4762.247451966092,77.50933219974686,773.7,775.5,914.2,774.5,105.8,105.8,130.2,105.7,1.403,3.84,98,1.224,29.5,0.962,28.4,43.3,88.9,16.27,15,1.3,98.1,0.5829,-13.7,CYL3_INJECTOR,0.9,,,
55.29999999999755,0,0,,4757.848931119188,77.60446454503278,771.8,775.7,900.7,773.4,106.2,105.7,130.8,106.5,1.408,3.83,97.8,1.086,29.4,0.959,28.4,42.3,88.8,16.31,15,1.2,98.2,0.5838,-13.8,CYL3_INJECTOR,0.9,,,
55.35999999999754,0,1,55.43999999999754,4764.82498319755,77.50335257552477,771.6,775.4,897,774.3,106.2,106,130.8,105.2,1.402,3.86,98,1.207,29.5,0.959,28.5,43.5,88.5,16.26,15,0.8,98.1,0.5842,-13.9,CYL3_INJECTOR,0.9,CYL3_INJECTOR,8,4
55.39999999999753,0,0,,4762.539781175262,77.41629701357112,772.3,773.9,895.9,774.5,105.8,105.5,130.8,105.6,1.404,3.85,98,1.289,29.4,0.957,28.4,43.5,88.5,16.25,15,1.3,98.2,0.5841,-13.7,CYL3_INJECTOR,0.9,,,
55.49999999999751,0,0,,4762.018515316074,77.75666922379317,774.3,775.8,892.7,775.2,105.6,105.5,131.1,105.6,1.399,3.84,97.9,1.14,29.6,0.959,28.5,42.5,88.3,16.33,15,1.1,98.1,0.5837,-13.6,CYL3_INJECTOR,0.9,,,
55.59999999999749,0,0,,4756.667702596715,77.52218630624402,773.4,776,896.6,773.6,105.7,105.3,131.1,105.9,1.406,3.86,97.8,1.127,29.5,0.954,28.3,43.1,88.6,16.29,15,0.9,98.1,0.5842,-14,CYL3_INJECTOR,0.9,,,
55.69999999999747,0,0,,4762.820826678241,77.69796376805856,773.4,773.9,905.1,772.3,105.6,105.6,130.8,106.1,1.404,3.87,97.9,1.038,29.6,0.95,28.4,42.8,88.6,16.32,15,0.9,98.1,0.5835,-13.7,CYL3_INJECTOR,0.9,,,
55.79999999999745,0,0,,4765.299024733354,77.49892098994012,773,774.9,909.3,775,105.6,105.8,130.3,105.3,1.399,3.86,98,1.102,29.5,0.956,28.5,43.1,88.4,16.26,15,0.8,98.1,0.5836,-13.8,CYL3_INJECTOR,0.9,,,
55.89999999999743,0,0,,4764.166398016256,77.54772074482788,773.8,776.5,913.9,772.6,105.2,106.2,130.5,105.6,1.403,3.85,98,1.008,29.5,0.961,28.3,43.5,88.4,16.28,15,1.1,98.1,0.5834,-13.7,CYL3_INJECTOR,0.9,,,
55.999999999997414,0,0,,4759.397424872473,77.57830776098059,774.2,775.6,909.2,774.6,105.7,105.8,130.5,105.2,1.41,3.88,97.9,1.324,29.5,0.963,28.4,43.4,88.4,16.3,15,1.1,98.1,0.5837,-13.7,CYL3_INJECTOR,0.9,,,
56.099999999997394,0,0,,4765.748680434782,77.36931040061046,773.1,773.7,899.5,772.5,105.9,105.7,130.6,106.2,1.408,3.86,98,1.096,29.4,0.958,28.4,43.4,88.1,16.23,15,1,98.1,0.5835,-13.9,CYL3_INJECTOR,0.9,,,
56.199999999997374,0,0,,4767.025086070272,77.68581673866896,770.6,775.5,894.5,772.9,105.6,105.8,130.7,105.9,1.404,3.87,98,1.192,29.5,0.959,28.3,44,88.3,16.3,15,1,98.1,0.583,-13.7,CYL3_INJECTOR,0.9,,,
56.299999999997354,0,0,,4761.177475160589,77.59988338229756,774.4,775.3,893.8,777.5,105.7,105.5,130.7,105.2,1.406,3.8,98,1.129,29.6,0.957,28.4,43.2,88.4,16.3,15,1,98.1,0.5837,-13.8,CYL3_INJECTOR,0.9,,,
56.399999999997334,0,0,,4764.132520634943,77.47303604505873,772.5,773.9,897.9,774,105.5,105.9,131.2,105.3,1.41,3.86,97.9,1.058,29.4,0.962,28.3,43.6,88.6,16.26,15,1.2,98.1,0.5832,-13.7,CYL3_INJECTOR,0.9,,,
56.42999999999733,0,1,56.509999999997326,4773.995559262065,77.62908069426507,773,773.2,900.2,773.4,105.5,105.8,131.2,105.4,1.401,3.84,98.1,1.111,29.5,0.961,28.5,44.9,88.4,16.26,15,1.2,98,0.584,-13.7,CYL3_INJECTOR,0.9,CYL3_INJECTOR,6.7,3.6
56.499999999997314,0,0,,4765.695044302922,77.69532415107113,772,775.4,906.8,774.4,106,105.4,130.7,105.8,1.409,3.86,97.9,1.184,29.6,0.958,28.4,43.8,88.3,16.31,15,1.1,98.1,0.5843,-13.9,CYL3_INJECTOR,0.9,,,
56.599999999997294,0,0,,4765.601778823172,77.43312044527934,774.9,774.5,912.7,773.6,105.3,105.9,131.1,105.7,1.414,3.83,97.9,1.11,29.5,0.957,28.5,43.1,88.4,16.24,15,1,98.1,0.5843,-13.6,CYL3_INJECTOR,0.9,,,
56.699999999997274,0,0,,4767.202978200154,77.60231204040034,772.8,774.5,913.8,774.4,105.2,105.8,130.9,105.6,1.409,3.82,98,1.238,29.5,0.961,28.3,43.2,88.4,16.28,15,1.1,98.1,0.5835,-13.8,CYL3_INJECTOR,0.9,,,
56.799999999997254,0,0,,4758.712052002112,77.57251841900064,771.6,775.2,908.4,774.1,105.6,105.5,130.4,105.7,1.412,3.82,98,1.069,29.5,0.96,28.3,42.6,88.1,16.3,15,0.9,98.1,0.5841,-13.8,CYL3_INJECTOR,0.9,,,
56.899999999997235,0,0,,4761.089446840193,77.66104994863244,771.8,775,901.9,773.7,105.6,105.5,130.4,105.7,1.403,3.86,97.9,1.194,29.5,0.956,28.4,44.2,88.6,16.31,15,0.8,98.2,0.5832,-13.8,CYL3_INJECTOR,0.9,,,
56.999999999997215,0,0,,4767.52292854169,77.5578961742406,771.2,777.6,892.6,777,105.3,105.5,130.9,105.5,1.409,3.88,98,1.206,29.5,0.957,28.3,42.8,88.2,16.27,15,1,98.2,0.5825,-13.5,CYL3_INJECTOR,0.9,,,
57.099999999997195,0,0,,4768.809866258033,77.70557076839718,775.3,776.2,890.9,774.3,105.6,105.8,130.8,105.1,1.405,3.84,97.9,1.217,29.6,0.96,28.4,42.8,88.6,16.3,15,1.2,98.2,0.5841,-13.7,CYL3_INJECTOR,0.9,,,
57.199999999997175,0,0,,4772.171511537002,77.77103680754024,774.4,775.1,897.3,774.8,106,105.1,130.9,105.6,1.408,3.87,98,1.264,29.6,0.957,28.3,42.2,88.2,16.3,15,0.7,98.1,0.5837,-13.7,CYL3_INJECTOR,0.9,,,
57.299999999997155,0,0,,4771.768291734383,77.73995015868769,771.6,776.8,908.4,775.1,105.8,105.5,130.7,105.8,1.403,3.87,97.7,1.04,29.5,0.96,28.3,43.7,88.6,16.3,15,1.3,98.2,0.5831,-13.9,CYL3_INJECTOR,0.9,,,
57.399999999997135,0,0,,4775.13605113318,77.68636135894631,775.7,772.3,913,774.3,106.2,105.7,130.7,105.3,1.415,3.83,97.9,1.076,29.6,0.962,28.5,42.2,88.8,16.27,15,1,98.1,0.5834,-14,CYL3_INJECTOR,0.9,,,
57.449999999997125,0,1,57.52999999999712,4765.443204834389,77.76007178681706,774.1,777.3,915.6,771.5,105.5,105.1,130.8,106.3,1.415,3.86,97.9,1.278,29.6,0.959,28.4,42.7,88.5,16.32,15,0.9,98,0.5832,-13.6,CYL3_INJECTOR,0.9,CYL3_INJECTOR,7.9,4.1
57.499999999997115,0,0,,4768.439980195133,77.85586254623665,773.1,776.3,914.6,775,105.7,105.8,130.8,106.1,1.411,3.87,97.9,1.164,29.6,0.961,28.3,42.7,88.7,16.34,15,1.2,98.1,0.5827,-13.7,CYL3_INJECTOR,0.9,,,
57.599999999997095,0,0,,4773.476235368189,77.71406967037973,774.9,775.5,908.9,773.2,105.5,105.7,130.5,105.6,1.411,3.86,97.8,1.133,29.5,0.961,28.3,42.7,88.5,16.29,15,0.8,98,0.583,-13.6,CYL3_INJECTOR,0.9,,,
57.699999999997075,0,0,,4771.763651866612,77.92773765852645,775.1,772.7,898.8,777.7,105.2,106.1,130.8,105.9,1.406,3.85,98,1.407,29.7,0.959,28.4,42.6,88.6,16.34,15,0.9,98.2,0.5833,-13.7,CYL3_INJECTOR,0.9,,,
57.799999999997056,0,0,,4769.0968302952815,77.89624488810202,774.4,774.3,895.6,775,105.6,105.8,130.6,105.9,1.41,3.84,97.9,1.172,29.7,0.959,28.4,42.2,88.6,16.34,15,1.1,98.1,0.5846,-13.7,CYL3_INJECTOR,0.9,,,
57.899999999997036,0,0,,4773.085711000912,77.90698114410822,774,776.6,894.9,774.3,104.8,105.9,130.9,105.5,1.419,3.87,98.1,1.194,29.6,0.962,28.3,42.7,88.5,16.33,15,1.3,98,0.5835,-13.7,CYL3_INJECTOR,0.9,,,
57.999999999997016,0,0,,4771.37605530082,77.77397234770031,773.2,774,899,774.2,105.7,105.4,130.8,105.5,1.411,3.87,97.9,1.2,29.5,0.957,28.3,42.8,88.7,16.31,15,1,98.1,0.5836,-13.6,CYL3_INJECTOR,0.9,,,
58.099999999996996,0,0,,4772.983450927943,77.90513515883391,772.1,776.6,910.7,776.2,105.8,106,130.9,105.8,1.411,3.84,97.8,1.186,29.6,0.961,28.5,42.5,88.4,16.33,15,0.9,98.2,0.5839,-13.7,CYL3_INJECTOR,0.9,,,
58.199999999996976,0,0,,4780.351649958228,77.77620970158166,772.8,774.6,915.1,775,105.5,105.3,130.9,105.8,1.409,3.84,97.8,1.376,29.6,0.956,28.4,42.6,88.7,16.28,15,1,98.1,0.584,-13.9,CYL3_INJECTOR,0.9,,,
58.299999999996956,0,0,,4769.298593148541,77.88546913587243,773.7,774.9,913,774.4,105.4,105.5,131.1,105.8,1.42,3.87,98,1.084,29.6,0.955,28.4,42.6,88.3,16.34,15,1.2,98.1,0.5843,-13.6,CYL3_INJECTOR,0.9,,,
58.399999999996936,0,0,,4779.801892906877,77.73167980394884,774.9,776.1,908.6,776.6,106,105.6,130.3,105.7,1.418,3.82,98,1.093,29.5,0.959,28.5,42.1,88.4,16.27,15,1.3,98.1,0.5836,-13.9,CYL3_INJECTOR,0.9,,,
58.459999999996924,0,1,58.53999999999692,4773.716028833614,77.96200760239591,774.2,777.8,901.2,773.8,105.8,105.7,130.8,105.6,1.412,3.83,97.8,1.103,29.7,0.96,28.4,43.4,88.8,16.34,15,1.2,98.2,0.5831,-13.7,CYL3_INJECTOR,0.9,CYL3_INJECTOR,7.6,3.5
58.499999999996916,0,0,,4771.201456829757,77.85341283349938,773.8,776.8,898.9,773.7,105.3,105.9,130.9,105.6,1.414,3.86,98,1.149,29.6,0.953,28.4,42,88.4,16.33,15,1.1,98.1,0.5832,-13.8,CYL3_INJECTOR,0.9,,,
58.599999999996896,0,0,,4773.183482644776,77.84801671090088,773.5,774.2,893.5,774.8,104.9,105.8,130.9,105.1,1.407,3.86,97.8,1.107,29.7,0.966,28.3,42.4,88.6,16.32,15,1.2,98.1,0.5827,-13.6,CYL3_INJECTOR,0.9,,,
58.69999999999688,0,0,,4769.397040105355,78.0292693748119,775.1,776.9,893.4,776.4,105.8,105.5,130.8,105.8,1.414,3.87,97.9,1.145,29.7,0.963,28.3,43.2,88.7,16.37,15,1.2,98,0.5841,-13.7,CYL3_INJECTOR,0.9,,,
58.79999999999686,0,0,,4774.914750140279,77.91588378927996,772.8,775.7,901.5,775.1,105.3,105.6,130.8,105.8,1.407,3.84,97.8,1.15,29.6,0.958,28.4,43.6,88.4,16.33,15,0.8,98.1,0.584,-13.6,CYL3_INJECTOR,0.9,,,
58.89999999999684,0,0,,4775.926105995577,77.96565226445381,773.7,775,909.4,778,105.2,106.1,130.4,105,1.419,3.85,97.9,1.034,29.6,0.955,28.4,43.6,88.2,16.34,15,1.2,98.1,0.5843,-13.6,CYL3_INJECTOR,0.9,,,
58.99999999999682,0,0,,4781.297041635562,77.78294662356032,773.7,776,916.2,774.4,105.3,105.6,131,105.4,1.404,3.83,98,1.158,29.7,0.953,28.4,42.2,88.6,16.28,15,1.1,98.1,0.5834,-13.7,CYL3_INJECTOR,0.9,,,
59.0999999999968,0,0,,4779.120100178831,77.64641154179645,775.5,775.8,916.3,774.6,105.5,105.9,130.7,105.7,1.418,3.86,97.8,1.143,29.5,0.961,28.4,42.9,88.2,16.25,15,1.1,98,0.5842,-13.8,CYL3_INJECTOR,0.9,,,
59.19999999999678,0,0,,4778.279069479171,78.09103350331826,773.4,775.3,905.6,774,105.4,105.4,131.2,105.3,1.414,3.88,97.8,1.067,29.7,0.959,28.4,41.8,88.4,16.36,15,1,98.1,0.5837,-13.7,CYL3_INJECTOR,0.9,,,
59.29999999999676,0,0,,4786.214865792052,77.93901655683129,774.9,776.5,898.4,777,105.8,105.3,130.7,105.7,1.42,3.84,98,1.132,29.6,0.955,28.4,41.7,88.5,16.3,15,1.1,98.1,0.5832,-13.7,CYL3_INJECTOR,0.9,,,
59.39999999999674,0,0,,4783.916313396875,77.96228579964358,772.6,775.4,895,776.8,105.5,105.9,130.5,105.8,1.411,3.86,98,1.222,29.6,0.957,28.4,41.8,88.4,16.31,15,1.2,98.2,0.5833,-13.8,CYL3_INJECTOR,0.9,,,
59.49999999999672,0,0,,4780.50837865354,78.07938892939144,774.7,775.6,897.9,777.6,105.8,104.9,130.3,105.4,1.413,3.86,98,1.283,29.8,0.958,28.4,42.5,88.6,16.35,15,1.1,98,0.5835,-13.8,CYL3_INJECTOR,0.9,,,
59.49999999999672,0,1,59.579999999996716,4780.50837865354,78.07938892939144,774.7,775.6,897.9,777.6,105.8,104.9,130.3,105.4,1.413,3.86,98,1.283,29.8,0.958,28.4,42.5,88.6,16.35,15,1.1,98,0.5835,-13.8,CYL3_INJECTOR,0.9,CYL3_INJECTOR,10.2,3.9
59.5999999999967,0,0,,4786.238977491995,77.9863542209982,773.6,775.7,903.5,775,105.8,105.6,130.5,105.8,1.416,3.88,97.9,1.231,29.7,0.957,28.5,42.4,88.6,16.31,15,1,98,0.5832,-13.7,CYL3_INJECTOR,0.9,,,
59.69999999999668,0,0,,4787.368851202062,78.0217090576835,775.2,776.7,912.2,775.4,105.6,105.6,130.4,105.4,1.407,3.91,97.9,1.043,29.7,0.958,28.4,42.2,88.4,16.31,15,1,98.1,0.5827,-13.7,CYL3_INJECTOR,0.9,,,
59.79999999999666,0,0,,4783.012394881849,78.25525575028534,774.3,777,913.7,774.7,105.3,105.3,130.9,105.7,1.416,3.83,97.9,1.172,29.8,0.955,28.4,43,88.4,16.38,15,0.9,98.1,0.5835,-13.6,CYL3_INJECTOR,0.9,,,
59.89999999999664,0,0,,4786.589143229479,78.09862071867605,773.7,776.1,912.2,775.2,106.1,105.9,130.8,105.6,1.408,3.84,98.1,1.179,29.6,0.961,28.4,42.8,88.6,16.34,15,0.9,98.1,0.584,-13.8,CYL3_INJECTOR,0.9,,,
59.99999999999662,0,0,,4780.113997791153,78.28887973300489,775.3,778.5,906.5,775.7,105.9,105.1,130.6,106.2,1.42,3.85,98.1,1.112,29.8,0.962,28.4,42,88.6,16.4,15,1.1,98.1,0.5833,-13.7,CYL3_INJECTOR,0.9,,,
60.0999999999966,0,0,,4780.32375548148,78.19927696812951,776.8,776.4,896.7,774.9,105.7,105.8,131,105.6,1.417,3.88,97.9,1.234,29.7,0.962,28.4,43.6,88.3,16.38,15,0.9,98.2,0.5836,-13.6,CYL3_INJECTOR,0.9,,,
60.19999999999658,0,0,,4792.459322622084,78.27717980917026,774.3,778,894.7,775.5,105.5,105.7,130.4,105.8,1.41,3.87,98,1.1,29.7,0.959,28.4,42.5,88.5,16.36,15,1.1,98.1,0.5839,-13.8,CYL3_INJECTOR,0.9,,,
60.29999999999656,0,0,,4783.7026375980795,78.1462536494021,774.9,776.3,898.7,776.3,105.6,105.5,130.8,105.8,1.411,3.82,97.9,1.002,29.8,0.956,28.4,42.6,88.7,16.36,15,1.3,98.1,0.5844,-13.5,CYL3_INJECTOR,0.9,,,
60.39999999999654,0,0,,4785.572891270323,78.01650140467743,774.1,777.4,904.7,775.5,105.5,105.9,130.9,105.4,1.409,3.81,97.9,1.123,29.7,0.959,28.4,42.3,88.8,16.32,15,1.3,98.1,0.5832,-13.6,CYL3_INJECTOR,0.9,,,
60.49999999999652,0,0,,4783.805509431766,78.1378955055874,774.2,774.5,912,776.7,105.6,105.8,131.1,105.6,1.412,3.84,98,1.253,29.8,0.954,28.5,42.3,88.7,16.35,15,0.9,98,0.5837,-13.7,CYL3_INJECTOR,0.9,,,
60.49999999999652,0,1,60.57999999999652,4783.805509431766,78.1378955055874,774.2,774.5,912,776.7,105.6,105.8,131.1,105.6,1.412,3.84,98,1.253,29.8,0.954,28.5,42.3,88.7,16.35,15,0.9,98,0.5837,-13.7,CYL3_INJECTOR,0.9,CYL3_INJECTOR,9.6,4.5
60.5999999999965,0,0,,4784.090625611657,78.31149589666771,775.4,777,915.8,775.7,105.6,105.3,130.8,105.6,1.415,3.84,98,1.199,29.8,0.959,28.4,41.5,88.7,16.39,15,1,98.2,0.5843,-13.8,CYL3_INJECTOR,0.9,,,
60.69999999999648,0,0,,4792.294398322736,78.18516984949994,774.1,777.6,912.6,773.1,105.5,105.4,130.8,105.7,1.413,3.81,97.8,1.291,29.7,0.958,28.4,42.8,89,16.34,15,0.9,98.1,0.5834,-13.7,CYL3_INJECTOR,0.9,,,
60.79999999999646,0,0,,4786.487687962586,78.13477591169881,775,776.1,903.4,774.7,105.9,105.7,130.8,106.1,1.414,3.82,98,1.09,29.6,0.957,28.4,42.2,88.4,16.34,15,1,98.2,0.5835,-13.8,CYL3_INJECTOR,0.9,,,
60.89999999999644,0,0,,4790.746543374062,78.17022357052346,774.2,778.7,896.4,777.3,105.2,105.6,130.9,105.4,1.416,3.85,98.1,1.011,29.7,0.956,28.5,41.5,88.6,16.34,15,1,98.1,0.5838,-13.9,CYL3_INJECTOR,0.9,,,
60.99999999999642,0,0,,4789.138325413963,78.3501662447426,775.2,776,896,775.3,105.5,105.7,130.9,105.6,1.411,3.8,98.1,1.043,29.9,0.956,28.3,41.3,88.6,16.39,15,1.2,98.1,0.5831,-13.8,CYL3_INJECTOR,0.9,,,
61.0999999999964,0,0,,4782.222165709565,78.22237584264593,775.4,775.9,897.3,776.1,105.8,105.6,130.5,105.6,1.418,3.88,98,1.113,29.7,0.957,28.5,41.9,88.5,16.38,15,0.9,98.1,0.5845,-13.7,CYL3_INJECTOR,0.9,,,
61.19999999999638,0,0,,4794.974059200184,78.2323099642457,774.4,776.4,905.5,776.1,105.6,105.4,130.4,105.6,1.42,3.86,98,1.26,29.8,0.955,28.4,41.2,88.6,16.34,15,0.8,98.1,0.5828,-13.5,CYL3_INJECTOR,0.9,,,
61.29999999999636,0,0,,4795.352804009224,78.37284576407914,776,779.5,912.7,776.9,105.9,105.8,130.8,105.9,1.418,3.87,98,1.067,29.9,0.958,28.3,41.2,88.4,16.37,15,1.1,98.1,0.5837,-13.7,CYL3_INJECTOR,0.9,,,
61.39999999999634,0,0,,4800.961654315614,78.16153871302045,774.7,776.6,917.4,776.7,105.7,105.3,130.9,106,1.413,3.85,97.9,1.225,29.7,0.96,28.4,40.1,88.4,16.3,15,1.1,98.1,0.5837,-13.6,CYL3_INJECTOR,0.9,,,
61.49999999999632,0,0,,4794.202309424263,78.11656462080418,776.2,778.6,909.1,774.4,105.7,105.4,130.4,105.9,1.415,3.88,97.8,1.215,29.7,0.958,28.4,40.4,88.6,16.32,15,1.1,98.1,0.5839,-13.7,CYL3_INJECTOR,0.9,,,
61.54999999999631,0,1,61.62999999999631,4785.752789750411,78.55265445286217,774.8,778,908.4,776.1,105.7,105.6,131.3,105.8,1.409,3.86,97.8,1.219,29.8,0.955,28.4,41.4,88.2,16.45,15,1.1,98.2,0.5836,-13.8,CYL3_INJECTOR,0.9,CYL3_INJECTOR,8.6,4.1
61.5999999999963,0,0,,4794.606562284407,78.39496037276821,773.9,775.4,903.5,777,105.5,105.4,131,105.8,1.419,3.83,97.8,1.214,29.9,0.96,28.4,40.8,88.4,16.38,15,1.1,98.2,0.5832,-13.7,CYL3_INJECTOR,0.9,,,
61.69999999999628,0,0,,4794.016171507983,78.24017706490707,776.9,775.7,897.5,776,105.6,106.2,130.8,105.5,1.421,3.82,98,1.109,29.7,0.96,28.4,39.9,88.7,16.35,15,0.9,98,0.5828,-13.6,CYL3_INJECTOR,0.9,,,
61.79999999999626,0,0,,4793.157292880543,78.26267480448362,776,779.2,895.5,776.1,105.8,106,130.5,105.3,1.419,3.85,97.9,1.205,29.7,0.956,28.4,40.6,88.3,16.35,15,0.9,98.2,0.5829,-13.5,CYL3_INJECTOR,0.9,,,
61.89999999999624,0,0,,4799.185551358736,78.24498138013618,776.2,777.8,904.4,777.4,105.2,105.9,131.3,106.1,1.411,3.82,97.8,1.087,29.8,0.952,28.3,40.5,88.2,16.33,15,1.1,98.1,0.5833,-13.7,CYL3_INJECTOR,0.9,,,
61.99999999999622,0,0,,4795.185647130228,78.39001059693605,775.1,776.4,910.8,775.5,105.7,105.5,130.9,105.1,1.416,3.83,97.9,1.237,29.9,0.956,28.4,40.7,88.8,16.38,15,1.1,98.2,0.5836,-13.7,CYL3_INJECTOR,0.9,,,
62.0999999999962,0,0,,4798.176573872502,78.44930640235685,775,776.9,915.5,777,105.8,105.4,130.7,105.9,1.413,3.86,98.1,1.097,29.8,0.962,28.4,40.3,88.5,16.38,15,1.2,98.1,0.5836,-13.7,CYL3_INJECTOR,0.9,,,
62.19999999999618,0,0,,4794.421501870666,78.41891704944554,775,778.3,919.8,776,105.4,105.5,130.8,105.4,1.421,3.85,97.9,1.224,29.9,0.963,28.3,40.4,88.1,16.39,15,1.1,98.1,0.5835,-13.6,CYL3_INJECTOR,0.9,,,
62.29999999999616,0,0,,4801.383195203393,78.47967749036788,777,775.2,911.8,776.2,106.1,105.9,131.1,105.6,1.418,3.85,97.9,1.12,29.8,0.96,28.3,39.7,89,16.38,15,1.3,98.1,0.5828,-13.6,CYL3_INJECTOR,0.9,,,
62.39999999999614,0,0,,4798.59997883938,78.59853449727778,774.6,779.5,902.7,775.5,105.2,105.9,130.9,106.2,1.414,3.88,98.1,1.254,30,0.957,28.4,39.5,88.7,16.42,15,0.9,98.1,0.5837,-13.7,CYL3_INJECTOR,0.9,,,
62.49999999999612,0,0,,4799.464716148478,78.46930592142331,774.9,777.2,896.2,776.2,105.4,105.9,131.1,105.3,1.42,3.86,98.1,1.123,29.8,0.96,28.4,39.7,88.3,16.38,15,1.1,98.1,0.5843,-13.9,CYL3_INJECTOR,0.9,,,
62.5999999999961,0,0,,4800.393084119083,78.56977852222498,776.8,776.2,897.5,777.2,105.4,105.8,131.1,106.3,1.416,3.84,97.9,1.15,30,0.957,28.3,40.9,88.3,16.4,15,1.1,98.1,0.5833,-13.7,CYL3_INJECTOR,0.9,,,
62.6099999999961,0,1,62.6899999999961,4797.490022712962,78.52741248139782,773.7,776.3,898.1,775.4,105.2,105.7,131.1,106,1.429,3.83,97.8,1.127,30,0.959,28.3,40.1,88.7,16.4,15,1.1,98.1,0.5838,-13.6,CYL3_INJECTOR,0.9,CYL3_INJECTOR,7,4.2
62.69999999999608,0,0,,4798.934706012604,78.49465624711468,775.3,777.1,900.5,776.5,106.2,105.5,130.7,105.7,1.417,3.85,98,0.992,29.8,0.959,28.4,40.2,88.5,16.39,15,1,98.1,0.5841,-13.7,CYL3_INJECTOR,0.9,,,
62.79999999999606,0,0,,4803.02323872205,78.59221702861288,777,776.9,911.1,776.8,105.8,105.2,130.7,105.7,1.423,3.84,98,1.032,30,0.953,28.4,40,88.4,16.4,15,0.9,98.1,0.5836,-13.7,CYL3_INJECTOR,0.9,,,
62.89999999999604,0,0,,4801.374207690092,78.51162626537055,777.5,780.2,916.5,779.6,105.5,106,131,105.6,1.417,3.85,98.1,1.195,30,0.959,28.5,40.1,88.7,16.39,15,1,98.1,0.5836,-13.6,CYL3_INJECTOR,0.9,,,
62.99999999999602,0,0,,4797.407325670574,78.60899235665858,774.2,777.4,916.9,775.2,105.7,105.6,130.8,105.8,1.411,3.88,98.1,1.012,29.9,0.955,28.5,40.5,88.6,16.42,15,1.1,98.1,0.5835,-13.7,CYL3_INJECTOR,0.9,,,
63.099999999996,0,0,,4802.873491808446,78.52573724246477,775.7,778.2,912.1,779.4,106.1,105.8,130.8,105.1,1.424,3.86,97.9,0.988,29.9,0.957,28.4,41.3,88.4,16.39,15,1.2,98.1,0.5832,-13.8,CYL3_INJECTOR,0.9,,,
63.19999999999598,0,0,,4799.789610947014,78.47464174811863,776.2,777.8,900.1,777.4,105.9,105.5,130.6,105.7,1.424,3.81,98.2,1.374,29.9,0.962,28.4,40,88.3,16.38,15,1,98.1,0.5835,-13.7,CYL3_INJECTOR,0.9,,,
63.29999999999596,0,0,,4806.369268178261,78.42830321368835,778.4,778.9,896.7,777.7,105.8,105.8,131,105.5,1.419,3.87,98.1,0.987,29.9,0.961,28.4,40.1,88.4,16.35,15,1.1,98,0.5835,-13.7,CYL3_INJECTOR,0.9,,,
63.39999999999594,0,0,,4808.150579352655,78.64403842274078,775.2,778.4,895.6,777.7,106,105.8,130.5,105.4,1.419,3.85,98,1.284,30,0.957,28.4,39.8,88.6,16.4,15,0.8,98.2,0.583,-13.5,CYL3_INJECTOR,0.9,,,
63.49999999999592,0,0,,4812.151569599809,78.81002280237364,776.3,778.5,903,776.5,105.7,105.1,131,106.1,1.421,3.88,98.1,1.171,30,0.955,28.3,40.4,88.3,16.42,15,0.9,98.1,0.5839,-13.8,CYL3_INJECTOR,0.9,,,
63.5999999999959,0,0,,4806.580399854555,78.59036480443969,775,779.1,914.8,778.2,106.3,105.5,130.7,105.8,1.422,3.87,98,1.121,29.9,0.959,28.4,40.6,88.7,16.39,15,0.9,98.1,0.5833,-13.8,CYL3_INJECTOR,0.9,,,
63.639999999995894,0,1,63.71999999999589,4806.7066317801755,78.82033375271497,778.2,777.3,913.1,777.2,106.1,105.6,131.1,105.6,1.426,3.88,97.9,1.105,30.1,0.959,28.3,40.7,88.4,16.44,15,1,98.2,0.5835,-13.8,CYL3_INJECTOR,0.9,CYL3_INJECTOR,7.2,4.2
63.69999999999588,0,0,,4806.55787750636,78.72696511434295,774.8,777.5,915.9,778.8,105.1,105.8,131.4,105.4,1.418,3.86,97.9,1.228,29.9,0.96,28.4,40.6,88.7,16.42,15,1.1,98.2,0.5838,-13.6,CYL3_INJECTOR,0.9,,,
63.79999999999586,0,0,,4803.747657177514,78.65345958703791,775.8,776.2,917.3,777.3,105.8,105.6,131,105.7,1.424,3.84,97.9,1.07,30,0.959,28.4,40.2,88.6,16.41,15,0.8,98.1,0.5835,-13.7,CYL3_INJECTOR,0.9,,,
63.89999999999584,0,0,,4802.000151680542,78.67466917813347,775.4,778.8,908.3,777.4,105.8,106.3,130.9,105.1,1.42,3.88,97.8,1.129,30,0.958,28.4,40.9,88.7,16.42,15,1,98.1,0.5834,-13.6,CYL3_INJECTOR,0.9,,,
63.99999999999588,0,0,,4804.295767743428,78.59889806542903,775.1,778.3,903.5,779.4,105.6,105.9,130.9,105.7,1.418,3.85,97.8,1.214,29.9,0.955,28.5,41.8,88.2,16.4,15,1,98.1,0.5836,-13.7,CYL3_INJECTOR,0.9,,,
64.09999999999593,0,0,,4812.980285426937,78.73752521071823,773.5,777.5,900,778.1,105.5,106,130.6,105.8,1.421,3.84,97.9,1.082,30,0.961,28.4,41.2,88.2,16.4,15,1.2,98.2,0.5834,-13.7,CYL3_INJECTOR,0.9,,,
64.19999999999598,0,0,,4813.290395383431,78.63234356522418,777.5,777.1,898.5,776.4,105.1,105.3,131.3,105.3,1.424,3.79,98.1,1.117,29.9,0.957,28.4,41.5,88.7,16.38,15,1,98.2,0.5832,-13.5,CYL3_INJECTOR,0.9,,,
64.29999999999603,0,0,,4814.151144287436,78.64268390648338,777,776.7,903.6,775.9,105.6,105.6,130.6,106.2,1.429,3.88,98.1,1.2,30.1,0.957,28.4,40.4,88.4,16.38,15,1.1,98.1,0.5839,-13.7,CYL3_INJECTOR,0.9,,,
64.39999999999608,0,0,,4813.605855907426,78.73221966496894,777.9,778.5,912.5,776.1,105.6,105.9,130.9,105.3,1.426,3.84,98,0.993,30.1,0.958,28.4,41.2,88.8,16.4,15,1.3,98.1,0.5829,-13.7,CYL3_INJECTOR,0.9,,,
64.49999999999613,0,0,,4812.112644974648,78.88798947942198,777.2,777,917.5,777.1,106,105,131.4,105.3,1.414,3.87,98,1.048,30.1,0.959,28.3,39.7,88.4,16.44,15,1.2,98.1,0.5839,-13.6,CYL3_INJECTOR,0.9,,,
64.59999999999619,0,0,,4808.941622483049,78.81081755778253,776.8,778.1,916.4,781,105.7,105.7,130.9,105.6,1.423,3.86,98,1.105,30,0.954,28.4,39.6,88.2,16.43,15,1.1,98.1,0.5837,-13.6,CYL3_INJECTOR,0.9,,,
64.67999999999623,0,1,64.75999999999623,4814.844980485831,78.72061356280444,777.5,778.4,909.3,775.7,105.6,105.2,130.9,105.7,1.419,3.84,98.1,1.033,29.9,0.957,28.3,40.5,88.6,16.39,15,1,98.1,0.5838,-13.7,CYL3_INJECTOR,0.9,CYL3_INJECTOR,9.2,3.9
64.69999999999624,0,0,,4816.360974438053,78.91429615126562,776.6,778.5,907.8,779.1,105.7,106.2,131.2,105.9,1.429,3.84,97.9,0.961,30.1,0.96,28.4,39.3,88.3,16.43,15,1.4,98.1,0.5837,-13.8,CYL3_INJECTOR,0.9,,,
64.79999999999629,0,0,,4813.584775221992,78.8253386441376,775.8,779.1,900.2,776.5,105.3,105.8,130.8,105.4,1.429,3.87,97.9,1.099,30.1,0.957,28.4,40,88.5,16.42,15,0.8,98.1,0.5835,-13.8,CYL3_INJECTOR,0.9,,,
64.89999999999634,0,0,,4814.342815824366,78.73076125823081,776,777.1,896.3,777.7,105.5,105.3,130.7,105.9,1.427,3.83,97.9,1.074,30,0.954,28.4,40,88.4,16.4,15,1,98.2,0.5832,-13.7,CYL3_INJECTOR,0.9,,,
64.99999999999639,0,0,,4818.763865293525,78.79995017463817,775.2,775.6,899.5,777.9,106.1,105.8,130.5,105.5,1.422,3.84,97.8,1.087,30,0.954,28.4,40.7,88.6,16.4,15,1.1,98.2,0.5834,-13.8,CYL3_INJECTOR,0.9,,,
65.09999999999644,0,0,,4819.295665822337,78.82985441662017,777.6,778,905.8,777.5,105.8,105.7,130.6,105.5,1.423,3.86,98,1.222,30.1,0.958,28.4,41.2,88.8,16.4,15,1.1,98.1,0.5832,-13.6,CYL3_INJECTOR,0.9,,,
65.19999999999649,0,0,,4815.316122148878,78.68631339640675,777.2,777.8,914.9,780.3,105.1,105.8,131.2,105.4,1.42,3.87,98.3,1.146,30,0.957,28.4,40.8,88.4,16.38,15,1,98,0.5836,-14,CYL3_INJECTOR,0.9,,,
65.29999999999654,0,0,,4810.623569430375,79.0295564012906,777.9,780.5,919.5,776.8,106.2,105.3,130.7,105.4,1.426,3.86,98.2,1.092,30.1,0.955,28.3,41.2,88.5,16.48,15,1,98.2,0.5847,-13.8,CYL3_INJECTOR,0.9,,,
65.3999999999966,0,0,,4816.811232577234,78.87970749403163,775.7,778.6,916.3,778,106.4,105.6,131.7,105.4,1.433,3.85,97.9,1.192,30,0.96,28.5,41.2,88.5,16.42,15,1.1,98.2,0.5835,-13.7,CYL3_INJECTOR,0.9,,,
65.49999999999665,0,0,,4819.515532029521,78.9713146267549,775.9,780.2,907.1,774.8,105.9,106.3,130.6,105.2,1.421,3.86,97.8,1.016,30.2,0.957,28.4,41.2,88.1,16.44,15,1.2,98.2,0.5832,-13.8,CYL3_INJECTOR,0.9,,,
65.5999999999967,0,0,,4817.848760155611,79.11007888920795,777.4,778.6,901.6,778.2,106,105.4,131,105.9,1.422,3.83,98.1,1.069,30.2,0.96,28.4,40.7,88.8,16.48,15,1.2,98.1,0.5827,-13.7,CYL3_INJECTOR,0.9,,,
65.69999999999675,0,0,,4809.341954256632,78.95286768026864,777.2,778.3,896.6,776.6,105.6,105.8,130.9,105.7,1.43,3.86,97.9,1.149,30.1,0.959,28.4,42.1,88.4,16.47,15,1.2,98.1,0.5832,-13.8,CYL3_INJECTOR,0.9,,,
65.69999999999675,0,1,65.77999999999675,4809.341954256632,78.95286768026864,777.2,778.3,896.6,776.6,105.6,105.8,130.9,105.7,1.43,3.86,97.9,1.149,30.1,0.959,28.4,42.1,88.4,16.47,15,1.2,98.1,0.5832,-13.8,CYL3_INJECTOR,0.9,CYL3_INJECTOR,8.7,4.1
65.7999999999968,0,0,,4818.998671763323,78.92175659923069,775.7,779.5,902.2,778.3,105.3,105.5,131.5,105.8,1.43,3.84,98,1.219,30.1,0.959,28.5,41.7,88.7,16.43,15,1.2,98.2,0.584,-13.7,CYL3_INJECTOR,0.9,,,
65.89999999999685,0,0,,4826.06574452359,78.89684610481177,777.5,777,906,775.5,105.9,106.2,131,105.8,1.431,3.82,98.1,1.082,30.1,0.953,28.3,42.1,88.8,16.4,15,1.2,98.1,0.5832,-13.6,CYL3_INJECTOR,0.9,,,
65.9999999999969,0,0,,4811.770035197334,79.02472124532049,777.2,779.4,916.9,776.8,105.9,105.9,131.5,105.3,1.432,3.85,97.9,1.264,30.2,0.959,28.5,42.3,88.8,16.48,15,1.4,98.1,0.5831,-13.8,CYL3_INJECTOR,0.9,,,
66.09999999999695,0,0,,4820.747745981032,78.9121715103399,777.5,779.8,917.5,778.6,106.2,106.2,130.9,105.9,1.436,3.86,98.1,1.015,30.1,0.952,28.4,41.6,88.8,16.42,15,1,98.1,0.5838,-13.9,CYL3_INJECTOR,0.9,,,
66.199999999997,0,0,,4819.75554654564,78.88341694774552,780.5,778.6,914.5,780.9,106.1,106,131.5,105.8,1.435,3.82,98,1.134,30.2,0.956,28.5,42,88.7,16.42,15,0.8,98.2,0.5839,-13.6,CYL3_INJECTOR,0.9,,,
66.29999999999706,0,0,,4816.615204750709,79.12946482261859,777.2,777.6,903.9,777,105.6,105.5,131.1,105.8,1.428,3.85,97.9,1.247,30.2,0.955,28.3,42.1,88.4,16.49,15,1.1,98.1,0.5842,-13.6,CYL3_INJECTOR,0.9,,,
66.3999999999971,0,0,,4817.929034467913,79.17028938575302,777.9,779.8,900.3,777.5,105.7,105.7,131.1,105.4,1.428,3.87,98,1.171,30.2,0.957,28.4,42.3,88.7,16.49,15,1,98.1,0.5831,-13.6,CYL3_INJECTOR,0.9,,,
66.49999999999716,0,0,,4820.9581641159675,79.14938648140274,778.2,779.2,898,775.2,105.7,105.9,131,105.7,1.429,3.85,98.2,0.964,30.2,0.957,28.4,41.8,88.5,16.48,15,1.2,98.1,0.5836,-13.6,CYL3_INJECTOR,0.9,,,
66.59999999999721,0,0,,4824.56255088252,79.09442844980619,777.2,778.1,903.7,778.1,105,105.6,131.5,105.7,1.431,3.85,98,1.15,30.2,0.961,28.5,42.2,88.6,16.45,15,1,98,0.5837,-13.6,CYL3_INJECTOR,0.9,,,
66.69999999999726,0,0,,4822.755260561636,79.13752994779499,775.9,777.5,909.3,779.2,106,106.1,130.7,106,1.43,3.85,98,1.011,30.2,0.953,28.4,42.3,88.3,16.47,15,0.9,98.2,0.5842,-13.7,CYL3_INJECTOR,0.9,,,
66.70999999999727,0,1,66.78999999999726,4828.6642449079545,79.06545707662748,775,779.8,913.2,780.6,105.9,105.3,131,106.1,1.428,3.86,98.1,1.218,30.1,0.957,28.5,41.7,88.8,16.43,15,1.1,98.2,0.583,-13.7,CYL3_INJECTOR,0.9,CYL3_INJECTOR,10,4
66.79999999999731,0,0,,4819.976797701067,78.94946772955171,779,779.3,918.2,777.6,105,105.8,130.9,106,1.423,3.87,98,1.204,30.1,0.957,28.4,42.2,88.4,16.43,15,1.2,98.1,0.5832,-13.7,CYL3_INJECTOR,0.9,,,
66.89999999999736,0,0,,4824.481989254034,79.13572851158463,777.9,781.2,919.4,776.9,106.1,105.9,130.6,105.1,1.435,3.84,97.9,1.166,30.2,0.961,28.4,42.8,88.2,16.46,15,1.3,98.2,0.5834,-13.7,CYL3_INJECTOR,0.9,,,
66.99999999999741,0,0,,4817.567572347984,79.03129274152369,777.6,779.6,917,777.4,106.1,105.6,130.9,105.1,1.432,3.84,98,1.154,30.2,0.957,28.4,41.9,88.8,16.46,15,0.9,98.1,0.5836,-13.7,CYL3_INJECTOR,0.9,,,
67.09999999999746,0,0,,4824.337808219666,79.13552346891733,777.6,779.5,906.9,778,105.4,106,130.8,105.7,1.433,3.81,97.8,1.193,30.1,0.954,28.4,41.8,88.5,16.46,15,1,98.1,0.5833,-13.6,CYL3_INJECTOR,0.9,,,
67.19999999999752,0,0,,4827.5058944655375,79.20569193332345,776.5,778.1,897.7,778.1,105.8,105.8,130.9,106,1.429,3.88,97.9,1.129,30.3,0.953,28.3,41.8,88.5,16.47,15,1.1,98.2,0.585,-13.8,CYL3_INJECTOR,0.9,,,
67.29999999999757,0,0,,4830.208895459677,79.38593186552934,778.7,780.1,898.9,780.2,105.5,105.8,130.6,105.9,1.429,3.85,97.9,1.095,30.4,0.959,28.4,42.1,88.7,16.5,15,1,98.1,0.5841,-13.7,CYL3_INJECTOR,0.9,,,
67.39999999999762,0,0,,4825.032539143454,79.18753877571338,776.6,780,901,778.8,105.8,105.7,131,105.6,1.434,3.86,97.9,1.219,30.1,0.962,28.5,42.6,88.7,16.47,15,1,98.1,0.5832,-13.8,CYL3_INJECTOR,0.9,,,
67.49999999999767,0,0,,4828.3240537878455,79.08303634670199,776.7,781,911.4,778.7,106,106.1,130.8,105.5,1.43,3.89,97.8,0.972,30.1,0.957,28.5,43.2,88.5,16.44,15,1.3,98.1,0.5839,-13.8,CYL3_INJECTOR,0.9,,,
67.59999999999772,0,0,,4831.112094765962,79.20125754504994,778.4,779.6,914.8,781.5,105.7,105.7,131.2,105.4,1.435,3.85,98,1.012,30.3,0.957,28.3,42.9,88.4,16.46,15,0.7,98.2,0.5837,-13.8,CYL3_INJECTOR,0.9,,,
67.69999999999777,0,0,,4832.275228461361,79.12185837776113,778.5,779.1,920.2,778.9,105.9,105.8,130.7,105.6,1.43,3.84,97.8,1.184,30.3,0.956,28.4,43.3,88.8,16.43,15,0.9,98.2,0.584,-13.8,CYL3_INJECTOR,0.9,,,
67.71999999999778,0,1,67.79999999999778,4830.492464576943,79.08018039089366,778.3,780.1,918.7,778.5,105.9,105.7,130.9,105.8,1.429,3.85,97.8,1.328,30.1,0.957,28.4,43,88.3,16.43,15,1.1,98.1,0.5846,-13.7,CYL3_INJECTOR,0.9,CYL3_INJECTOR,10.1,4.2
67.79999999999782,0,0,,4833.114432573186,79.36134779011451,777.9,779.9,913.9,776.5,105.4,106,130.9,106.2,1.427,3.82,97.9,1.083,30.3,0.957,28.2,42.3,88.4,16.49,15,0.8,98.1,0.5838,-13.6,CYL3_INJECTOR,0.9,,,
67.89999999999787,0,0,,4820.197416711713,79.1385932551213,775.5,780.6,904.6,777.8,106.1,105.3,131.1,105.9,1.432,3.84,97.9,1.159,30.3,0.961,28.3,43.4,88.6,16.48,15,0.9,98.2,0.5842,-13.6,CYL3_INJECTOR,0.9,,,
67.99999999999793,0,0,,4829.445176266866,79.4094983124306,779.3,780.1,899.1,778.1,106,105.7,131.3,105.7,1.42,3.87,98.1,1.082,30.3,0.965,28.4,42.1,88.6,16.51,15,1.2,98.2,0.5829,-13.9,CYL3_INJECTOR,0.9,,,
68.09999999999798,0,0,,4831.052223946822,79.21294382152277,777.7,779.1,899,779.1,105.8,106.1,130.9,105.5,1.426,3.86,97.9,0.994,30.3,0.961,28.4,43.1,88.2,16.46,15,1,98.2,0.5837,-13.8,CYL3_INJECTOR,0.9,,,
68.19999999999803,0,0,,4827.0105376500505,79.23183300687508,778.5,780.5,906.3,779.4,105.8,105.8,130.8,105.5,1.437,3.81,98.1,1.237,30.2,0.957,28.3,42.9,88.4,16.48,15,1.2,98.1,0.5837,-13.6,CYL3_INJECTOR,0.9,,,
68.29999999999808,0,0,,4828.806314456905,79.28238253553592,777.1,780.8,913.1,781.4,105.8,105.9,130.8,105.7,1.43,3.84,98,1.227,30.2,0.957,28.3,42.6,88.4,16.48,15,1,98.1,0.5835,-13.7,CYL3_INJECTOR,0.9,,,
68.39999999999813,0,0,,4832.751862578239,79.48121132472164,777.7,780.1,921.8,780.9,105.3,105.7,131.3,105.8,1.43,3.83,97.8,1.204,30.4,0.958,28.4,42.9,88.9,16.52,15,0.8,98.1,0.584,-13.7,CYL3_INJECTOR,0.9,,,
68.49999999999818,0,0,,4833.199761846899,79.24520647459038,777.2,779.6,919.2,779.7,105.3,105.8,130.8,105.9,1.437,3.86,98,1.012,30.3,0.958,28.4,43.5,88.7,16.46,15,0.9,98.1,0.584,-13.7,CYL3_INJECTOR,0.9,,,
68.59999999999823,0,0,,4839.1426024709335,79.33373808885165,778.1,777.9,913,778.2,106.1,106,130.8,106.1,1.438,3.87,97.9,1.292,30.3,0.96,28.3,44.1,88.6,16.46,15,1.2,98.1,0.5834,-13.6,CYL3_INJECTOR,0.9,,,
68.69999999999828,0,0,,4834.23370100488,79.1998913834872,778.7,781.4,903,780,105.8,105.7,130.9,105.8,1.433,3.87,98.2,1.169,30.2,0.955,28.3,44.5,88.6,16.44,15,1.2,98.2,0.583,-13.7,CYL3_INJECTOR,0.9,,,
68.7199999999983,0,1,68.79999999999829,4829.791806726197,79.48079614596692,775.5,779.5,903.7,777.7,105.9,105.8,131.1,105.8,1.427,3.85,97.9,1.138,30.4,0.959,28.4,45.2,88.6,16.53,15,0.9,98.1,0.5831,-13.8,CYL3_INJECTOR,0.9,CYL3_INJECTOR,8,4.6
68.79999999999833,0,0,,4840.6100317844575,79.23097690258751,776.9,781.2,897.6,779.7,105.9,105.4,131.3,105.7,1.429,3.85,98.1,1.126,30.3,0.959,28.4,44.9,88.6,16.43,15,1.2,98.2,0.5834,-13.7,CYL3_INJECTOR,0.9,,,
68.89999999999839,0,0,,4840.57730146177,79.36423882808766,776.7,781.8,900.5,778.1,105.9,106.2,131.3,105.8,1.438,3.83,98.1,1.318,30.3,0.957,28.4,44.8,88.2,16.46,15,1,98,0.5839,-13.8,CYL3_INJECTOR,0.9,,,
68.99999999999844,0,0,,4837.305326880457,79.4158129695077,779.6,782.2,904.9,779.1,105.9,105.9,130.7,105.2,1.432,3.85,98.1,1.132,30.3,0.958,28.5,45.8,88.6,16.49,15,0.9,98.1,0.5827,-13.6,CYL3_INJECTOR,0.9,,,
69.09999999999849,0,0,,4836.688730630502,79.4173866011625,780.4,776.9,912.9,779,105.5,106.5,131,106.2,1.435,3.89,97.9,1.068,30.3,0.958,28.4,46.2,88.9,16.49,15,1,98.1,0.5838,-13.9,CYL3_INJECTOR,0.9,,,
69.19999999999854,0,0,,4833.13659409357,79.61676740602516,779.2,779.9,919,779.9,106,105.9,130.7,105.6,1.438,3.85,98.1,1.072,30.4,0.955,28.4,46.1,88.3,16.55,15,0.8,98.1,0.584,-13.4,CYL3_INJECTOR,0.9,,,
69.29999999999859,0,0,,4839.279050370243,79.40089338505716,777.3,782,920.4,779.5,105.8,106.2,131,106.1,1.433,3.91,97.9,1.114,30.3,0.957,28.5,45.4,88.3,16.48,15,1.1,98.2,0.5842,-13.7,CYL3_INJECTOR,0.9,,,
69.39999999999864,0,0,,4831.259974464562,79.37809280795217,778.9,782.2,912.7,779.9,106,105.7,131.1,105.8,1.441,3.83,98.1,1.049,30.3,0.956,28.4,45.4,88.4,16.5,15,1,98.2,0.5836,-13.8,CYL3_INJECTOR,0.9,,,
69.49999999999869,0,0,,4829.319715591654,79.43025328140226,779.7,781.5,901.5,780,106.2,105.2,130.8,106.5,1.431,3.81,98.1,1.06,30.3,0.96,28.4,45.7,88.7,16.52,15,1.1,98.2,0.5823,-13.7,CYL3_INJECTOR,0.9,,,
69.59999999999874,0,0,,4842.183207238376,79.35618626681115,781,779,901.4,779.8,105.5,105.9,130.7,105.4,1.44,3.88,98,1.189,30.3,0.958,28.4,46.3,88.8,16.46,15,1.2,98.2,0.5832,-13.8,CYL3_INJECTOR,0.9,,,
69.6999999999988,0,0,,4845.291833055054,79.51656418170882,778.4,781.4,901.8,780,106.2,105.8,131.3,105.5,1.446,3.83,97.9,1.035,30.4,0.956,28.4,45.2,88.8,16.48,15,0.9,98.1,0.5836,-13.5,CYL3_INJECTOR,0.9,,,
69.72999999999881,0,1,69.80999999999881,4840.770214803634,79.44714608137201,779.8,780.5,900.2,780.1,105.7,105.6,131.2,106.1,1.432,3.85,97.8,1.067,30.3,0.961,28.5,45.6,88.5,16.48,15,1,98.1,0.5844,-13.7,CYL3_INJECTOR,0.9,CYL3_INJECTOR,7.5,4.1
69.79999999999885,0,0,,4841.821836126696,79.50649970119404,778.7,780.7,907.2,780.1,105.7,105.8,131,105.8,1.432,3.86,97.9,1.256,30.4,0.955,28.3,45.6,88.5,16.49,15,1,98.1,0.5835,-13.9,CYL3_INJECTOR,0.9,,,
69.8999999999989,0,0,,4836.948320054701,79.46119657026154,779.4,780.7,916.3,779.8,106,106.3,130.7,105.4,1.445,3.86,97.9,1.243,30.4,0.959,28.5,45.6,88.6,16.5,15,1,98.2,0.583,-13.7,CYL3_INJECTOR,0.9,,,
69.99999999999895,0,0,,4839.448340031194,79.63877329457246,776.4,779.9,920.5,781.4,105.6,105.8,131.1,105.6,1.433,3.83,98,1.189,30.3,0.962,28.4,46.1,88.4,16.53,15,1.1,98,0.5842,-13.7,CYL3_INJECTOR,0.9,,,
70.099999999999,0,0,,4845.093088999958,79.54192860078722,780.5,780.6,916.7,781.3,106.2,105.8,130.8,106,1.435,3.87,97.8,1.116,30.4,0.953,28.3,46.2,88.6,16.49,15,0.8,98.2,0.5838,-13.6,CYL3_INJECTOR,0.9,,,
70.19999999999905,0,0,,4846.881788753708,79.53097922434955,780.1,779.8,911.9,781.2,106.2,105.6,131.1,106.1,1.437,3.85,98,0.993,30.4,0.959,28.4,45.3,88.5,16.48,15,1.1,98.1,0.5841,-13.8,CYL3_INJECTOR,0.9,,,
70.2999999999991,0,0,,4842.402251188585,79.48583120912356,778.4,779.9,905.5,780,105.8,105.7,131,105.5,1.435,3.85,98,1.103,30.2,0.958,28.5,45.2,88.6,16.49,15,1.1,98.2,0.5833,-13.7,CYL3_INJECTOR,0.9,,,
70.39999999999915,0,0,,4841.508477527049,79.5094412873133,779.5,784.1,900.2,781.3,105.7,106.1,130.7,106.4,1.428,3.84,98,1.113,30.4,0.957,28.4,45.7,88.6,16.49,15,1.2,98.1,0.5835,-13.7,CYL3_INJECTOR,0.9,,,
70.4999999999992,0,0,,4841.488417332312,79.54254914691211,776.8,782.9,902,777.1,105.9,106.7,131.1,105.3,1.433,3.87,97.9,1.221,30.4,0.96,28.4,45.8,88.6,16.5,15,1.2,98.2,0.5838,-13.8,CYL3_INJECTOR,0.9,,,
70.59999999999926,0,0,,4843.837547940537,79.29963969665639,776.9,780.1,910.9,778.7,106.3,106,130.7,106,1.442,3.81,98,1.084,30.1,0.963,28.4,44.8,88.4,16.44,15,1.2,98.2,0.583,-13.7,CYL3_INJECTOR,0.9,,,
70.6999999999993,0,0,,4845.203835111795,79.68254316127944,775.9,779,915.7,779.3,105.6,106,130.9,106.2,1.429,3.88,97.9,1.191,30.4,0.961,28.4,45.2,88.5,16.52,15,1.1,98,0.5836,-13.7,CYL3_INJECTOR,0.9,,,
70.72999999999932,0,1,70.80999999999932,4842.153551596263,79.66642659693562,780.5,779.4,920.3,779.6,105.7,106.4,131.2,105.8,1.431,3.83,97.9,1.079,30.5,0.957,28.4,45.1,88.7,16.53,15,1,98.1,0.5831,-13.6,CYL3_INJECTOR,0.9,CYL3_INJECTOR,7.7,4.6
70.79999999999936,0,0,,4845.192654636317,79.72200003625362,778.6,779.4,918.3,778.8,106.1,106.1,131.1,106.1,1.435,3.85,98.1,1.152,30.5,0.963,28.4,44.4,88.1,16.53,15,1.1,98.2,0.5831,-13.7,CYL3_INJECTOR,0.9,,,
70.89999999999941,0,0,,4845.530972740988,79.63410772614941,778.9,779.2,917.7,781.1,105.9,106,131.2,105.9,1.431,3.87,97.9,1.1,30.4,0.958,28.4,44.5,88.4,16.51,15,0.8,98.1,0.5829,-13.7,CYL3_INJECTOR,0.9,,,
70.99999999999946,0,0,,4845.742391775212,79.66682684196188,777.8,780,908.8,778.4,105.4,106.3,130.9,106.4,1.43,3.84,98,1.291,30.4,0.96,28.4,44.3,88.3,16.52,15,1.3,98.2,0.5833,-13.6,CYL3_INJECTOR,0.9,,,
71.09999999999951,0,0,,4844.961219286425,79.47864091094137,779.9,779.8,904.6,781.3,106.1,105.9,131.1,106.2,1.436,3.85,98,1.194,30.4,0.956,28.4,44.6,88.5,16.48,15,0.8,98.1,0.5844,-13.6,CYL3_INJECTOR,0.9,,,
71.19999999999956,0,0,,4849.962159900774,79.72303000975892,779.9,780.7,900.7,779.9,105.6,106,130.6,105.9,1.435,3.86,98,1.198,30.5,0.957,28.3,45.2,88.4,16.52,15,0.9,98.2,0.5838,-13.7,CYL3_INJECTOR,0.9,,,
71.29999999999961,0,0,,4840.41964332122,79.6439356057801,779.5,781.3,902.6,781,106.3,106,130.5,106.4,1.446,3.86,97.9,1.174,30.4,0.951,28.5,44.9,88.5,16.53,15,1.3,98.1,0.5841,-13.7,CYL3_INJECTOR,0.9,,,
71.39999999999966,0,0,,4842.523543357844,79.70118441627243,779.8,780.7,909.2,783.1,106.3,105.5,131,106,1.432,3.84,98,1.097,30.4,0.957,28.5,45.1,88.6,16.54,15,1.1,98.1,0.5839,-13.6,CYL3_INJECTOR,0.9,,,
71.49999999999972,0,0,,4841.230411816683,79.55049880018193,780.6,780.9,921.2,780.4,105.7,106,131.2,105.6,1.441,3.85,97.9,0.977,30.4,0.957,28.4,46,88.3,16.51,15,1.2,98.1,0.5838,-13.7,CYL3_INJECTOR,0.9,,,
71.59999999999977,0,0,,4843.674128565684,79.72375652959172,779,780,921.3,780.6,105.4,105.9,130.8,106.2,1.429,3.84,97.9,1.112,30.3,0.959,28.3,45,88.3,16.54,15,1,98.2,0.5838,-13.7,CYL3_INJECTOR,0.9,,,
71.69999999999982,0,0,,4846.388456045422,79.53526188915532,779.4,781.1,917.9,780.7,106.5,105.8,131.1,105.9,1.441,3.84,97.9,1.002,30.3,0.958,28.5,46.3,88.3,16.49,15,1,98.2,0.5836,-13.6,CYL3_INJECTOR,0.9,,,
71.73999999999984,0,1,71.81999999999984,4837.140417424674,79.5964206877881,780.2,781.4,914.5,781,105.4,105.4,130.7,106.4,1.438,3.86,97.9,1.059,30.4,0.958,28.4,45.6,88.4,16.53,15,1.1,98.1,0.5829,-13.6,CYL3_INJECTOR,0.9,CYL3_INJECTOR,9.9,4.7
71.79999999999987,0,0,,4850.356087275384,79.83341690917996,778.6,779.3,908.8,781.6,105.7,105.6,131.6,105.5,1.431,3.87,98,1.112,30.6,0.955,28.4,45.6,88.4,16.54,15,1.1,98.2,0.5834,-13.7,CYL3_INJECTOR,0.9,,,
71.89999999999992,0,0,,4849.515552907025,79.59397794652189,779.4,780.3,901.9,779.5,105.7,105.9,131.1,106.3,1.443,3.87,97.9,0.952,30.4,0.961,28.4,44.8,88.2,16.49,15,1.3,98.3,0.5835,-13.7,CYL3_INJECTOR,0.9,,,
71.99999999999997,0,0,,4850.786331473997,79.5112666689206,779.3,783,901.2,780.2,106.3,105.6,131.2,106.3,1.44,3.81,97.9,1.348,30.3,0.962,28.4,45.1,88.4,16.47,15,1.2,98.2,0.5832,-13.7,CYL3_INJECTOR,0.9,,,
72.10000000000002,0,0,,4851.01765627902,79.74904140345522,780.1,783.4,904.5,780.3,105.8,105.8,130.9,106,1.446,3.85,98.1,1.113,30.5,0.954,28.5,44.9,88.6,16.52,15,1,98.2,0.5834,-13.9,CYL3_INJECTOR,0.9,,,
72.20000000000007,0,0,,4847.629577700895,79.55143663127012,780.7,780.6,911.9,780.6,106,106.2,131.3,106.1,1.434,3.87,98,1.116,30.4,0.959,28.3,44.9,88.5,16.49,15,1.1,98.2,0.5847,-13.8,CYL3_INJECTOR,0.9,,,
72.30000000000013,0,0,,4848.871536359916,79.8221409065474,779.6,781.3,917.7,783.3,106.2,105.9,131.6,106.1,1.436,3.89,97.9,1.098,30.5,0.956,28.4,44.9,88.5,16.55,15,0.9,98.1,0.5838,-13.7,CYL3_INJECTOR,0.9,,,
72.40000000000018,0,0,,4855.6884920170905,79.52159676045858,782.5,781.4,920.4,780.3,105.8,106,131.2,105.8,1.433,3.86,98.1,1.358,30.4,0.964,28.4,44.6,88.4,16.45,15,1,98.1,0.5841,-13.8,CYL3_INJECTOR,0.9,,,
72.50000000000023,0,0,,4855.005330304976,79.7796874300587,781.2,784.4,916.7,779.6,106,106.3,131.1,105.7,1.434,3.89,98.1,1.203,30.5,0.96,28.4,45.3,88.4,16.52,15,1,98.1,0.5836,-13.6,CYL3_INJECTOR,0.9,,,
72.60000000000028,0,0,,4855.455825646403,79.78339086883493,778.9,779.2,906.8,780.4,106.7,105.6,131.3,106.3,1.433,3.85,98,1.124,30.5,0.957,28.4,45.9,88.8,16.51,15,1.2,98.1,0.5827,-13.7,CYL3_INJECTOR,0.9,,,
72.70000000000033,0,0,,4845.3065224776,79.7806052046974,780.4,781,901,779.5,106.3,105.9,130.9,106.3,1.436,3.85,98,1.116,30.5,0.954,28.5,44.6,88.6,16.55,15,1.2,98.2,0.5835,-13.8,CYL3_INJECTOR,0.9,,,
72.75000000000036,0,1,72.83000000000035,4857.886142303928,79.73884810659905,778.4,782,898.4,781.1,105.9,106.5,131.6,106.1,1.447,3.84,98.2,1.061,30.5,0.96,28.4,44.8,88.2,16.5,15,1.2,98.1,0.5836,-13.7,CYL3_INJECTOR,0.9,CYL3_INJECTOR,7.6,4.3
72.80000000000038,0,0,,4853.070632867343,79.66363387128814,779.9,782.3,898.4,781.1,105.7,106.1,130.6,105.8,1.439,3.84,98.1,1.156,30.5,0.959,28.4,45.1,88.6,16.49,15,1,98.1,0.5836,-13.5,CYL3_INJECTOR,0.9,,,
72.90000000000043,0,0,,4854.268184488097,79.93026303186629,781.6,780.6,908.4,779.8,105.7,106.3,131.3,105.6,1.433,3.85,97.8,1.034,30.5,0.959,28.5,44.5,88.9,16.55,15,1.1,98.1,0.5834,-13.7,CYL3_INJECTOR,0.9,,,
73.00000000000048,0,0,,4851.997799131776,79.71913200659272,781.9,783.2,914.6,780.2,105.9,105.7,131,105.9,1.438,3.82,98,1.183,30.6,0.959,28.4,44.6,88.8,16.51,15,1.1,98.1,0.5844,-13.8,CYL3_INJECTOR,0.9,,,
73.10000000000053,0,0,,4849.000832337416,79.74293355440255,779.3,782.9,919.2,780.1,106.3,106,131.8,105.9,1.443,3.85,98,1.199,30.4,0.958,28.4,44.3,88.1,16.53,15,1.1,98,0.5835,-13.8,CYL3_INJECTOR,0.9,,,
73.20000000000059,0,0,,4849.122882656233,79.87899846521339,778.8,782.5,919.9,780.1,105.7,105.6,131.3,106.5,1.435,3.86,98.1,1.242,30.6,0.959,28.4,44.4,88.5,16.56,15,1.2,98.2,0.5832,-13.6,CYL3_INJECTOR,0.9,,,
73.30000000000064,0,0,,4848.0518104733765,79.81089172632913,779.9,781.9,916.3,781.7,106,105.5,131.2,106,1.442,3.85,98,1.136,30.5,0.959,28.5,44.4,88.1,16.55,15,1.1,98.2,0.5838,-13.6,CYL3_INJECTOR,0.9,,,
73.40000000000069,0,0,,4856.454354093707,79.64479543457806,780.7,782,908.6,781.4,105.8,106,131.7,105.7,1.446,3.87,97.8,1.179,30.4,0.962,28.3,45.2,88.3,16.48,15,0.9,98.2,0.5837,-13.7,CYL3_INJECTOR,0.9,,,
73.50000000000074,0,0,,4858.5589799721,79.71015064711723,777.9,781.3,899.9,777.5,105.6,105.7,130.9,105.8,1.444,3.83,97.9,1.085,30.4,0.958,28.5,44.8,88.8,16.49,15,1.1,98.2,0.5842,-13.7,CYL3_INJECTOR,0.9,,,
73.60000000000079,0,0,,4845.0992238121535,79.82384281077734,779.4,780.9,898.2,779.3,106.4,105.6,131.5,106.1,1.448,3.86,98,1.335,30.5,0.959,28.3,44.6,88.5,16.56,15,0.8,98.1,0.5835,-13.7,CYL3_INJECTOR,0.9,,,
73.70000000000084,0,0,,4852.243202952044,79.85978880726041,778.5,780.6,907.3,782,106.4,106.6,131.3,106.1,1.437,3.86,98,1.041,30.6,0.955,28.4,45.4,88.5,16.54,15,1.1,98.2,0.5833,-13.8,CYL3_INJECTOR,0.9,,,
73.80000000000089,0,0,,4854.454833261644,79.76236184750822,781.6,782.8,917.4,782.7,106.2,106.1,130.9,106.3,1.441,3.86,98,1.087,30.4,0.955,28.5,44.5,88.3,16.51,15,0.9,98.1,0.584,-13.7,CYL3_INJECTOR,0.9,,,
73.8100000000009,0,1,73.8900000000009,4852.071788244795,79.68368346266067,780.7,782.5,917.7,784.2,106,105.9,131.3,105.5,1.448,3.81,98.1,1.239,30.4,0.957,28.4,45.2,88.9,16.5,15,1,98.2,0.5832,-13.8,CYL3_INJECTOR,0.9,CYL3_INJECTOR,9.7,3.9
73.90000000000094,0,0,,4855.49440952039,79.6716450987864,779.3,783.1,923.6,780.9,105.9,105.8,131.7,105.8,1.441,3.82,98,0.989,30.5,0.957,28.4,44.7,88.4,16.49,15,0.9,98.1,0.5833,-13.6,CYL3_INJECTOR,0.9,,,
74.000000000001,0,0,,4857.87226909682,79.6857407620854,781.6,783.4,918.4,780.5,106.6,106.3,130.9,106,1.438,3.83,98.2,1.172,30.4,0.956,28.5,44.7,88.2,16.48,15,1,98.1,0.5834,-13.8,CYL3_INJECTOR,0.9,,,
74.10000000000105,0,0,,4848.507683887363,79.97551748423207,780.9,780.5,914.2,781,106.1,105.9,131.2,106.5,1.44,3.84,98,1.307,30.6,0.957,28.4,44.9,88.2,16.58,15,0.9,98.2,0.5837,-13.6,CYL3_INJECTOR,0.9,,,
74.2000000000011,0,0,,4862.335104159718,79.67550583282922,778.9,782.1,904.2,779.3,106.1,106,131.3,106.4,1.429,3.86,98,1.246,30.5,0.953,28.4,44.3,88.7,16.47,15,1.3,98.1,0.5838,-13.7,CYL3_INJECTOR,0.9,,,
74.30000000000115,0,0,,4854.674738936943,79.8486422386,779.8,780,901.1,780.7,105.5,105.8,131,106.7,1.438,3.86,98,1.092,30.5,0.959,28.5,44.7,88.6,16.53,15,1.1,98.1,0.5838,-13.7,CYL3_INJECTOR,0.9,,,
74.4000000000012,0,0,,4854.655952360885,79.84326438954594,778.7,782.1,902.2,782.6,105.2,106.1,131.6,106,1.443,3.82,98,1.109,30.5,0.96,28.3,44.7,89,16.53,15,1.4,98.3,0.5838,-13.7,CYL3_INJECTOR,0.9,,,
74.50000000000125,0,0,,4851.859581866112,79.84924397124101,781.1,782.4,909.1,780.2,106.2,106,131.3,105.6,1.445,3.87,97.9,1.172,30.5,0.96,28.5,45.6,88.6,16.54,15,0.9,98.1,0.5826,-13.8,CYL3_INJECTOR,0.9,,,
74.6000000000013,0,0,,4851.441992356722,79.74219929217301,780.6,783.6,917,782,106.1,106.1,131.2,106.5,1.436,3.84,98,1.044,30.5,0.959,28.5,45.8,88.7,16.52,15,1.1,98.1,0.584,-13.5,CYL3_INJECTOR,0.9,,,
74.70000000000135,0,0,,4857.2135451124295,79.91246032988222,782,782.5,921.7,779.2,106,105.9,131.3,106.3,1.444,3.86,97.9,1.068,30.5,0.954,28.4,46,88.5,16.54,15,1,98,0.5845,-13.6,CYL3_INJECTOR,0.9,,,
74.8000000000014,0,0,,4860.729548575369,79.82321587422419,781.5,783.4,920.2,782.9,106.2,105.6,131.1,106,1.446,3.83,97.9,1.038,30.6,0.963,28.4,45.8,88.6,16.51,15,1.1,98.2,0.5838,-13.8,CYL3_INJECTOR,0.9,,,
74.87000000000144,0,1,74.95000000000144,4852.917387778061,80.09337740151815,779.8,782.3,914.9,780.4,105.6,106.3,131.6,106.4,1.441,3.86,97.9,1.166,30.6,0.963,28.4,45,88.5,16.6,15,1.1,98.2,0.5825,-13.9,CYL3_INJECTOR,0.9,CYL3_INJECTOR,7.3,3.7
74.90000000000146,0,0,,4859.235512192297,79.87251378107126,779.9,785.1,912.1,782.2,105.8,106.4,131.7,105.4,1.438,3.84,98,1.185,30.5,0.96,28.4,44.9,88.5,16.52,15,1.1,98.1,0.5834,-13.8,CYL3_INJECTOR,0.9,,,
75.0000000000015,0,0,,4853.155750766059,79.94526491873906,781.9,780.7,907.1,782.8,106.1,106,131.3,106.3,1.447,3.85,98.1,1.091,30.6,0.962,28.4,46.5,88.5,16.56,15,0.8,98.1,0.5834,-13.6,CYL3_INJECTOR,0.9,,,
75.10000000000156,0,0,,4857.504180069792,79.97084532502937,778.8,782.4,900.8,782.4,106,106,131.2,106.4,1.445,3.83,98.1,1.285,30.5,0.953,28.4,45.3,88.6,16.55,15,1.2,98.1,0.5832,-13.6,CYL3_INJECTOR,0.9,,,
75.20000000000161,0,0,,4863.578302242139,79.88432156806549,777.7,783.8,902,780.1,106.1,106,131.2,106.1,1.442,3.87,97.9,1.117,30.5,0.959,28.4,45.7,88.7,16.51,15,0.9,98.2,0.5831,-13.7,CYL3_INJECTOR,0.9,,,
75.30000000000166,0,0,,4858.541104688353,79.95554278550127,781.6,781.9,907.8,781.2,106.1,105.9,131.2,106.5,1.446,3.87,98,1.078,30.6,0.957,28.4,45.7,88.3,16.55,15,0.9,98.1,0.5835,-13.8,CYL3_INJECTOR,0.9,,,
75.40000000000171,0,0,,4853.182064691078,79.87714955865567,780.5,780.7,918,783.1,106.2,106,131.2,106.3,1.444,3.83,98.1,1.046,30.6,0.964,28.4,45.1,88.6,16.54,15,0.9,98.1,0.5831,-13.8,CYL3_INJECTOR,0.9,,,
75.50000000000176,0,0,,4855.204299189442,79.91604786596912,781,783.7,922.9,783,106.1,106.9,130.8,106.3,1.442,3.84,98,1.107,30.6,0.961,28.4,45.7,88.3,16.55,15,0.8,98.1,0.5835,-13.5,CYL3_INJECTOR,0.9,,,
75.60000000000181,0,0,,4856.901894337934,79.85621025932984,779,781.4,918.3,780.5,106.2,105.3,131.1,106.4,1.452,3.87,97.9,1.088,30.4,0.961,28.5,45.9,88.2,16.53,15,1.1,98.1,0.5836,-13.8,CYL3_INJECTOR,0.9,,,
75.70000000000186,0,0,,4858.0746533470965,79.74227400097791,781.4,784.1,909.6,780.7,106.2,106,131.3,106.1,1.437,3.84,98.1,1.223,30.4,0.959,28.4,45,88.6,16.5,15,1.1,98.1,0.5834,-13.8,CYL3_INJECTOR,0.9,,,
75.80000000000192,0,0,,4857.50571867678,80.01486009603697,779.4,781.3,905.5,780.6,105.4,106.2,131.4,105.8,1.446,3.85,98.1,1.099,30.5,0.961,28.4,44.5,88.4,16.56,15,0.9,98.1,0.5841,-13.6,CYL3_INJECTOR,0.9,,,
75.87000000000195,0,1,75.95000000000195,4858.172759418561,80.05436419746303,779.8,782.2,898.7,781.8,106.3,106.3,131.1,106.3,1.435,3.84,98.1,1.12,30.6,0.957,28.4,45.5,88.2,16.57,15,1.1,98.2,0.5831,-13.8,CYL3_INJECTOR,0.9,CYL3_INJECTOR,8.1,4.6
75.90000000000197,0,0,,4856.579857325847,80.00032857296402,781.3,783.1,900,782.1,106.1,105.9,131.4,106.7,1.449,3.89,97.9,1.162,30.6,0.957,28.4,45.5,88.2,16.56,15,1,98.1,0.5838,-13.8,CYL3_INJECTOR,0.9,,,
76.00000000000202,0,0,,4859.247889571108,79.94564435011849,780.4,784.2,901.3,781.3,106,106.2,131,106.3,1.445,3.82,98,1.291,30.6,0.957,28.4,45.5,88.3,16.54,15,0.9,98.1,0.5836,-13.7,CYL3_INJECTOR,0.9,,,
76.10000000000207,0,0,,4848.410277758546,79.9257761419165,780.9,783.6,910.4,782.1,105.9,106,131.8,105.8,1.442,3.84,98.1,1.075,30.5,0.959,28.3,45,88.4,16.57,15,1.4,98.2,0.5826,-13.8,CYL3_INJECTOR,0.9,,,
76.20000000000212,0,0,,4859.743829056821,79.95398792080567,779.4,780.4,916,780.3,106.4,105.2,131,105.9,1.442,3.88,98,1.112,30.7,0.958,28.4,45.1,88.3,16.54,15,0.9,98.1,0.5834,-13.6,CYL3_INJECTOR,0.9,,,
76.30000000000217,0,0,,4857.004469086158,79.96416083828555,782.6,782,920.7,782.5,106.2,106.6,130.8,106.2,1.435,3.85,98.2,1.209,30.6,0.957,28.4,45.6,88.7,16.55,15,1,98.2,0.5837,-13.6,CYL3_INJECTOR,0.9,,,
76.40000000000222,0,0,,4862.393264786206,79.81823729528712,777.7,782.1,916.6,780.8,106.3,106.5,131.3,106.4,1.446,3.85,98.1,1.279,30.6,0.951,28.3,45.7,88.6,16.5,15,0.9,98.2,0.5841,-13.6,CYL3_INJECTOR,0.9,,,
76.50000000000227,0,0,,4857.794552853453,79.89894810981168,780.7,784.9,911.8,781.8,106.2,106.4,131.5,105.9,1.449,3.85,98.1,1.056,30.5,0.96,28.3,45.6,88.5,16.53,15,0.7,98.2,0.5835,-13.6,CYL3_INJECTOR,0.9,,,
76.60000000000232,0,0,,4862.164366633323,80.0886753052983,781.6,782.8,902.6,783.1,106,106,131.5,106.5,1.449,3.81,98,1.005,30.6,0.959,28.4,46.1,88.8,16.57,15,1.1,98.2,0.5831,-13.8,CYL3_INJECTOR,0.9,,,
76.70000000000238,0,0,,4867.177669719632,80.13425952067512,781.2,784.1,900.8,782,105.8,105.9,131.3,106.4,1.443,3.83,97.9,1.114,30.6,0.953,28.4,45.6,88.5,16.56,15,1.1,98.2,0.5834,-13.7,CYL3_INJECTOR,0.9,,,
76.80000000000243,0,0,,4860.746808359596,80.11874157183354,781.6,781.5,902.3,779.1,106,105.5,131.3,106.5,1.444,3.82,97.9,1.158,30.7,0.959,28.4,45.7,88.3,16.58,15,1,98.1,0.5841,-13.7,CYL3_INJECTOR,0.9,,,
76.88000000000247,0,1,76.96000000000247,4849.88995493646,80.00985002461931,780.2,782.4,911.3,782.5,106.5,106.6,130.9,106.1,1.433,3.87,97.9,1.174,30.6,0.962,28.4,46.3,88.4,16.59,15,1,98.1,0.5838,-13.6,CYL3_INJECTOR,0.9,CYL3_INJECTOR,8,4.1
76.90000000000248,0,0,,4860.665640712187,80.07224742901614,781.3,779.5,909.8,781.2,105.9,106.6,131.2,106.1,1.45,3.85,98,1.177,30.6,0.955,28.4,45.6,88.3,16.57,15,1.1,98.2,0.5837,-13.6,CYL3_INJECTOR,0.9,,,
77.00000000000253,0,0,,4862.392647439785,79.9023105505493,781.4,781.9,918.2,781.6,105.5,106.8,131.2,105.9,1.443,3.84,98.1,0.916,30.6,0.963,28.4,46.4,88.5,16.52,15,1.1,98.2,0.5829,-13.9,CYL3_INJECTOR,0.9,,,
77.10000000000258,0,0,,4856.492214988735,80.16749797135529,780.3,781.9,921,781.2,106.2,106.1,131.6,105.7,1.446,3.87,98,1.072,30.7,0.959,28.5,45.9,88.4,16.6,15,1.1,98.2,0.5842,-13.5,CYL3_INJECTOR,0.9,,,
77.20000000000263,0,0,,4854.59021882316,79.94069178088458,780.1,784.5,917.3,781.9,106.2,106.1,131.7,106.5,1.442,3.86,98,1.187,30.5,0.957,28.4,46,88.7,16.55,15,1.2,98.2,0.5832,-13.8,CYL3_INJECTOR,0.9,,,
77.30000000000268,0,0,,4859.349381612546,79.93489916335879,781.4,783,910.8,781.2,106.6,106.2,131.6,105.3,1.452,3.85,97.9,1.218,30.5,0.962,28.4,45.9,88.6,16.54,15,1.1,98.1,0.583,-13.9,CYL3_INJECTOR,0.9,,,
77.40000000000273,0,0,,4858.705099017574,80.0725822609491,779.9,782.9,900.7,780.2,106.1,105.6,130.5,105.7,1.437,3.85,98.2,1.139,30.6,0.953,28.4,45.3,88.4,16.57,15,1.1,98.1,0.5843,-13.7,CYL3_INJECTOR,0.9,,,
77.50000000000279,0,0,,4859.305870050574,79.91331078456943,780,781,902.1,780.1,106,106.4,131.4,105.5,1.447,3.84,98,1.259,30.6,0.955,28.4,46.1,88.4,16.53,15,1.2,98.2,0.5828,-13.7,CYL3_INJECTOR,0.9,,,
77.60000000000284,0,0,,4857.365155577913,80.1214068770788,782.1,781.8,901.4,780.8,105.7,106.2,131.4,106.6,1.43,3.83,97.9,1.282,30.7,0.962,28.3,45.3,88.4,16.59,15,1.2,98,0.5837,-13.6,CYL3_INJECTOR,0.9,,,
77.70000000000289,0,0,,4856.481253832607,79.86916644580637,779.4,784.6,914.7,781.3,106.1,106.2,131.3,105.4,1.438,3.85,97.9,1.08,30.5,0.96,28.5,46.1,88.6,16.53,15,1.2,98,0.5836,-13.5,CYL3_INJECTOR,0.9,,,
77.80000000000294,0,0,,4858.665806059548,80.25090555427931,781.3,783.2,922.3,780.8,106.4,106.3,130.7,105.9,1.443,3.82,97.9,0.973,30.7,0.962,28.4,45.4,88.7,16.62,15,1,98.2,0.5832,-13.6,CYL3_INJECTOR,0.9,,,
77.89000000000298,0,1,77.97000000000298,4857.631690191799,79.95772489852965,779.7,781.1,924.8,781.9,105.9,106.5,131.1,106.4,1.434,3.85,98,1.043,30.5,0.962,28.4,46.2,88.5,16.55,15,1.4,98,0.5829,-13.7,CYL3_INJECTOR,0.9,CYL3_INJECTOR,8,4.3
77.90000000000299,0,0,,4854.169560896373,80.08112747897233,780.2,779.7,920.4,781.1,106.4,106,131.3,106.4,1.448,3.8,97.8,1.188,30.7,0.954,28.3,45.7,88.5,16.59,15,1.2,98.1,0.5832,-13.6,CYL3_INJECTOR,0.9,,,
78.00000000000304,0,0,,4863.171271522609,80.00584737213026,780.3,784.5,916.7,781,106.5,106.3,131.5,106.2,1.442,3.86,98,1.18,30.6,0.958,28.4,46.3,88.5,16.54,15,1.4,98.1,0.5833,-13.6,CYL3_INJECTOR,0.9,,,
78.10000000000309,0,0,,4858.790285167379,79.98537283720856,780.6,780.6,910.4,781.8,106.6,105.4,131.8,105.8,1.442,3.86,98.1,1.021,30.6,0.957,28.3,45.8,88.3,16.55,15,1.2,98.1,0.5847,-13.8,CYL3_INJECTOR,0.9,,,
78.20000000000314,0,0,,4859.402141065123,80.00353751092418,780.7,783.8,901.1,780,106.4,106.2,131,106.2,1.447,3.83,98,1.076,30.6,0.962,28.5,45.4,88.3,16.55,15,1.1,98.1,0.5835,-13.8,CYL3_INJECTOR,0.9,,,
78.3000000000032,0,0,,4863.79824872803,79.9209505886191,781.5,782.1,901.3,782.7,105.8,106,131.1,106.1,1.442,3.83,98,1.338,30.5,0.96,28.3,45.1,88.7,16.52,15,1,98.1,0.5825,-13.7,CYL3_INJECTOR,0.9,,,
78.40000000000325,0,0,,4865.145546285674,79.98292008188125,781.1,781.2,908.4,782.2,105.7,106.3,131.3,106.5,1.444,3.88,97.9,0.948,30.7,0.958,28.3,45.3,88.5,16.53,15,1,98.1,0.5831,-13.6,CYL3_INJECTOR,0.9,,,
78.5000000000033,0,0,,4862.890993956812,79.89907499560616,780.7,782.4,912.8,783.6,106.1,106.3,131.1,106,1.442,3.86,97.9,1.118,30.5,0.958,28.3,45.9,88.9,16.52,15,1.1,98.2,0.5842,-13.7,CYL3_INJECTOR,0.9,,,
78.60000000000335,0,0,,4857.511534992357,80.11897690909281,780.1,782.2,920.3,779.3,105.9,106.8,131.9,106.4,1.447,3.85,98,1.138,30.6,0.957,28.5,45.7,88.3,16.59,15,0.9,98.1,0.5833,-13.6,CYL3_INJECTOR,0.9,,,
78.7000000000034,0,0,,4857.86829528467,79.94593797985169,781.2,781,921.1,782.4,105.6,106.5,131.4,105.9,1.44,3.87,98,1.064,30.5,0.959,28.5,46.5,88.9,16.55,15,1.1,98.1,0.5839,-13.6,CYL3_INJECTOR,0.9,,,
78.80000000000345,0,0,,4857.708794299871,79.99669209458315,781.5,781.2,916.2,781.8,105.9,106.6,130.9,106.3,1.437,3.88,97.9,1.158,30.5,0.96,28.4,45.7,88.6,16.56,15,1.3,98.1,0.5841,-13.8,CYL3_INJECTOR,0.9,,,
78.9000000000035,0,0,,4857.149615711966,80.10514860456361,781.7,780.7,906.5,780.9,106,105.5,131.9,106.5,1.44,3.8,98,1.083,30.6,0.96,28.4,46,88.5,16.59,15,1.5,98.1,0.5838,-13.8,CYL3_INJECTOR,0.9,,,
78.9000000000035,0,1,78.9800000000035,4857.149615711966,80.10514860456361,781.7,780.7,906.5,780.9,106,105.5,131.9,106.5,1.44,3.8,98,1.083,30.6,0.96,28.4,46,88.5,16.59,15,1.5,98.1,0.5838,-13.8,CYL3_INJECTOR,0.9,CYL3_INJECTOR,7.7,4.9
79.00000000000355,0,0,,4855.8140014879955,79.99221745862815,779.9,783.6,900,781.7,106.5,106.4,131.8,105.8,1.436,3.81,98,1.234,30.7,0.963,28.5,45.8,88.5,16.56,15,1,98.1,0.5832,-13.8,CYL3_INJECTOR,0.9,,,
79.1000000000036,0,0,,4861.065616470254,79.88715433568119,782,781,902.7,782.2,106.3,106.6,131.9,106.2,1.441,3.84,98.2,1.1,30.5,0.961,28.4,46.4,88.5,16.52,15,0.9,98.2,0.5837,-13.8,CYL3_INJECTOR,0.9,,,
79.20000000000366,0,0,,4863.49508741283,80.02540329215611,782.4,783.2,909.7,780.9,106.3,106.4,131.3,105.8,1.445,3.83,98.1,1.119,30.6,0.956,28.4,46.2,88.3,16.55,15,1.2,98.1,0.5829,-13.7,CYL3_INJECTOR,0.9,,,
79.3000000000037,0,0,,4856.427449736707,79.99649207576365,778.6,779.5,914.8,782.2,106.5,106.4,131.6,106.5,1.448,3.86,98,1.018,30.7,0.958,28.4,46.6,88.6,16.56,15,1.2,98.1,0.5835,-13.9,CYL3_INJECTOR,0.9,,,
79.40000000000376,0,0,,4858.533608399347,80.15871995548046,781.7,784,922.2,780.9,106.2,106,131.2,106.4,1.438,3.86,98,1.075,30.7,0.961,28.4,46.8,88.4,16.59,15,0.9,98.2,0.5831,-13.8,CYL3_INJECTOR,0.9,,,
79.50000000000381,0,0,,4852.270868040262,79.97686434741838,781.7,783.4,921.7,781.1,106.4,106.2,130.9,106.1,1.448,3.88,98.1,1.281,30.6,0.958,28.5,47.1,88.6,16.57,15,1.1,98.2,0.5836,-13.6,CYL3_INJECTOR,0.9,,,
79.60000000000386,0,0,,4856.306476078946,79.945460661346,780.2,780.2,912.1,784.2,106,106.2,131.4,106,1.44,3.87,97.9,1.195,30.5,0.961,28.4,46.8,88.6,16.55,15,1,98.1,0.5836,-13.8,CYL3_INJECTOR,0.9,,,
79.70000000000391,0,0,,4858.6585617657465,79.92931779048637,780.7,783.4,908.1,780.5,106.2,105.7,131.4,106,1.433,3.85,98.1,1.316,30.5,0.958,28.3,46.8,88.6,16.54,15,1,98.1,0.5832,-13.8,CYL3_INJECTOR,0.9,,,
79.80000000000396,0,0,,4857.015445745038,80.07689085257013,780.5,783.2,898.4,781.6,106.3,106.2,131,106.1,1.455,3.83,98.1,1.085,30.7,0.96,28.5,46,88.4,16.58,15,1.2,98.1,0.584,-13.6,CYL3_INJECTOR,0.9,,,
79.90000000000401,0,0,,4858.561278895148,79.86032043775236,781.3,783.7,901,780.8,106.6,106.5,131.5,105.5,1.437,3.85,98.1,1.275,30.5,0.961,28.4,47.1,88.4,16.52,15,1.1,98.2,0.5834,-13.6,CYL3_INJECTOR,0.9,,,
79.90000000000401,0,1,79.98000000000401,4858.561278895148,79.86032043775236,781.3,783.7,901,780.8,106.6,106.5,131.5,105.5,1.437,3.85,98.1,1.275,30.5,0.961,28.4,47.1,88.4,16.52,15,1.1,98.2,0.5834,-13.6,CYL3_INJECTOR,0.9,CYL3_INJECTOR,9.7,4.3
80.00000000000406,0,0,,4853.5921967658705,80.15550901828523,780,779.7,906.7,783,106.1,106.6,131.7,105.8,1.443,3.85,98,1.133,30.8,0.957,28.4,46.7,88.7,16.61,15,1,98.1,0.5832,-13.9,CYL3_INJECTOR,0.9,,,
80.10000000000412,0,0,,4870.783806377899,79.89766481103074,781.3,784.3,915,782.4,106.4,106.1,130.9,106.5,1.446,3.85,98,1.138,30.5,0.954,28.4,47.9,88.9,16.49,15,1.1,98,0.584,-13.7,CYL3_INJECTOR,0.9,,,
80.20000000000417,0,0,,4856.352614966516,79.83552829825139,780.6,781,922,782.6,106.3,106.1,131.7,106.6,1.443,3.83,98.1,1.285,30.5,0.961,28.4,47.1,88.6,16.52,15,1.2,98.1,0.5828,-13.7,CYL3_INJECTOR,0.9,,,
80.30000000000422,0,0,,4857.131022080605,79.87633676712392,781.4,782.4,918.6,783.9,106.5,106.4,131.5,106.4,1.453,3.85,98.1,1.213,30.5,0.953,28.4,48.2,88.4,16.53,15,1.2,98.1,0.5844,-13.7,CYL3_INJECTOR,0.9,,,
80.40000000000427,0,0,,4859.713416401872,79.9145927210595,780.2,784.2,915.7,782.8,106.1,106.7,131.8,106.1,1.448,3.86,98,1.081,30.5,0.962,28.4,47,88.4,16.53,15,1.1,98.2,0.5836,-13.6,CYL3_INJECTOR,0.9,,,
80.50000000000432,0,0,,4861.607187365708,79.94657443299234,781.6,782.2,907.1,781.7,106.7,106.3,131.4,106,1.438,3.85,98.1,1.164,30.5,0.961,28.3,47.2,89,16.53,15,0.8,98.1,0.5837,-13.8,CYL3_INJECTOR,0.9,,,
80.60000000000437,0,0,,4860.38744369719,79.98343101077224,779.1,783.9,899.3,782.1,106.9,106.1,131.4,106,1.45,3.87,97.9,1.127,30.6,0.957,28.4,48,88.6,16.55,15,1,98.1,0.5845,-13.8,CYL3_INJECTOR,0.9,,,
80.70000000000442,0,0,,4863.732986869802,79.71258265492067,781.7,782.5,902.1,781.6,106.1,106.4,131,106.4,1.455,3.83,98,1.095,30.5,0.954,28.5,46.5,88.7,16.47,15,0.9,98.2,0.5836,-13.8,CYL3_INJECTOR,0.9,,,
80.80000000000447,0,0,,4852.743940785202,80.22491430242509,782.7,782.5,909.7,782.4,106.2,106.3,132,106.3,1.443,3.85,98,1.225,30.8,0.964,28.3,46.6,88.4,16.63,15,1.3,98.1,0.5848,-13.6,CYL3_INJECTOR,0.9,,,
80.90000000000452,0,0,,4853.708509407858,80.07393556138378,780.9,780.8,918.2,781.8,106.6,106,131.7,105.4,1.436,3.84,98,1.181,30.7,0.963,28.4,46.7,88.6,16.59,15,1.1,98.2,0.5837,-13.7,CYL3_INJECTOR,0.9,,,
80.92000000000453,0,1,81.00000000000453,4856.5507963202945,79.92835765824594,779.4,782.6,918,781.2,105.9,106.1,131.4,107.1,1.437,3.83,98.1,1.082,30.5,0.955,28.3,47.4,88.4,16.55,15,0.9,98.2,0.5832,-13.9,CYL3_INJECTOR,0.9,CYL3_INJECTOR,9.4,4.7
81.00000000000458,0,0,,4851.065876576826,80.02769236811264,780.2,785,922,782.1,106.3,106.4,131.2,106.3,1.438,3.85,98.1,1.045,30.6,0.961,28.3,48,88.4,16.59,15,1,98.1,0.5846,-13.8,CYL3_INJECTOR,0.9,,,
81.10000000000463,0,0,,4858.816899975021,79.73329605939615,779.4,783.8,921.1,782.1,106.6,106.6,131.6,106.4,1.449,3.85,98,1.121,30.5,0.957,28.5,47.3,88.8,16.49,15,1,98.2,0.5842,-13.6,CYL3_INJECTOR,0.9,,,
81.20000000000468,0,0,,4858.230297597014,80.02235825986645,783.2,784.5,911.2,781.9,106.6,106.7,131.4,106.4,1.439,3.87,98.3,1.021,30.5,0.958,28.4,47.1,88.7,16.56,15,1.2,98.1,0.5835,-13.8,CYL3_INJECTOR,0.9,,,
81.30000000000473,0,0,,4857.611119770338,79.97808387934265,780.4,782.3,905.5,779.9,106.5,106.3,131.8,106.7,1.448,3.84,98.1,1.016,30.6,0.962,28.4,47.4,88.5,16.55,15,1.2,98.1,0.5837,-13.6,CYL3_INJECTOR,0.9,,,
81.40000000000478,0,0,,4848.0888067283395,79.88907624635097,781.8,781.5,897,784.7,106.8,106.5,131.7,106.4,1.441,3.84,98.1,1.087,30.6,0.956,28.5,47.5,88.4,16.56,15,0.8,98.1,0.5837,-13.7,CYL3_INJECTOR,0.9,,,
81.50000000000483,0,0,,4862.5536599381685,79.93638220415087,780.8,779.7,902.9,782.5,106.4,107.2,130.6,106.5,1.445,3.85,98,1.263,30.6,0.959,28.4,48.6,88.3,16.53,15,0.9,98.1,0.584,-13.8,CYL3_INJECTOR,0.9,,,
81.60000000000488,0,0,,4849.525157032021,79.90757573978225,782.4,782.8,912.5,783.7,106.8,106.5,131.3,106.3,1.433,3.84,98,1.087,30.5,0.961,28.3,47.4,88.7,16.56,15,1.1,98.2,0.5842,-13.7,CYL3_INJECTOR,0.9,,,
81.70000000000493,0,0,,4859.443742867267,79.9396456779919,779.4,783.2,917.7,782.7,105.3,106.4,132.1,106.1,1.44,3.84,98,1.06,30.6,0.961,28.4,46.8,88.3,16.54,15,1.1,98,0.5842,-13.6,CYL3_INJECTOR,0.9,,,
81.80000000000499,0,0,,4857.495550297662,80.00796633694497,782.2,783.4,923.5,782.3,106.2,106.3,131.2,106.3,1.437,3.84,98.1,1.068,30.6,0.955,28.5,47.1,88.5,16.56,15,0.8,98.2,0.5844,-13.9,CYL3_INJECTOR,0.9,,,
81.90000000000504,0,0,,4854.87857549556,80.06347796210461,781.1,781.9,918.5,781.8,105.9,106,131.8,106.4,1.439,3.85,98.3,1.196,30.5,0.954,28.4,47.4,88.4,16.58,15,1,98.2,0.585,-13.8,CYL3_INJECTOR,0.9,,,
81.98000000000508,0,1,82.06000000000508,4861.384231845821,79.72976894294383,781.3,780.8,912.3,780.3,105.9,106.8,131.4,106,1.441,3.83,97.8,0.903,30.4,0.958,28.5,47.4,88.3,16.48,15,1.1,98,0.5828,-13.6,CYL3_INJECTOR,0.9,CYL3_INJECTOR,9.9,4.4
82.00000000000509,0,0,,4856.917470301324,80.01009464299237,779.9,782.2,908.6,781.6,106.5,105.8,131,106.5,1.433,3.87,98.1,0.976,30.6,0.959,28.4,46.6,88.9,16.56,15,1,98.2,0.5838,-14,CYL3_INJECTOR,0.9,,,
82.10000000000514,0,0,,4862.518007987389,79.7103140200729,780.5,782.1,904.3,781.1,106.6,106.5,131.7,106.6,1.444,3.87,98,1.213,30.4,0.956,28.4,47.4,89,16.47,15,1.1,98.2,0.5839,-13.9,CYL3_INJECTOR,0.9,,,
82.20000000000519,0,0,,4855.154591299345,79.92286382467888,779.7,784.7,901.1,784,106.4,106.2,131.8,106,1.439,3.82,98.1,1.151,30.5,0.951,28.5,46.6,88.7,16.55,15,1.3,98.1,0.5828,-13.7,CYL3_INJECTOR,0.9,,,
82.30000000000524,0,0,,4851.849036356903,79.85219543826385,782.6,781.9,905.9,781.6,106.3,106.9,131.4,106.7,1.447,3.85,98.1,1.225,30.5,0.956,28.4,47.5,88.2,16.54,15,0.7,98.2,0.5836,-13.8,CYL3_INJECTOR,0.9,,,
82.40000000000529,0,0,,4864.21886258755,79.99975503111476,780.4,783.9,912.7,781.5,105.8,106.2,131.5,106.5,1.435,3.88,97.9,1.203,30.6,0.961,28.4,48.3,88.6,16.54,15,1.2,98.2,0.5831,-13.7,CYL3_INJECTOR,0.9,,,
82.50000000000534,0,0,,4856.591974908915,79.91074934803827,782.5,782.8,920.6,781.7,106.1,106.4,131.7,106.7,1.434,3.86,97.9,1.047,30.6,0.958,28.5,47.7,88.5,16.54,15,1.2,98.2,0.5832,-13.6,CYL3_INJECTOR,0.9,,,
82.6000000000054,0,0,,4854.819640878643,80.01588816112162,778.7,782,923.2,781.2,106.3,106.2,131.6,106.2,1.443,3.87,98,1.138,30.6,0.963,28.4,48.2,88.5,16.57,15,1,98.2,0.583,-13.8,CYL3_INJECTOR,0.9,,,
82.70000000000545,0,0,,4856.828791607694,79.79093894727431,781,780.5,917.1,782.5,106.3,105.9,131.4,106.1,1.448,3.85,98,1.216,30.5,0.954,28.4,47.3,88.3,16.51,15,0.9,98.2,0.5848,-13.8,CYL3_INJECTOR,0.9,,,
82.8000000000055,0,0,,4856.3903407002845,79.93681368831142,781.6,780.2,910.3,781.9,106.7,106.5,131.1,106.7,1.44,3.86,97.9,1.177,30.6,0.961,28.5,47.3,88.5,16.55,15,1.1,98.2,0.5825,-13.6,CYL3_INJECTOR,0.9,,,
82.90000000000555,0,0,,4852.189240894587,80.01430115578688,781.2,781.2,903.5,779.2,106.6,106.1,131.8,106.6,1.436,3.88,98.2,1.279,30.6,0.963,28.4,47.4,88.5,16.58,15,1.2,98.1,0.5847,-13.7,CYL3_INJECTOR,0.9,,,
82.98000000000559,0,1,83.06000000000559,4856.602063336057,79.86502669443273,780.5,783,902.1,780.1,106.2,106.5,131.1,106.6,1.438,3.85,98.1,0.962,30.5,0.958,28.4,47.1,88.5,16.53,15,1.2,98.1,0.5839,-13.7,CYL3_INJECTOR,0.9,CYL3_INJECTOR,9.7,4.5
83.0000000000056,0,0,,4846.500112171385,79.76422430102113,780.6,783.4,901.4,779.9,106.4,105.6,131.2,106.7,1.444,3.84,98.1,1.251,30.5,0.959,28.4,47.5,88.6,16.54,15,1.1,98.1,0.5827,-13.6,CYL3_INJECTOR,0.9,,,
83.10000000000565,0,0,,4848.321804930136,79.84670053852399,778,781.4,904.4,781.7,106.3,106,132.1,106.6,1.446,3.86,98.1,1.147,30.4,0.959,28.4,46.8,88.3,16.55,15,1,98.1,0.5838,-13.9,CYL3_INJECTOR,0.9,,,
83.2000000000057,0,0,,4852.930283891621,79.81397121860643,779,781.6,913.4,781,106.4,106.4,131.4,106.4,1.439,3.84,97.9,1.155,30.5,0.961,28.5,47.5,88.6,16.53,15,1.1,98.2,0.5843,-13.7,CYL3_INJECTOR,0.9,,,
83.30000000000575,0,0,,4850.100631361556,79.69657717484428,779.6,779.6,920.2,779.1,106.4,106.3,131.6,106.4,1.436,3.87,98,1.366,30.4,0.961,28.4,45.9,88.8,16.51,15,0.9,98.1,0.5835,-13.8,CYL3_INJECTOR,0.9,,,
83.4000000000058,0,0,,4845.741504167596,79.63360948465656,779.6,781.1,920.7,782.3,106.4,105.9,131.6,106,1.438,3.86,98,1.18,30.4,0.962,28.4,47.1,88.6,16.51,15,0.7,98.2,0.5841,-13.7,CYL3_INJECTOR,0.9,,,
83.50000000000585,0,0,,4850.735839221138,79.63897208737949,780.3,783.1,920.3,783.2,106.3,106.5,131.9,106.4,1.438,3.84,98.2,1.202,30.5,0.957,28.4,46.4,88.5,16.5,15,0.9,98.1,0.5837,-13.7,CYL3_INJECTOR,0.9,,,
83.6000000000059,0,0,,4848.869467845096,79.82996905675014,779.7,781.7,906.9,781.1,106.6,106.1,131.7,106.5,1.437,3.86,97.9,1.079,30.6,0.959,28.4,46.3,88.7,16.55,15,1.3,98.2,0.5839,-13.7,CYL3_INJECTOR,0.9,,,
83.70000000000596,0,0,,4853.386079600512,79.76541619556909,782.7,781.4,901.2,780.6,106.8,106,131.7,106.3,1.452,3.83,97.9,1.204,30.5,0.956,28.3,46.4,89,16.52,15,0.9,98.1,0.5835,-13.5,CYL3_INJECTOR,0.9,,,
83.80000000000601,0,0,,4851.816194812876,79.71440629314306,781.5,783,899.8,781.3,106.5,106.6,131.2,106.1,1.438,3.84,98,1.194,30.5,0.959,28.3,46.5,88.1,16.51,15,0.8,98.2,0.5828,-13.8,CYL3_INJECTOR,0.9,,,
83.90000000000606,0,0,,4851.1102966089275,79.5940797281237,781.8,783.4,907.8,782.9,106.6,106.8,132,106,1.434,3.85,98.1,1.193,30.3,0.958,28.3,45.8,88.6,16.48,15,1.1,98.1,0.583,-13.9,CYL3_INJECTOR,0.9,,,
83.9900000000061,0,1,84.0700000000061,4855.208188232963,79.81686378094292,778.8,783.6,912.9,783,107.1,106.6,131.6,106.6,1.437,3.85,97.9,1.019,30.5,0.954,28.4,46.1,88.5,16.52,15,1.5,98.1,0.5837,-13.7,CYL3_INJECTOR,0.9,CYL3_INJECTOR,10.8,5.3
84.00000000000611,0,0,,4858.241444046999,79.65171876226101,781,781.6,912.1,781.4,106.8,106.2,131.4,106.4,1.44,3.84,98,1.113,30.4,0.959,28.4,46.1,88.3,16.47,15,1.1,98.1,0.5831,-13.9,CYL3_INJECTOR,0.9,,,
84.10000000000616,0,0,,4856.825732049995,79.85488857906863,796.6,798.2,797.7,799.2,106.2,106.5,106.2,106.5,1.442,3.86,98.1,0.286,30.4,0.823,28.4,46.3,88.4,16.49,14.7,1.2,98.1,0.5832,-13.7,NONE,0,,,
84.20000000000621,0,0,,4845.4466286787865,79.77965222322393,802.2,801.6,801.9,800.5,106.2,106,106.2,105.8,1.441,3.83,98,0.286,30,0.828,28.4,45.7,88.2,16.34,13.5,0.8,98.2,0.5835,-13.7,NONE,0,,,
84.30000000000626,0,0,,4850.959849706534,79.87603258078651,804.4,804.2,806.7,805.4,106.3,106.9,106.1,106.5,1.435,3.84,98,0.269,29.9,0.838,28.4,46.3,88.6,16.19,12.4,1,98.2,0.5834,-13.4,NONE,0,,,
84.40000000000632,0,0,,4850.234940737978,79.5665432199257,807.9,808.1,805.2,807.3,106.7,106.1,106.9,106.7,1.435,3.87,98.1,0.281,29.4,0.843,28.4,45.6,88.6,15.97,11.3,1.1,98.2,0.5841,-13.7,NONE,0,,,
84.50000000000637,0,0,,4853.587202908057,79.5853429025041,814.4,809.6,811.4,811.1,107,106.2,106.7,106,1.434,3.86,98,0.279,29.2,0.853,28.3,46.9,88.1,15.83,10.3,1.1,98.2,0.5839,-13.8,NONE,0,,,
84.60000000000642,0,0,,4845.064198166083,79.71308229297284,812.4,811.9,811.5,813.3,106.5,105.8,107.2,106.6,1.438,3.86,98.3,0.286,29,0.852,28.4,45.5,88.3,15.77,9.4,0.9,98.1,0.583,-13.7,NONE,0,,,
84.70000000000647,0,0,,4846.974324581925,79.84376579143544,816.3,814.2,817.2,815.4,106.5,106.6,106.3,106.2,1.442,3.83,98,0.279,28.9,0.865,28.5,44.8,88.5,15.68,8.6,1.2,98.2,0.5837,-13.9,NONE,0,,,
84.80000000000652,0,0,,4848.380973152757,79.85284163505357,818.9,818.3,818.3,818.4,106.8,105.5,106.3,106.4,1.435,3.86,98.1,0.286,28.5,0.87,28.4,44.8,88.3,15.57,7.8,1.1,98.1,0.5831,-13.7,NONE,0,,,
84.90000000000657,0,0,,4841.687919285344,79.85849299010329,821.8,820.1,820.2,820,106.5,106.1,106,106,1.446,3.86,98,0.289,28.4,0.875,28.4,44.8,88.4,15.5,7.1,1,98.1,0.5836,-13.8,NONE,0,,,
85.00000000000662,0,0,,4853.788601736176,79.66240977864575,822.1,823.3,821.6,822.6,106.2,106.6,106.5,106.5,1.434,3.81,98,0.283,28.2,0.882,28.4,44.2,88.5,15.33,6.5,0.9,98.2,0.5844,-13.6,NONE,0,,,
85.00000000000662,0,1,85.08000000000662,4853.788601736176,79.66240977864575,822.1,823.3,821.6,822.6,106.2,106.6,106.5,106.5,1.434,3.81,98,0.283,28.2,0.882,28.4,44.2,88.5,15.33,6.5,0.9,98.2,0.5844,-13.6,NONE,0,CYL3_INJECTOR,33.4,47.9
85.10000000000667,0,0,,4849.673230765316,79.54241663440321,823.2,823.9,824.1,823.2,106.3,106.5,106.5,106.8,1.429,3.86,98,0.283,28,0.892,28.3,45.2,88.6,15.24,5.9,0.9,98.1,0.5841,-13.7,NONE,0,,,
85.20000000000672,0,0,,4844.381802650517,79.57817752654243,825.8,825.2,823,825.1,106.3,106.9,106.6,106.2,1.434,3.84,98.4,0.284,27.9,0.893,28.4,45.1,88.6,15.19,5.4,1.2,98.2,0.5837,-13.7,NONE,0,,,
85.30000000000678,0,0,,4843.747869770536,79.7909494048229,827.2,828.8,825.5,828.4,106.1,106.2,106.3,106.3,1.434,3.84,98.1,0.284,27.9,0.899,28.4,45.1,88.4,15.17,4.9,0.9,98.1,0.5834,-13.9,NONE,0,,,
85.40000000000683,0,0,,4845.373926728262,79.80972682611421,830,825.6,828.8,828.7,105.9,106.7,106.6,106.5,1.439,3.84,98,0.27,27.7,0.895,28.4,45.5,88.5,15.11,4.4,1.1,98.1,0.5836,-13.6,NONE,0,,,
85.50000000000688,0,0,,4851.913830188053,79.66257637477814,828.5,829.3,828.8,830.6,106.7,106,106.3,106.6,1.434,3.86,97.9,0.28,27.5,0.899,28.5,46,88.2,15,4,1,98.2,0.5844,-13.7,NONE,0,,,
85.60000000000693,0,0,,4843.719140905354,79.64492183772023,831.9,832,832.2,831.5,106.7,106.4,106.5,106.2,1.44,3.81,98,0.283,27.4,0.908,28.4,46,88,14.97,3.7,1.2,98.1,0.5838,-13.6,NONE,0,,,
85.70000000000698,0,0,,4843.550053372847,79.71939640832694,834.1,831.5,835,833,105.8,106.4,106.8,106.4,1.434,3.86,98,0.286,27.4,0.91,28.5,46,88.4,14.94,3.3,0.7,98.1,0.5828,-13.8,NONE,0,,,
85.80000000000703,0,0,,4844.76695136055,79.72879919638812,831.7,834.2,834,835,106.6,106.1,105.9,106.4,1.434,3.83,98.4,0.29,27.3,0.91,28.5,45.3,88.4,14.9,3,0.7,98.2,0.5838,-13.7,NONE,0,,,
85.90000000000708,0,0,,4850.250499101869,79.58610922802985,834.5,833.1,834.8,836,106.4,106.1,106.7,106.3,1.436,3.88,98,0.277,27.1,0.917,28.4,45.3,88.5,14.81,2.7,1.2,98.1,0.584,-13.8,NONE,0,,,
86.00000000000713,0,0,,4847.636632745056,79.78049648176868,835,835,836.6,834.1,106.5,106.3,105.8,106.4,1.426,3.86,98.1,0.279,27.1,0.916,28.4,45.3,88.4,14.82,2.5,1,98.1,0.5846,-13.7,NONE,0,,,
86.00000000000713,0,1,86.08000000000713,4847.636632745056,79.78049648176868,835,835,836.6,834.1,106.5,106.3,105.8,106.4,1.426,3.86,98.1,0.279,27.1,0.916,28.4,45.3,88.4,14.82,2.5,1,98.1,0.5846,-13.7,NONE,0,CYL3_INJECTOR,46.3,56.8
86.10000000000719,0,0,,4846.4322777523685,79.47412630962384,836,836.8,833.7,835.9,106.3,106.4,106.3,106.5,1.429,3.86,98.1,0.269,27,0.916,28.4,45.8,88.3,14.73,2.2,1.1,98.2,0.5839,-13.7,NONE,0,,,
86.20000000000724,0,0,,4842.581903397934,79.50192122997593,836.6,835.3,835.7,838.4,106.5,107,106.8,106.1,1.431,3.78,98.4,0.276,27,0.921,28.4,45.2,88.6,14.72,2,1.1,98.2,0.5831,-13.8,NONE,0,,,
86.30000000000729,0,0,,4844.21614450213,79.50287190615703,837.8,838.3,836.6,836.9,106.9,105.9,106.2,106.5,1.434,3.85,98,0.272,26.9,0.923,28.5,45.3,88.2,14.69,1.8,1.2,98.2,0.5844,-13.7,NONE,0,,,
86.40000000000734,0,0,,4843.7364905089735,79.72061310511681,841.2,837.7,839.8,838.2,106.5,106.4,106.4,106.2,1.435,3.83,98.1,0.279,27,0.924,28.4,45.7,88.8,14.71,1.7,0.9,98.3,0.5831,-13.8,NONE,0,,,
86.50000000000739,0,0,,4846.427437181277,79.53596268807108,836.9,839,836.9,837.7,106.9,106.6,106.2,107.1,1.437,3.83,97.9,0.278,26.8,0.928,28.4,45.2,88.5,14.65,1.5,1,98.2,0.5837,-13.6,NONE,0,,,
86.60000000000744,0,0,,4833.723730081987,79.37971156334795,839.9,838.2,836.7,839.5,106.1,106.8,106.7,105.9,1.433,3.82,98,0.28,26.7,0.926,28.5,44.3,88.6,14.63,1.4,1,98.1,0.5835,-13.6,NONE,0,,,
86.70000000000749,0,0,,4844.349791624135,79.52759035581394,838.4,840.4,838.8,839.3,106.3,106.1,106.2,106,1.433,3.82,98.3,0.274,26.8,0.932,28.4,44.3,88.6,14.61,1.2,1.2,98.2,0.5836,-13.8,NONE,0,,,
86.80000000000754,0,0,,4837.199894702154,79.63486147130256,839.3,842.2,840.7,838.1,105.9,106.3,106.4,106.1,1.438,3.83,98.2,0.284,26.8,0.929,28.3,44.7,88.7,14.64,1.1,1,98.1,0.5835,-13.7,NONE,0,,,
86.9000000000076,0,0,,4844.545497032443,79.47334916546636,839.4,841.1,838.9,837.5,106.4,106.7,106.6,106.5,1.438,3.84,98.2,0.285,26.6,0.931,28.4,43.7,88.4,14.57,1,0.9,98.1,0.5832,-13.8,NONE,0,,,
87.00000000000765,0,0,,4837.780884411244,79.40686978905964,840.6,842,841.8,840,106.7,106.1,106.3,106.4,1.435,3.8,98.2,0.281,26.6,0.929,28.4,44.2,88.1,14.56,0.9,1.1,98.1,0.5833,-13.8,NONE,0,,,
87.06000000000768,0,1,87.14000000000767,4837.1955772691035,79.44125561605058,840.6,839.8,841.2,840.1,106.1,107,106,106.2,1.433,3.83,98.1,0.284,26.6,0.93,28.4,45,88.4,14.56,0.9,0.8,98.2,0.5829,-13.6,NONE,0,CYL3_INJECTOR,48.5,59.3
87.1000000000077,0,0,,4835.305701536304,79.36593416661034,839.4,840.3,840.2,840.3,106.3,106.2,106.7,105.7,1.436,3.85,97.8,0.275,26.6,0.932,28.4,44.2,88.9,14.55,0.8,1.1,98.1,0.5838,-13.6,NONE,0,,,
87.20000000000775,0,0,,4830.568735527935,79.54454307321907,839.4,840.1,840.3,840.2,106.1,105.9,106.4,106.2,1.436,3.85,98,0.28,26.6,0.93,28.4,44.7,88.4,14.59,0.8,1,98.2,0.5838,-13.8,NONE,0,,,
87.3000000000078,0,0,,4835.992889662032,79.50614052623516,840.9,840.4,841.7,841.6,106.6,106.3,106.2,105.6,1.432,3.86,98,0.281,26.6,0.935,28.3,45.4,88.1,14.56,0.7,1.1,98.2,0.5837,-13.7,NONE,0,,,
87.40000000000785,0,0,,4832.818152973578,79.52929031746345,840.3,840.4,838.4,841.6,106,106.5,106.4,106.3,1.429,3.83,98,0.274,26.6,0.934,28.5,44.5,88.4,14.56,0.6,1.1,98.1,0.5839,-13.7,NONE,0,,,
87.5000000000079,0,0,,4834.601308005544,79.2903718508791,842.8,843.4,839.9,840.2,107,106.5,106.4,106,1.435,3.84,97.9,0.27,26.3,0.94,28.4,44.8,88.8,14.5,0.6,1.1,98.2,0.5828,-13.7,NONE,0,,,
87.60000000000795,0,0,,4832.686230273975,79.30351143554553,840.6,841.4,838.9,841.2,106.1,106.1,106,106.2,1.431,3.84,98.2,0.28,26.4,0.937,28.5,45.8,88.6,14.5,0.5,0.8,98.2,0.5838,-13.7,NONE,0,,,
87.700000000008,0,0,,4838.721187569477,79.34254373521343,841.9,841,840,843.9,105.4,106.7,106.7,106.7,1.433,3.84,98.1,0.295,26.5,0.935,28.4,45,88.4,14.48,0.5,1.2,98.2,0.5835,-13.8,NONE,0,,,
87.80000000000805,0,0,,4836.458627446989,79.38469780511502,841.4,843.4,841.4,843,106.4,105.5,106.4,106.8,1.432,3.84,98,0.282,26.5,0.934,28.4,45.1,88.7,14.49,0.4,1.1,98.3,0.5835,-13.7,NONE,0,,,
87.9000000000081,0,0,,4835.958306708166,79.57373219515054,843.2,842.6,843,841.7,106.5,106.7,106.6,106.4,1.436,3.83,98.2,0.287,26.5,0.942,28.4,44.9,88.6,14.53,0.4,0.9,98.1,0.5834,-13.8,NONE,0,,,
88.00000000000816,0,0,,4838.180251602142,79.25590775347385,841.2,842.5,840.8,843,106.7,106.2,106.2,106.4,1.429,3.84,98.1,0.287,26.4,0.932,28.4,46,88.7,14.45,0.3,1,98.1,0.584,-13.7,NONE,0,,,
88.06000000000819,0,1,88.14000000000819,4834.776844967968,79.32545805994181,840,840.3,841.5,842.8,106.4,105.9,106.3,106.4,1.435,3.86,98.1,0.274,26.4,0.937,28.4,46.2,88.6,14.47,0.3,1.2,98.2,0.5834,-13.6,NONE,0,CYL3_INJECTOR,49.2,58.1
88.10000000000821,0,0,,4836.748001027072,79.38147155746964,842.9,842,840.6,843.6,106.3,106.1,106.5,106.1,1.429,3.87,97.9,0.273,26.5,0.937,28.5,46.2,88.8,14.48,0.3,0.6,98.2,0.5836,-13.8,NONE,0,,,
88.20000000000826,0,0,,4835.328063397892,79.3648087638462,841.7,842.7,842.9,842.1,106.6,106.6,106.1,106.4,1.435,3.86,98,0.276,26.4,0.941,28.4,45.5,88.7,14.47,0.3,1.2,98.1,0.5833,-13.8,NONE,0,,,
88.30000000000831,0,0,,4834.798168367219,79.39519180500524,841.5,843.5,843.3,840.1,106.2,106.5,106.2,106.1,1.442,3.84,98,0.291,26.5,0.939,28.5,46,88.1,14.48,0.3,0.8,98.2,0.5834,-13.7,NONE,0,,,
88.40000000000836,0,0,,4843.119923562045,79.37895861385606,842.7,844.4,841.8,842.3,106.6,106.4,106.1,106.2,1.432,3.84,98.1,0.284,26.4,0.939,28.4,45.9,88.3,14.45,0.2,1.1,98.2,0.5829,-13.8,NONE,0,,,
88.50000000000841,0,0,,4826.503413963373,79.28725992798911,842.4,842.1,839.9,841.1,105.7,106.6,106.7,106.4,1.43,3.83,98.1,0.278,26.3,0.932,28.4,46.3,88,14.47,0.2,0.7,98.1,0.5838,-13.8,NONE,0,,,
88.60000000000846,0,0,,4829.180193071893,79.08592506543555,842.8,841.4,840.2,842.5,106,106.9,106.4,106.3,1.432,3.85,98.1,0.275,26.3,0.939,28.4,46,88.4,14.42,0.2,0.9,98.1,0.5841,-13.8,NONE,0,,,
88.70000000000852,0,0,,4834.790823443044,79.44494915951825,843.2,842.3,840,840.7,106.1,106.3,106.9,106.8,1.432,3.86,98.1,0.281,26.4,0.942,28.4,46.4,88.3,14.48,0.2,1,98.2,0.5845,-13.6,NONE,0,,,
88.80000000000857,0,0,,4830.892201434831,79.22245277782548,841.2,841.8,841.2,842.6,106.5,106.3,106,106.3,1.431,3.84,97.9,0.279,26.2,0.94,28.4,46,88.6,14.44,0.2,1.2,98.2,0.5843,-13.8,NONE,0,,,
88.90000000000862,0,0,,4830.002011644488,79.27989766666356,840.5,839.8,842.7,840.7,106.1,106.8,106.7,106.4,1.44,3.86,97.9,0.284,26.3,0.937,28.4,45.7,88.7,14.45,0.1,1.4,98.1,0.5832,-13.6,NONE,0,,,
89.00000000000867,0,0,,4827.650818980247,79.40751697223259,843.4,842.3,842.4,842,106.4,106.7,106.6,106.7,1.43,3.86,98.2,0.291,26.4,0.944,28.3,46.2,88.3,14.48,0.1,1.2,98.1,0.5837,-13.7,NONE,0,,,
89.0600000000087,0,1,89.1400000000087,4831.967127250941,79.24953800033909,841.8,845.2,840.8,842.1,106,106.2,106.8,106.3,1.43,3.84,98.2,0.271,26.3,0.939,28.5,46.8,88.2,14.44,0.1,1.1,98.1,0.5833,-13.6,NONE,0,CYL3_INJECTOR,49.2,71.3
89.10000000000872,0,0,,4830.177537678496,79.12023382872354,841.8,842.4,842.5,840.3,106.2,106.4,106,106.7,1.424,3.83,98.1,0.281,26.2,0.939,28.4,46.5,88.7,14.41,0.1,0.7,98.1,0.5836,-13.7,NONE,0,,,
89.20000000000877,0,0,,4821.923702817944,79.22620213261474,843,842.9,841.8,842.6,106.3,106.5,106.4,106.5,1.424,3.87,98.1,0.276,26.4,0.943,28.4,46.9,88.3,14.46,0.1,1,98.2,0.5834,-13.5,NONE,0,,,
89.30000000000882,0,0,,4823.691489098998,79.09001450073971,843.3,841.8,842.3,842.8,106.2,106.4,106.7,106.9,1.432,3.86,98.1,0.286,26.2,0.94,28.4,46.2,88.6,14.42,0.1,1.1,98.1,0.5838,-13.8,NONE,0,,,
89.40000000000887,0,0,,4825.777862282412,79.10905332979421,842,842.7,840.7,842.8,106.6,106.7,106.9,106.9,1.429,3.84,98,0.275,26.2,0.936,28.3,47.2,88.4,14.42,0.1,1,98.2,0.5833,-13.8,NONE,0,,,
89.50000000000892,0,0,,4831.9865120066515,79.07319838758846,844.5,842.2,843.8,844.7,106.6,107,106.9,106.1,1.419,3.84,98.1,0.276,26.2,0.935,28.4,46.7,88.6,14.39,0.1,1.2,98.3,0.583,-13.7,NONE,0,,,
89.60000000000898,0,0,,4823.167703068525,79.27346820631146,843.8,840.6,842.9,842.4,106.8,106.9,106.2,106.2,1.433,3.82,98.2,0.296,26.4,0.941,28.4,46.3,88.3,14.46,0.1,1.2,98.2,0.5833,-13.6,NONE,0,,,
89.70000000000903,0,0,,4823.393690797891,79.17703230978648,843.4,842.9,844.4,841,106,106.5,106.3,106.2,1.437,3.9,98.2,0.283,26.2,0.942,28.5,46.6,88.6,14.44,0.1,1,98.2,0.5843,-13.6,NONE,0,,,
89.80000000000908,0,0,,4823.032102351435,79.23250639527143,842.3,842.1,839.6,843.1,106.6,106.5,106.6,106.3,1.421,3.88,98.2,0.278,26.3,0.941,28.4,47.1,88.7,14.45,0.1,0.9,98.2,0.5838,-13.8,NONE,0,,,
89.90000000000913,0,0,,4827.111767229121,79.0209884286653,842,840.9,842.5,842.6,106.3,106.4,106.6,106.4,1.427,3.88,98.1,0.283,26.1,0.937,28.4,47.1,88.7,14.39,0.1,1.1,98.2,0.5839,-13.7,NONE,0,,,
90.00000000000918,0,0,,4829.564958582802,79.23446459015835,846.5,840.2,841.1,842.3,106,106.1,106.9,106.8,1.429,3.82,98.3,0.29,26.2,0.939,28.4,47,88.7,14.43,0,1.1,98.2,0.5842,-13.7,NONE,0,,,
90.07000000000922,0,1,90.15000000000921,4822.082250740571,79.03137383845416,841.8,842.3,842.6,842.2,106.6,106.8,106.3,106.1,1.432,3.82,97.9,0.285,26.3,0.94,28.4,46.7,88.2,14.41,0,1.2,98.2,0.5843,-13.5,NONE,0,CYL3_INJECTOR,67.7,71.1
90.10000000000923,0,0,,4822.651100779056,79.1430950733285,842.1,841.3,840.9,843.5,106.2,107,106.8,105.8,1.426,3.83,98.2,0.279,26.3,0.934,28.3,47.7,88.4,14.43,0,1.1,98.2,0.5838,-13.6,NONE,0,,,
90.20000000000928,0,0,,4815.721695747581,79.0453958745497,843.2,840,842.3,842.5,106.3,106.5,105.8,106.5,1.424,3.84,98.1,0.274,26.3,0.94,28.3,47.4,88.6,14.43,0,0.9,98.1,0.584,-13.7,NONE,0,,,
90.30000000000933,0,0,,4819.4614294776175,79.07886817693088,842.1,842.8,841.1,842.2,106.1,106.8,106.1,105.9,1.44,3.87,98.1,0.282,26.3,0.936,28.4,47.8,88.4,14.43,0,1,98.1,0.5845,-13.8,NONE,0,,,
90.40000000000938,0,0,,4820.308857533552,79.07044000148181,843.5,842.1,840.1,841.2,106.8,106.9,106.3,106.7,1.428,3.87,98,0.289,26.2,0.942,28.4,47.1,88.8,14.42,0,1.2,98.2,0.5838,-13.7,NONE,0,,,
90.50000000000944,0,0,,4815.771748947528,79.04966559082897,841.8,839.9,842,843.4,106.3,107.2,106.9,106.3,1.424,3.83,98,0.279,26.2,0.941,28.4,47.1,88.4,14.43,0,0.9,98.1,0.5836,-13.7,NONE,0,,,
90.60000000000949,0,0,,4825.535132805741,79.09957876403215,842.2,841.3,842.3,842.7,106.6,106.1,106.7,106,1.44,3.83,98,0.285,26.2,0.942,28.5,47.2,88.6,14.41,0,1.2,98.2,0.5838,-13.8,NONE,0,,,
90.70000000000954,0,0,,4821.125981568162,78.95145935673082,843.8,842.7,843.2,845.1,106.6,106.8,106.5,106.4,1.426,3.83,98,0.275,26.2,0.938,28.3,47.2,88.6,14.39,0,1,98.2,0.5841,-13.7,NONE,0,,,
90.80000000000959,0,0,,4822.962799880808,79.0663343965904,842.9,842.7,840,842,106.3,106.3,106.4,106.4,1.427,3.85,98,0.276,26.2,0.935,28.4,48.2,88.6,14.41,0,1,98.1,0.5835,-13.6,NONE,0,,,
90.90000000000964,0,0,,4817.6946699853015,78.82586129601596,842.3,841.9,842.2,843.2,106.7,106.4,106.4,106.2,1.425,3.83,98.1,0.28,26.2,0.943,28.4,48.7,88.3,14.38,0,1.2,98.1,0.5836,-13.6,NONE,0,,,
91.00000000000969,0,0,,4824.382637207795,78.89098118124856,841.4,841.1,842.2,842.4,107.2,106.3,106.5,106.4,1.423,3.85,98,0.284,26.1,0.936,28.5,48.4,88.6,14.37,0,1.1,98.2,0.5838,-13.6,NONE,0,,,
91.10000000000974,0,0,,4823.019660895603,79.10405341956715,841.8,841.5,840.8,840.7,106.5,106.4,106.2,106.4,1.424,3.85,98,0.272,26.2,0.942,28.4,48.2,88.5,14.42,0,1.1,98.1,0.5836,-13.7,NONE,0,,,
91.12000000000975,0,1,91.20000000000975,4819.240955118324,78.9894567025416,843.3,840.9,841,839.8,105.8,107,106.2,106.5,1.429,3.81,98.1,0.294,26.2,0.948,28.4,48.9,88.4,14.4,0,1.1,98.2,0.5832,-13.8,NONE,0,CYL3_INJECTOR,79,77.8
91.2000000000098,0,0,,4812.742051033088,79.02728101148323,841.3,840.7,842,842.8,106.4,106.5,106.6,106.6,1.419,3.81,98.2,0.275,26.2,0.939,28.4,48.2,88.5,14.43,0,1.1,98.2,0.5839,-13.6,NONE,0,,,
91.30000000000985,0,0,,4813.136899381631,79.03245492233181,839,840.8,841.2,843.4,106.1,106.5,105.6,106.4,1.425,3.8,98,0.27,26.2,0.94,28.4,48.9,88.4,14.43,0,0.9,98.2,0.5838,-13.6,NONE,0,,,
91.4000000000099,0,0,,4811.707238346856,79.07800096942242,842,842.5,843.8,839.9,106.1,106.6,106.8,106.6,1.426,3.87,98.1,0.268,26.2,0.943,28.3,47.9,88.7,14.44,0,1.2,98.1,0.5834,-13.6,NONE,0,,,
91.50000000000995,0,0,,4812.720356014049,78.87243791762235,840.9,842.2,841.3,840.8,106.3,106.8,106.4,106.4,1.422,3.88,98.2,0.281,26.1,0.942,28.4,48.9,88.4,14.4,0,1.1,98.2,0.5833,-13.7,NONE,0,,,
91.60000000001,0,0,,4813.78937623325,78.89086805660057,842.8,842.4,843.2,839.9,106.1,106.1,105.9,106.6,1.43,3.89,98,0.284,26.2,0.941,28.5,48,88.3,14.4,0,1,98.2,0.5836,-13.7,NONE,0,,,
91.70000000001005,0,0,,4822.115882008624,78.92033155032954,842,842.4,842.2,841.7,106.2,106.3,106.7,106.3,1.432,3.83,98.3,0.29,26.1,0.941,28.4,48.3,88.5,14.38,0,0.8,98.1,0.5835,-13.6,NONE,0,,,
91.8000000000101,0,0,,4811.537015425577,78.84124384294772,840.8,840,841.9,841.3,106.3,106.2,106.4,106.4,1.423,3.87,98.1,0.273,26.1,0.937,28.4,49,88.8,14.39,0,0.7,98.1,0.5842,-13.7,NONE,0,,,
91.90000000001015,0,0,,4817.621458369429,78.74489512644669,841,840.8,841.5,840.1,106.2,106.2,105.9,106.6,1.428,3.85,98,0.282,26,0.939,28.5,48.8,88.5,14.36,0,1.1,98.2,0.5834,-13.7,NONE,0,,,
92.0000000000102,0,0,,4816.253013059358,78.77822535005592,841.5,840.9,842.9,841.7,106.3,106.1,106.5,106.7,1.421,3.83,98,0.281,26.1,0.935,28.4,48.5,88.8,14.37,0,1,98.2,0.5836,-13.7,NONE,0,,,
92.10000000001025,0,0,,4809.189554830995,78.60387275259701,839.8,841.6,839.5,840.4,106,106.7,106,105.9,1.427,3.87,98.1,0.281,26,0.938,28.4,49,88.1,14.35,0,1,98.1,0.584,-13.7,NONE,0,,,
92.1800000000103,0,1,92.2600000000103,4813.500393986284,78.67482411260869,840.7,840.2,841.7,841.3,106.5,105.7,106.7,106.4,1.434,3.86,98.1,0.267,26.1,0.939,28.4,49.1,88.6,14.35,0,1.3,98.1,0.5829,-13.4,NONE,0,NONE,85.9,751.4
92.2000000000103,0,0,,4810.696477937599,78.95419712900633,841.4,841.8,844.1,840.8,106.3,106.2,106.1,106.7,1.428,3.84,98.1,0.289,26.2,0.944,28.4,49.2,88.4,14.42,0,1,98.1,0.5831,-13.6,NONE,0,,,
92.30000000001036,0,0,,4809.586453083881,78.81927701075799,843.4,842.1,842.7,843.9,106.4,106.5,106.6,106.3,1.429,3.84,98,0.281,26.1,0.942,28.4,49.1,88.7,14.4,0,1.1,98.2,0.5833,-13.8,NONE,0,,,
92.40000000001041,0,0,,4812.016291351057,78.77800493102313,840.6,843.2,840.3,844.1,106.3,106.2,106.2,106.2,1.42,3.82,98.1,0.282,26.2,0.942,28.4,48.9,88.4,14.38,0,0.9,98.2,0.5841,-13.6,NONE,0,,,
92.50000000001046,0,0,,4810.505061897251,78.84724516822895,843.3,841.5,839.3,841.3,106.2,106.6,106.8,106.5,1.42,3.86,98,0.285,26.2,0.94,28.4,48.4,88.3,14.4,0,1,98.2,0.5832,-13.8,NONE,0,,,
92.60000000001051,0,0,,4806.84833386467,78.7032759106626,841.3,842.1,842.6,840.2,106,106.2,106.7,106.5,1.425,3.88,98.2,0.28,26,0.94,28.5,48.4,88.4,14.38,0,0.9,98.2,0.5821,-13.7,NONE,0,,,
92.70000000001056,0,0,,4806.264599777672,78.81066002436998,839.9,841.5,839.5,839.5,106.9,106.3,106.9,106.1,1.423,3.86,98.1,0.272,26.1,0.934,23.3,6.7,88.3,14.4,0,-41,98.2,0.5839,-13.8,GENERATOR_FAILURE,0.9,,,
92.80000000001061,0,0,,4810.9795745213705,78.65515870094927,839.6,840.8,844,841.1,106.7,106.1,106.5,106.3,1.428,3.83,98.2,0.291,26,0.943,23.3,6.8,88.7,14.36,0,-40.2,98.1,0.5828,-13.8,GENERATOR_FAILURE,0.9,,,
92.90000000001066,0,0,,4805.786021772552,78.79765809270356,841.9,841.6,837.9,840.7,105.9,106.7,106.6,106.4,1.43,3.83,98,0.278,26.1,0.938,23.4,7.4,88.6,14.4,0,-40.6,98.2,0.5835,-13.7,GENERATOR_FAILURE,0.9,,,
93.00000000001071,0,0,,4807.509823480217,78.7625098176853,842.5,841.9,841,839.9,106.5,106.4,106.2,106.3,1.412,3.87,98.2,0.295,26.1,0.946,23.3,7.1,88.5,14.39,0,-41.1,98.2,0.5832,-13.7,GENERATOR_FAILURE,0.9,,,
93.10000000001077,0,0,,4810.00417982333,78.62822195306563,840.6,839.2,839.6,842.8,106.5,106.5,106.3,106.4,1.412,3.87,98.1,0.277,26,0.936,23.3,6.6,88.4,14.35,0,-41,98.1,0.5834,-13.6,GENERATOR_FAILURE,0.9,,,
93.20000000001082,0,0,,4801.543823737657,78.62764364781127,841.1,840,842.7,841.1,106.1,105.9,106.1,106.5,1.42,3.85,98.1,0.291,26.1,0.943,23.3,7.7,89,14.38,0,-41.2,98.2,0.5835,-13.7,GENERATOR_FAILURE,0.9,,,
93.23000000001083,0,1,93.31000000001083,4807.561959995677,78.67178097880908,840.6,841.3,841.5,841.4,106.2,106.6,106.7,106.5,1.422,3.9,98,0.271,26.1,0.938,23.3,7.9,88.2,14.37,0,-41.1,98.1,0.5836,-13.9,GENERATOR_FAILURE,0.9,NONE,0,751.4
93.30000000001087,0,0,,4803.8049698817895,78.60796939816969,841.5,839.6,841.4,844.4,106.4,106.5,106.6,106.1,1.429,3.86,97.9,0.277,26,0.937,23.3,7.5,88.3,14.37,0,-41.3,98.2,0.5833,-13.8,GENERATOR_FAILURE,0.9,,,
93.40000000001092,0,0,,4807.373992211043,78.5237794174574,840.1,840.7,840.9,840.8,106.2,105.7,106.1,106.3,1.423,3.86,98.1,0.273,26.1,0.94,23.2,7.3,88.5,14.34,0,-41.6,98,0.583,-13.6,GENERATOR_FAILURE,0.9,,,
93.50000000001097,0,0,,4802.741823181068,78.7202465966611,842.6,840.8,842.2,840,106.2,106.2,106.3,106.3,1.415,3.86,98.1,0.274,26.1,0.946,23.3,7.6,88.6,14.39,0,-41.6,98,0.5846,-13.7,GENERATOR_FAILURE,0.9,,,
93.60000000001102,0,0,,4799.562597113343,78.60847343691744,838.8,840,839.9,840.5,106.3,106.3,106.2,105.9,1.421,3.87,98,0.28,26,0.941,23.4,7.7,88.4,14.38,0,-41.1,98,0.5832,-13.7,GENERATOR_FAILURE,0.9,,,
93.70000000001107,0,0,,4802.160782762124,78.62662617565913,838.9,843.2,838.8,840.1,106.6,106.6,106.3,106.6,1.427,3.86,98,0.287,26,0.941,23.3,6.8,88.6,14.38,0,-41.1,98.1,0.5828,-13.8,GENERATOR_FAILURE,0.9,,,
93.80000000001112,0,0,,4802.784834102225,78.61201594871977,840.3,838.6,840.2,842.2,106.2,105.9,106,106.3,1.421,3.84,98,0.269,26.1,0.939,23.4,6.8,88.7,14.37,0,-41.2,98.1,0.5838,-13.9,GENERATOR_FAILURE,0.9,,,
93.90000000001118,0,0,,4804.63996668967,78.47751696000752,843.1,839.6,842,838.7,106.2,106.4,106.6,106.2,1.422,3.84,98,0.259,26,0.942,23.3,6.9,88.4,14.34,0,-41.5,98,0.5834,-13.7,GENERATOR_FAILURE,0.9,,,
94.00000000001123,0,0,,4805.69440062984,78.52046247595077,840.5,839.6,841,839.9,105.8,106.3,106.5,106.2,1.415,3.87,98.1,0.289,26,0.936,23.4,6.8,88.6,14.34,0,-41.3,98.1,0.5839,-13.7,GENERATOR_FAILURE,0.9,,,
94.10000000001128,0,0,,4802.649585887772,78.59233951561922,838.9,841.9,840.2,840.4,106,106.7,107,105.8,1.422,3.81,98.1,0.275,26.1,0.939,23.3,6.4,88.6,14.37,0,-41.1,98.2,0.5843,-13.8,GENERATOR_FAILURE,0.9,,,
94.20000000001133,0,0,,4796.543505409916,78.39257236953303,839.6,839.5,839.3,840.9,106.2,106.5,107,105.9,1.424,3.86,98.1,0.27,26,0.938,23.3,7.1,88.2,14.34,0,-40.9,98.1,0.5826,-13.5,GENERATOR_FAILURE,0.9,,,
94.24000000001135,0,1,94.32000000001135,4801.181818822627,78.51167339270576,839.6,841,843.2,841.5,106.3,106.3,106.6,106.9,1.429,3.85,97.9,0.272,26,0.939,23.4,7.2,88.4,14.35,0,-40.9,98.1,0.5831,-13.8,GENERATOR_FAILURE,0.9,GENERATOR_FAILURE,1.5,10.7
94.30000000001138,0,0,,4801.011693025728,78.46932643032437,841.2,842.6,839.7,840.7,105.9,105.9,106.1,106.5,1.42,3.82,97.9,0.281,26,0.939,23.3,7.6,88.5,14.35,0,-40.7,98.1,0.5839,-13.7,GENERATOR_FAILURE,0.9,,,
94.40000000001143,0,0,,4803.76147527993,78.47674846843229,842.3,838.8,840.3,839.8,106.1,105.9,106.6,106.3,1.409,3.83,98,0.269,26,0.94,23.3,7.3,88.5,14.34,0,-40.3,98.1,0.5831,-13.5,GENERATOR_FAILURE,0.9,,,
94.50000000001148,0,0,,4801.822617999573,78.38592494013766,838.5,840.5,839.9,839,106.4,106,106.1,106.3,1.422,3.87,98,0.281,25.9,0.94,23.3,7.3,88.6,14.33,0,-40.8,98.2,0.584,-13.8,GENERATOR_FAILURE,0.9,,,
94.60000000001153,0,0,,4794.193300616352,78.47466522280615,841.2,839.3,841.8,841.4,106,106.7,106.3,106.6,1.424,3.8,98.1,0.286,26,0.945,23.4,6.7,88.7,14.37,0,-40.4,98,0.5835,-13.9,GENERATOR_FAILURE,0.9,,,
94.70000000001158,0,0,,4797.647659376865,78.53705750248628,842,841,839.9,840.4,106.9,106.6,106.3,106.6,1.42,3.83,98,0.277,26.1,0.945,23.4,7.4,88.5,14.37,0,-40.1,98,0.5845,-13.7,GENERATOR_FAILURE,0.9,,,
94.80000000001164,0,0,,4797.243543746637,78.3497303692458,841.6,837.9,840,840.7,106.1,106.2,106.7,106.4,1.418,3.87,98.2,0.283,26,0.939,23.4,6.5,88.8,14.33,0,-40.3,98,0.5829,-13.7,GENERATOR_FAILURE,0.9,,,
94.90000000001169,0,0,,4792.728605470391,78.59520077364597,839.5,840.9,843,841.4,106.7,106.4,105.4,106.3,1.427,3.89,98,0.275,26,0.938,23.4,7.2,88.7,14.4,0,-40.5,98.1,0.5827,-13.7,GENERATOR_FAILURE,0.9,,,
95.00000000001174,0,0,,4794.288062774974,78.29088622486793,841.4,840,841.5,841.9,106.3,106.5,106.6,106.9,1.411,3.85,98.2,0.27,26,0.934,23.3,7.3,88.5,14.33,0,-40.4,98.1,0.5837,-13.7,GENERATOR_FAILURE,0.9,,,
95.10000000001179,0,0,,4788.848800688421,78.43643579458397,840.4,839.9,841.7,839.7,106.3,105.8,106.3,106.5,1.424,3.87,98,0.286,26,0.938,23.4,6.8,88.4,14.37,0,-39.9,98,0.5835,-13.9,GENERATOR_FAILURE,0.9,,,
95.20000000001184,0,0,,4792.751735416733,78.47069288308268,838.4,838.2,839.8,838.4,107,106.3,106.6,106.6,1.417,3.85,98,0.275,26,0.94,23.3,6.6,88.5,14.37,0,-39.9,97.9,0.585,-13.7,GENERATOR_FAILURE,0.9,,,
95.24000000001186,0,1,95.32000000001186,4798.899015324623,78.4714152047025,839.5,839.9,840.4,839.2,106.7,106.4,106.6,106.4,1.417,3.84,98.2,0.265,25.9,0.937,23.3,6.9,88.6,14.35,0,-40.3,97.9,0.5827,-13.7,GENERATOR_FAILURE,0.9,GENERATOR_FAILURE,8.9,12.8
95.30000000001189,0,0,,4794.775977116073,78.35457565966671,840.5,840.6,841.7,840,105.9,106,106.7,106,1.414,3.84,97.9,0.267,25.9,0.94,23.4,6.3,88.4,14.34,0,-40.1,97.9,0.5831,-13.6,GENERATOR_FAILURE,0.9,,,
95.40000000001194,0,0,,4793.941665560412,78.60827341818904,841.7,840.3,840.2,840.2,106.5,107,106,106.1,1.422,3.84,98.2,0.278,26.1,0.936,23.4,7.2,88.5,14.39,0,-40.1,98.1,0.5829,-13.8,GENERATOR_FAILURE,0.9,,,
95.500000000012,0,0,,4793.243361717828,78.25177382721493,842.4,838.7,841.5,840,105.9,106.3,106.1,105.9,1.418,3.83,97.9,0.284,26,0.946,23.4,7.7,88.5,14.32,0,-40.3,98,0.5833,-13.8,GENERATOR_FAILURE,0.9,,,
95.60000000001205,0,0,,4791.079898636619,78.28414152161602,840.4,839.5,842.9,839.1,105.9,106.2,106.1,106.3,1.417,3.86,97.8,0.285,26,0.941,23.4,7.1,88.7,14.34,0,-40.2,97.9,0.5843,-13.8,GENERATOR_FAILURE,0.9,,,
95.7000000000121,0,0,,4789.480751246243,78.30327862559709,840.3,840.2,842.7,839.5,106.3,106.2,106.2,106.2,1.413,3.85,98,0.281,25.9,0.941,23.3,7.1,88.3,14.34,0,-39.9,97.9,0.5834,-13.8,GENERATOR_FAILURE,0.9,,,
95.80000000001215,0,0,,4786.842726758463,78.21495917446855,839.8,839.8,842,839.7,106.5,106.2,106.2,106.3,1.42,3.85,98.1,0.275,25.9,0.941,23.3,8.1,88.5,14.33,0,-39.9,98,0.5828,-13.7,GENERATOR_FAILURE,0.9,,,
95.9000000000122,0,0,,4781.933477074121,78.20882981169066,840.2,840.1,840.1,836.8,106.7,106.4,106.3,106.6,1.408,3.87,98,0.274,25.9,0.933,23.3,6.8,88.5,14.35,0,-39.8,97.9,0.5835,-13.8,GENERATOR_FAILURE,0.9,,,
96.00000000001225,0,0,,4782.442051155289,78.1938721692621,842.5,839.3,840,838.5,106.4,106.1,106.4,106.3,1.417,3.81,98.1,0.292,25.9,0.944,23.3,7.4,88.6,14.34,0,-39.7,98,0.5842,-13.7,GENERATOR_FAILURE,0.9,,,
96.1000000000123,0,0,,4788.093664098817,78.20475328900875,840.5,837.5,841.8,839.4,106.1,106.1,106.5,106.6,1.41,3.85,98.1,0.271,25.8,0.943,23.4,7.5,88.4,14.33,0,-39.9,98,0.5834,-14,GENERATOR_FAILURE,0.9,,,
96.20000000001235,0,0,,4787.9157379188155,78.19904365314885,840.6,840.9,839.5,841.1,106.7,106.1,105.9,106,1.417,3.83,98,0.276,25.9,0.935,23.4,6.4,88.8,14.33,0,-39.6,97.9,0.5838,-13.6,GENERATOR_FAILURE,0.9,,,
96.25000000001238,0,1,96.33000000001238,4793.127321649346,78.16938062045422,839,840.1,840.2,838.8,106.4,106.4,106.8,106.2,1.412,3.88,98.3,0.276,25.8,0.936,23.4,7,88.3,14.31,0,-39.6,97.8,0.5841,-13.7,GENERATOR_FAILURE,0.9,GENERATOR_FAILURE,7.7,12.5
96.3000000000124,0,0,,4788.360602126729,78.04047048146872,840.1,841.2,840.6,838.7,106.2,106.6,105.8,106.6,1.425,3.81,98.2,0.283,25.7,0.943,23.4,7.5,88.8,14.29,0,-39.9,98,0.5835,-13.7,GENERATOR_FAILURE,0.9,,,
96.40000000001245,0,0,,4796.218156351978,78.0359929126287,842,839.5,839.4,838.7,106.4,106.5,106.7,106.2,1.416,3.82,98.1,0.268,25.8,0.939,23.4,6.9,88.9,14.27,0,-40.1,98,0.5841,-13.7,GENERATOR_FAILURE,0.9,,,
96.5000000000125,0,0,,4787.557510103131,78.32609630233812,838.8,838.8,842.2,839.4,106,106.4,106.8,106.1,1.413,3.83,98.2,0.28,25.9,0.936,23.4,7,88.1,14.35,0,-39.8,97.8,0.5831,-13.8,GENERATOR_FAILURE,0.9,,,
96.60000000001256,0,0,,4789.268825171541,78.14451914563423,840.9,839.5,841.5,839.4,106.3,105.8,106,105.9,1.416,3.8,98.2,0.28,25.9,0.943,23.3,6.6,88.8,14.31,0,-39.6,97.8,0.5839,-13.6,GENERATOR_FAILURE,0.9,,,
96.70000000001261,0,0,,4786.889982310271,78.14774877920108,841,842.5,838.4,838.4,106.7,106.3,105.9,106.6,1.419,3.83,98.1,0.273,25.9,0.94,23.4,7.1,88.4,14.32,0,-39.4,97.9,0.5826,-13.6,GENERATOR_FAILURE,0.9,,,
96.80000000001266,0,0,,4783.641423465995,78.0533463999027,838.1,838.2,841.6,839.4,106.2,106.1,106.3,106.5,1.414,3.83,98,0.293,25.7,0.94,23.4,7.4,88.4,14.31,0,-39.3,98,0.5827,-13.6,GENERATOR_FAILURE,0.9,,,
96.90000000001271,0,0,,4781.409662287188,78.28496950709388,838.9,839.5,839.1,839.1,106.6,105.9,106.1,106.1,1.412,3.85,98,0.278,25.9,0.939,23.3,7.1,88.4,14.36,0,-39.2,97.9,0.5833,-13.7,GENERATOR_FAILURE,0.9,,,
97.00000000001276,0,0,,4784.514464233825,78.00642719903571,838.8,839.7,838.3,837.9,106.4,106.3,105.9,106.2,1.411,3.86,98,0.308,25.8,0.942,23.4,7.1,88.6,14.3,0,-39.2,97.9,0.5842,-13.7,GENERATOR_FAILURE,0.9,,,
97.10000000001281,0,0,,4783.574755828093,78.29319136223472,838.7,838.8,838.7,840,106.5,106.5,106.7,107,1.424,3.84,97.9,0.274,25.9,0.938,23.4,6.9,88.3,14.36,0,-39,98,0.5829,-13.7,GENERATOR_FAILURE,0.9,,,
97.20000000001286,0,0,,4779.50474002788,78.18520993369398,841.7,837.6,839.7,838.7,106.5,106.4,106.6,106.7,1.418,3.86,97.9,0.285,25.9,0.94,23.3,6.5,88.4,14.35,0,-38.6,97.8,0.5833,-13.6,GENERATOR_FAILURE,0.9,,,
97.2600000000129,0,1,97.34000000001289,4781.556056556471,78.17373822716627,840.4,839.2,838.6,840.5,106.3,106.4,106.1,106.3,1.416,3.82,98.1,0.292,25.9,0.934,23.5,7.4,88.6,14.34,0,-38.5,97.8,0.5831,-13.8,GENERATOR_FAILURE,0.9,GENERATOR_FAILURE,10.7,11
97.30000000001291,0,0,,4773.712307657584,78.06769116478398,839.6,840.2,836.7,838.6,106.7,106.4,106.3,106.2,1.412,3.85,98,0.277,25.9,0.942,23.5,6.8,88.5,14.34,0,-38.3,98,0.5834,-13.7,GENERATOR_FAILURE,0.9,,,
97.40000000001297,0,0,,4784.572826843875,78.00817296506652,841,839.7,837.5,839,105.8,105.9,106.6,106.1,1.412,3.84,98,0.295,25.8,0.938,23.3,7.3,88.5,14.3,0,-38.2,97.9,0.5835,-13.8,GENERATOR_FAILURE,0.9,,,
97.50000000001302,0,0,,4781.964848146826,78.00158337274668,839.9,838.5,842.2,838.6,106.6,106.1,106,106.2,1.411,3.87,98.1,0.27,25.8,0.935,23.4,7,88.4,14.3,0,-38.3,97.8,0.5845,-13.6,GENERATOR_FAILURE,0.9,,,
97.60000000001307,0,0,,4768.317375985505,77.92285915897318,839.7,838.7,838.2,839.4,106.3,106.7,106.2,106.6,1.41,3.84,98,0.285,25.7,0.942,23.5,7.1,88.6,14.32,0,-38.1,97.9,0.5833,-13.9,GENERATOR_FAILURE,0.9,,,
97.70000000001312,0,0,,4780.479359012324,77.80094965391795,838.7,838.3,840.2,840.9,106.1,105.9,105.8,106.3,1.414,3.84,98,0.29,25.7,0.937,23.4,7,88.4,14.26,0,-38.1,97.8,0.5834,-13.8,GENERATOR_FAILURE,0.9,,,
97.80000000001317,0,0,,4774.611094356726,78.04088074828903,837.6,840.5,839.2,837.9,106.5,106.4,105.7,105.8,1.406,3.86,98,0.295,25.8,0.943,23.5,6.8,88.4,14.33,0,-38.3,97.9,0.5831,-13.6,GENERATOR_FAILURE,0.9,,,
97.90000000001322,0,0,,4783.750784993614,77.881117475402,839.5,838.6,837.8,838.2,106.7,106.3,106.4,106.3,1.409,3.9,98,0.271,25.8,0.938,23.5,7.5,88.2,14.27,0,-38.4,97.8,0.5833,-13.6,GENERATOR_FAILURE,0.9,,,
98.00000000001327,0,0,,4772.0759085535765,78.03191719393959,837,839.3,838.2,839.2,106.2,106,106.4,106.4,1.409,3.82,97.9,0.271,25.8,0.937,23.4,7.9,88.4,14.34,0,-38.4,97.9,0.5833,-13.8,GENERATOR_FAILURE,0.9,,,
98.10000000001332,0,0,,4775.937618994697,78.04482254073523,838.5,839.4,838.4,838.5,106.3,106.2,106.4,106.8,1.405,3.87,98.1,0.26,25.9,0.934,23.5,6.3,88.4,14.33,0,-38.2,97.8,0.5832,-13.8,GENERATOR_FAILURE,0.9,,,
98.20000000001338,0,0,,4772.0946452465905,77.81345875485243,835.8,839.6,838.5,839,106.2,106.5,106.4,106.4,1.414,3.88,98.1,0.289,25.7,0.94,23.3,7.1,88.5,14.29,0,-38.6,97.8,0.5824,-13.7,GENERATOR_FAILURE,0.9,,,
98.27000000001341,0,1,98.35000000001341,4776.210336204192,77.83413522438647,840.6,838.1,837.7,838.5,107,106.3,106,106.6,1.41,3.82,98,0.289,25.7,0.939,23.4,6.8,88.8,14.28,0,-38.8,97.7,0.5837,-13.8,GENERATOR_FAILURE,0.9,GENERATOR_FAILURE,12.7,11.2
98.30000000001343,0,0,,4776.168172880666,77.9226231906512,838.3,840,840.5,838.1,106,106.3,106.6,106.1,1.416,3.81,98,0.284,25.7,0.941,23.3,7.9,88.6,14.3,0,-38.7,97.8,0.5833,-13.8,GENERATOR_FAILURE,0.9,,,
98.40000000001348,0,0,,4776.553556707761,77.88209564622329,836.7,838.2,837.3,839.1,106.6,106.4,105.9,106.5,1.408,3.87,98,0.283,25.8,0.942,23.4,6.9,88.6,14.29,0,-39,97.7,0.5827,-13.7,GENERATOR_FAILURE,0.9,,,
98.50000000001353,0,0,,4769.702346800258,77.94559405730335,839.7,840.2,841.1,840,105.9,106.6,106.5,106.4,1.411,3.89,98.2,0.279,25.7,0.949,23.4,7,88.5,14.32,0,-39,97.9,0.5843,-13.7,GENERATOR_FAILURE,0.9,,,
98.60000000001358,0,0,,4769.771830430287,77.73827276539564,839.4,839.7,835.7,837.7,106.3,106.1,106.6,106.2,1.412,3.82,98.2,0.287,25.7,0.938,23.4,6.9,88.5,14.28,0,-39.6,97.6,0.5833,-13.8,GENERATOR_FAILURE,0.9,,,
98.70000000001363,0,0,,4768.382100010564,77.82086045148466,836.1,838.3,836.9,839.5,106.2,106,105.9,106.5,1.407,3.89,98.1,0.277,25.7,0.94,23.3,6.7,87.9,14.3,0,-39.2,97.8,0.5831,-13.5,GENERATOR_FAILURE,0.9,,,
98.80000000001368,0,0,,4767.518331851448,77.95227383185998,837.2,839.6,839.9,836.9,105.9,106.4,106.2,106.4,1.415,3.84,98.3,0.281,25.8,0.942,23.4,6.8,88.8,14.33,0,-39.5,97.9,0.5843,-13.8,GENERATOR_FAILURE,0.9,,,
98.90000000001373,0,0,,4767.870502012337,77.59610967664281,837.1,839.5,838.8,840.4,106,106.8,106.3,106.3,1.403,3.86,98,0.282,25.6,0.939,23.4,7.8,88.3,14.26,0,-39.2,97.8,0.5831,-13.6,GENERATOR_FAILURE,0.9,,,
99.00000000001378,0,0,,4768.711237280369,77.8744013161132,839.3,837.2,838.7,839.4,106.1,106,106.2,106.3,1.411,3.8,98.1,0.29,25.8,0.937,23.4,6.6,88.5,14.31,0,-39.2,97.7,0.5835,-13.8,GENERATOR_FAILURE,0.9,,,
99.10000000001384,0,0,,4774.696750881419,77.98607065675162,838.2,838.4,834.7,836.9,106.4,106,106.4,106.1,1.414,3.84,98.1,0.279,25.8,0.941,23.3,7,88.7,14.32,0,-39.1,97.7,0.5843,-13.7,GENERATOR_FAILURE,0.9,,,
99.20000000001389,0,0,,4768.621228512148,77.81765264625875,839.3,837.8,836.2,836.8,106.4,106.4,106.6,106.4,1.404,3.82,98,0.287,25.8,0.937,23.4,7.5,88.7,14.3,0,-39.2,97.7,0.583,-13.6,GENERATOR_FAILURE,0.9,,,
99.30000000001394,0,0,,4769.655678894877,77.70816694018491,838.5,837.5,836.3,840.5,106.5,106.3,106.9,106.1,1.421,3.86,98,0.276,25.8,0.941,23.4,6.7,88.8,14.28,0,-39.1,97.7,0.5837,-13.7,GENERATOR_FAILURE,0.9,,,
99.33000000001395,0,1,99.41000000001395,4767.260477104638,78.01878564504521,839.1,837.8,838,840.4,106.4,106.1,106.5,106.7,1.41,3.83,98.1,0.292,25.7,0.937,23.3,7.3,88.7,14.35,0,-39.4,97.7,0.5821,-13.9,GENERATOR_FAILURE,0.9,GENERATOR_FAILURE,13.9,11
99.40000000001399,0,0,,4765.361351857914,77.87054170681331,837.4,839.2,837.9,839.6,105.8,106.1,106.2,106,1.41,3.87,98.1,0.278,25.7,0.939,23.3,6.7,88.4,14.32,0,-38.8,97.7,0.5836,-13.7,GENERATOR_FAILURE,0.9,,,
99.50000000001404,0,0,,4768.61877689728,77.69646972476579,838.8,837.1,839.3,836.7,106,105.7,106.5,106.1,1.411,3.82,98.2,0.27,25.7,0.94,23.4,7.8,88.7,14.28,0,-39,97.7,0.5839,-13.6,GENERATOR_FAILURE,0.9,,,
99.60000000001409,0,0,,4763.682790793739,77.83313422505705,838.3,839.3,839.6,837.8,105.6,106.3,105.7,106.2,1.411,3.89,98.1,0.276,25.7,0.94,23.3,7.1,88.3,14.32,0,-39.1,97.7,0.583,-13.8,GENERATOR_FAILURE,0.9,,,
99.70000000001414,0,0,,4772.52483728055,77.6808733381977,839.4,839.6,838,836,106.3,106.1,105.5,106,1.41,3.87,98.1,0.273,25.7,0.939,23.4,7,88.5,14.26,0,-39.3,97.7,0.5833,-13.6,GENERATOR_FAILURE,0.9,,,
99.8000000000142,0,0,,4761.814488024082,77.69182223804373,838.4,838.9,836.7,838.7,106.5,105.8,106.2,106.2,1.406,3.85,98.1,0.294,25.6,0.94,23.4,6.7,88.5,14.29,0,-39.4,97.7,0.5846,-13.6,GENERATOR_FAILURE,0.9,,,
99.90000000001424,0,0,,4766.895778677638,77.77398700327555,837.6,837.8,837.4,836.9,106.2,106.3,106,105.9,1.407,3.85,98.1,0.282,25.7,0.937,23.4,6.9,88.4,14.3,0,-39.3,97.7,0.5824,-13.6,GENERATOR_FAILURE,0.9,,,
100.0000000000143,0,0,,4769.416893036013,77.53115590837314,838.6,838.8,836.3,838.5,106,106.4,105.9,106.2,1.405,3.83,98,0.27,25.5,0.939,23.4,6.4,88.3,14.24,0,-39.3,97.7,0.5837,-13.8,GENERATOR_FAILURE,0.9,,,
100.10000000001435,0,0,,4764.523455711143,77.62626378687673,838.4,839.2,838.6,837.4,106.2,105.8,105.9,106.8,1.416,3.83,98,0.285,25.7,0.933,23.3,6.8,88.6,14.27,0,-39.8,97.7,0.5828,-13.6,GENERATOR_FAILURE,0.9,,,
100.2000000000144,0,0,,4765.712861174108,77.55351124230637,839.7,838.9,839.3,836.7,105.8,106.1,106.6,106.2,1.406,3.87,98,0.28,25.6,0.943,23.4,6.3,88.6,14.25,0,-39.7,97.6,0.5831,-13.7,GENERATOR_FAILURE,0.9,,,
100.30000000001445,0,0,,4765.504476020404,77.59543808156381,837.9,837.5,836.8,838.2,106.1,106.5,106.3,106.5,1.406,3.88,98.1,0.28,25.6,0.939,23.4,7,88.6,14.26,0,-40.1,97.6,0.5831,-13.7,GENERATOR_FAILURE,0.9,,,
100.34000000001447,0,1,100.42000000001447,4767.408576972308,77.67745321896312,839.3,836.4,837.5,837.9,106,105.9,106.5,106.1,1.411,3.88,98.2,0.287,25.7,0.938,23.4,6.8,88.6,14.28,0,-40,97.7,0.5839,-13.8,GENERATOR_FAILURE,0.9,GENERATOR_FAILURE,5.8,10.5
100.4000000000145,0,0,,4769.136368424572,77.71650559248096,838.8,838,838.7,835.7,106.3,106.1,106.3,105.8,1.412,3.83,98.2,0.288,25.7,0.939,23.4,6.9,88.4,14.28,0,-39.7,97.7,0.5832,-13.8,GENERATOR_FAILURE,0.9,,,
100.50000000001455,0,0,,4764.114854986152,77.54834220522544,838.4,838.9,839,835.9,106.5,106.4,106.2,106.2,1.401,3.84,98.1,0.265,25.7,0.942,23.3,6.5,88.7,14.26,0,-40.2,97.6,0.5841,-13.7,GENERATOR_FAILURE,0.9,,,
100.6000000000146,0,0,,4762.713473431837,77.52208390956177,836.8,835.9,836.2,838.1,106,105.8,106,106.1,1.414,3.84,98,0.271,25.7,0.939,23.3,6.6,88.2,14.26,0,-39.7,97.6,0.5832,-13.7,GENERATOR_FAILURE,0.9,,,
100.70000000001465,0,0,,4764.474922319771,77.66380146462717,836.5,836.8,836.7,837,106.1,106.2,106.3,106,1.4,3.85,98.2,0.267,25.7,0.938,23.3,6.8,88.3,14.28,0,-40,97.7,0.5838,-13.8,GENERATOR_FAILURE,0.9,,,
100.8000000000147,0,0,,4764.628341548131,77.56066266330404,836.9,836.7,837.4,836.2,106.2,105.7,106.2,105.7,1.402,3.88,98,0.27,25.5,0.939,23.4,7,88.3,14.26,0,-39.8,97.6,0.5843,-13.6,GENERATOR_FAILURE,0.9,,,
100.90000000001476,0,0,,4756.692877122296,77.51200993881677,838.5,839.8,838.7,837.9,106.4,105.5,105.6,106,1.409,3.86,98.1,0.285,25.6,0.941,23.3,7.1,88.7,14.27,0,-39.8,97.7,0.5839,-13.7,GENERATOR_FAILURE,0.9,,,
101.00000000001481,0,0,,4755.864505845604,77.63197410557791,838.7,836.7,838.5,837.8,105.8,106.4,106.3,106.2,1.398,3.86,98.1,0.287,25.7,0.942,23.4,7.1,88.6,14.3,0,-39.9,97.6,0.5835,-13.7,GENERATOR_FAILURE,0.9,,,
101.10000000001486,0,0,,4763.0026050217275,77.55216611559986,838,838.9,837,839.6,105.8,105.8,105.7,106.1,1.409,3.86,98.2,0.272,25.6,0.936,23.4,6.2,88.5,14.26,0,-39.9,97.6,0.5839,-13.8,GENERATOR_FAILURE,0.9,,,
101.20000000001491,0,0,,4755.932808380197,77.51090962986031,838.9,837.7,837.9,839.3,106.3,105.8,106.3,105.7,1.408,3.86,98.1,0.283,25.5,0.945,23.3,6.9,88.4,14.27,0,-39.4,97.6,0.5843,-13.6,GENERATOR_FAILURE,0.9,,,
101.30000000001496,0,0,,4762.689619610114,77.65080402887543,838,837.4,835.4,839.1,105.7,105.9,106.2,106.5,1.397,3.85,97.9,0.276,25.6,0.942,23.4,7.4,88.5,14.28,0,-39.9,97.6,0.5835,-13.9,GENERATOR_FAILURE,0.9,,,
101.39000000001501,0,1,101.470000000015,4759.6628650915345,77.62046436775063,839.4,838.3,838.7,837.6,106,105.7,106.3,105.9,1.399,3.88,98.2,0.282,25.7,0.938,23.4,6.6,88.3,14.29,0,-39.7,97.5,0.583,-13.6,GENERATOR_FAILURE,0.9,GENERATOR_FAILURE,12.3,10.8
101.40000000001501,0,0,,4760.078493589605,77.45318575006806,837.1,837.5,836.3,837,106.3,105.9,106.2,106.1,1.407,3.83,97.9,0.288,25.6,0.94,23.4,7.3,88.4,14.25,0,-40.1,97.6,0.5835,-13.7,GENERATOR_FAILURE,0.9,,,
101.50000000001506,0,0,,4755.011047706388,77.55885714497653,837.3,837.7,840.4,837.6,106.2,106.5,106.2,106,1.405,3.82,98.1,0.28,25.6,0.938,23.3,7.5,88.8,14.29,0,-40.5,97.5,0.5833,-13.5,GENERATOR_FAILURE,0.9,,,
101.60000000001511,0,0,,4753.741299879376,77.38447424709861,839.1,837.8,838.8,836.5,105.8,106.7,106.6,105.9,1.404,3.84,98,0.269,25.5,0.939,23.4,7.3,88.2,14.25,0,-40.1,97.6,0.5834,-13.6,GENERATOR_FAILURE,0.9,,,
101.70000000001517,0,0,,4756.421864054511,77.426141310479,838.4,837.1,839,837.2,106.1,106,106,106.8,1.404,3.9,98.1,0.274,25.6,0.937,23.2,6.4,88.5,14.25,0,-40.5,97.5,0.5841,-13.7,GENERATOR_FAILURE,0.9,,,
101.80000000001522,0,0,,4754.266758188908,77.52731745876366,837.8,838.1,836.3,837.2,106.2,106.4,105.9,106.4,1.402,3.87,97.9,0.28,25.6,0.937,23.3,7.2,88.4,14.28,0,-41,97.5,0.5836,-13.8,GENERATOR_FAILURE,0.9,,,
101.90000000001527,0,0,,4757.202162618426,77.44929532854329,837.5,838.5,836.7,838.1,106.7,106.3,106.1,106.4,1.41,3.83,98.1,0.289,25.7,0.941,23.3,7.4,88.4,14.26,0,-40.7,97.6,0.5835,-13.7,GENERATOR_FAILURE,0.9,,,
102.00000000001532,0,0,,4761.101799460345,77.37439851660756,837.9,837.7,838.3,837.8,106.2,106.9,106,106.3,1.414,3.83,98.2,0.266,25.5,0.946,23.3,7.4,88.5,14.23,0,-41,97.5,0.5838,-13.6,GENERATOR_FAILURE,0.9,,,
102.10000000001537,0,0,,4760.868177822851,77.41230511007966,836.2,838.3,837,837,105.8,106.3,106.4,106.5,1.399,3.85,98.1,0.264,25.5,0.937,23.4,7,88.6,14.24,0,-40.8,97.5,0.584,-13.6,GENERATOR_FAILURE,0.9,,,
102.20000000001542,0,0,,4754.421282546991,77.36264126112086,836.3,836.9,835.4,836.6,106.6,105.5,106.3,106,1.401,3.9,98.1,0.275,25.6,0.939,23.4,6.7,88.5,14.25,0,-40.4,97.5,0.5831,-13.7,GENERATOR_FAILURE,0.9,,,
102.30000000001547,0,0,,4758.333930763633,77.39643885109659,839.5,838.2,836.8,839.2,106.2,106,106.1,105.8,1.401,3.83,98,0.283,25.6,0.94,23.4,7.5,88.8,14.24,0,-40.5,97.5,0.583,-13.8,GENERATOR_FAILURE,0.9,,,
102.40000000001552,0,0,,4749.624697263687,77.49484266431567,836.1,838.2,836.6,837.3,106.4,106,106.5,105.7,1.403,3.82,98.2,0.277,25.5,0.935,23.3,7.6,88.7,14.29,0,-40.2,97.5,0.5827,-13.7,GENERATOR_FAILURE,0.9,,,
102.44000000001554,0,1,102.52000000001554,4760.3791978792515,77.3344902670134,839.5,838.5,836.9,837.7,106,106.4,105.7,106.5,1.399,3.86,98.2,0.284,25.6,0.937,23.4,6.5,88.1,14.22,0,-39.8,97.5,0.5835,-13.7,GENERATOR_FAILURE,0.9,GENERATOR_FAILURE,12.8,10.1
102.50000000001558,0,0,,4753.237886177425,77.35895445173925,837.6,836.5,837.5,835.1,106.6,106.6,106.6,105.9,1.401,3.83,98,0.27,25.5,0.946,23.3,7.5,88.5,14.25,0,-40.1,97.5,0.5829,-13.9,GENERATOR_FAILURE,0.9,,,
102.60000000001563,0,0,,4754.706157489767,77.58262128768573,838.2,837.4,836.8,838.6,106.3,106.1,105.9,106.2,1.402,3.86,98.1,0.284,25.6,0.939,23.4,7.2,88.9,14.29,0,-40.3,97.5,0.583,-13.6,GENERATOR_FAILURE,0.9,,,
102.70000000001568,0,0,,4758.191765790004,77.4329612924818,837.7,835.4,837.3,837.6,106,106,105.8,105.7,1.403,3.85,98.1,0.275,25.5,0.943,23.4,7.3,88.6,14.25,0,-40.3,97.5,0.5827,-13.8,GENERATOR_FAILURE,0.9,,,
102.80000000001573,0,0,,4757.807589080894,77.31701784035224,837.6,838,835.9,836.8,105.9,105.9,106,106,1.407,3.81,98.1,0.273,25.4,0.942,23.3,7.3,88.3,14.23,0,-40.5,97.4,0.5831,-13.7,GENERATOR_FAILURE,0.9,,,
102.90000000001578,0,0,,4759.15740219236,77.42709167460686,837.3,836,836.6,834.8,106.4,106.4,106.1,105.6,1.399,3.85,98.1,0.276,25.6,0.945,23.4,7,88.5,14.25,0,-40.2,97.5,0.5839,-13.8,GENERATOR_FAILURE,0.9,,,
103.00000000001583,0,0,,4750.423212636896,77.19969078715138,835.8,837.5,836.6,836.5,105.9,106.1,106.4,106.2,1.4,3.81,98.1,0.294,25.5,0.935,23.4,7.2,88.4,14.22,0,-40.3,97.5,0.5841,-13.7,GENERATOR_FAILURE,0.9,,,
103.10000000001588,0,0,,4752.277302374061,77.28359480849811,835.7,837.9,836.9,836.7,105.7,106.3,106.7,105.8,1.402,3.86,98.1,0.27,25.6,0.943,23.4,7.5,88.2,14.24,0,-40.7,97.6,0.5846,-13.7,GENERATOR_FAILURE,0.9,,,
103.20000000001593,0,0,,4760.155537078571,77.29665277617367,835.9,835.2,838.5,836.1,105.9,106,106.2,106.2,1.407,3.83,98.2,0.275,25.5,0.942,23.3,6.8,88.4,14.22,0,-40.5,97.5,0.5831,-13.7,GENERATOR_FAILURE,0.9,,,
103.30000000001598,0,0,,4756.687442829219,77.10075951534222,837.3,838.2,836.6,837.6,106.2,106.3,106.2,105.9,1.402,3.87,98,0.281,25.5,0.939,23.2,6.5,88.7,14.18,0,-40.9,97.5,0.5839,-13.9,GENERATOR_FAILURE,0.9,,,
103.40000000001604,0,0,,4753.532342847893,77.35434188340994,836.8,836.2,835.9,835.2,106,105.5,105.4,106.1,1.41,3.89,98,0.291,25.4,0.939,23.3,6.8,88.5,14.25,0,-41,97.5,0.5832,-13.6,GENERATOR_FAILURE,0.9,,,
103.43000000001605,0,1,103.51000000001605,4747.463772422924,77.28560151564366,837,837.6,838.6,837.5,106.3,106.2,106.1,106.5,1.397,3.84,98.1,0.267,25.5,0.94,23.4,7.9,88.4,14.25,0,-41,97.5,0.5828,-13.8,GENERATOR_FAILURE,0.9,GENERATOR_FAILURE,16.3,11
103.50000000001609,0,0,,4755.600179300302,77.29416549867923,836.1,837.7,837.7,838.5,106.8,106.3,106.3,106.2,1.395,3.85,98,0.278,25.4,0.942,23.2,6.9,88.4,14.23,0,-40.5,97.4,0.5835,-13.7,GENERATOR_FAILURE,0.9,,,
103.60000000001614,0,0,,4752.889679224103,77.23072456067364,836.7,834.8,835.4,836.3,105.7,106,106.2,106.3,1.406,3.84,97.8,0.28,25.6,0.939,23.2,6.9,88.2,14.22,0,-40.7,97.4,0.5831,-13.6,GENERATOR_FAILURE,0.9,,,
103.70000000001619,0,0,,4750.546742680523,77.1240184232317,837.1,835.8,834.7,837.3,106.5,106.4,106,106,1.405,3.88,98,0.278,25.5,0.939,23.3,6.7,88.8,14.21,0,-40.5,97.4,0.5839,-13.7,GENERATOR_FAILURE,0.9,,,
103.80000000001624,0,0,,4752.00699507744,77.37923471592066,837.6,837.8,839,836.5,106.4,105.9,106.3,105.4,1.398,3.85,98,0.289,25.6,0.94,23.3,7.6,88.6,14.26,0,-40.9,97.4,0.5833,-13.6,GENERATOR_FAILURE,0.9,,,
103.90000000001629,0,0,,4749.673623108591,77.30604305061352,836.7,836.6,838.3,836.8,105.9,106,105.5,106,1.406,3.84,98,0.261,25.6,0.945,23.3,6.7,88.5,14.25,0,-40.9,97.4,0.5828,-13.8,GENERATOR_FAILURE,0.9,,,
104.00000000001634,0,0,,4755.336056192621,77.09094649953353,837.5,835.4,836.3,836.5,106,105.8,106.7,106.5,1.398,3.89,98,0.287,25.5,0.941,23.4,7.2,88.3,14.19,0,-41.3,97.4,0.5841,-13.6,GENERATOR_FAILURE,0.9,,,
104.1000000000164,0,0,,4755.329686740665,77.27620638967775,835.7,836.7,834.2,837.8,106.2,106.3,105.9,106,1.405,3.87,98.2,0.271,25.5,0.937,23.3,6.7,88.5,14.22,0,-40.8,97.4,0.5837,-13.6,GENERATOR_FAILURE,0.9,,,
104.20000000001644,0,0,,4751.2628966200045,77.13811601018561,837.2,837.8,837.5,833.4,106.6,105.9,106,105.5,1.396,3.84,97.9,0.291,25.4,0.938,23.3,7.1,88.6,14.21,0,-40.6,97.4,0.5839,-13.6,GENERATOR_FAILURE,0.9,,,
104.3000000000165,0,0,,4744.574499412073,77.17425053866714,837,837.5,840.1,837.2,106.3,106.4,106,106.5,1.398,3.84,98.1,0.267,25.5,0.934,23.3,7,88.6,14.23,0,-40.5,97.4,0.5843,-13.8,GENERATOR_FAILURE,0.9,,,
104.40000000001655,0,0,,4752.007674481644,77.19852250312468,836.3,835.2,835.4,836.2,106.4,105.9,106,105.7,1.402,3.82,98,0.269,25.5,0.93,23.3,7.6,88.9,14.22,0,-40.5,97.4,0.5826,-13.8,GENERATOR_FAILURE,0.9,,,
104.44000000001657,0,1,104.52000000001657,4751.569769479419,77.15008141408542,834.3,834.8,837,836.4,106.4,106.1,105.7,105.6,1.406,3.88,98,0.275,25.6,0.938,23.3,6.8,88.2,14.21,0,-40.9,97.4,0.5839,-13.6,GENERATOR_FAILURE,0.9,GENERATOR_FAILURE,14.6,11.3
104.5000000000166,0,0,,4759.708637461973,77.28486984364335,838.9,836,836.4,835.5,105.7,106,106.9,106.4,1.409,3.89,98.1,0.28,25.5,0.934,23.2,6.8,88.5,14.21,0,-40.9,97.4,0.5841,-13.9,GENERATOR_FAILURE,0.9,,,
104.60000000001665,0,0,,4744.462159618064,77.20025328080767,836,836.4,838,834.7,106.5,106.3,105.7,106.2,1.402,3.87,98.2,0.272,25.5,0.936,23.3,7.3,88.5,14.24,0,-40.9,97.4,0.5836,-13.7,GENERATOR_FAILURE,0.9,,,
104.7000000000167,0,0,,4747.394780114007,77.20056645544409,838.5,836.2,836.9,835.3,106.7,105.8,105.6,105.8,1.396,3.87,98,0.297,25.4,0.939,23.2,6.8,88.4,14.23,0,-40.8,97.4,0.5831,-13.5,GENERATOR_FAILURE,0.9,,,
104.80000000001675,0,0,,4746.665240614061,77.293045742717,837.4,836.6,834.7,837.2,105.7,106.1,105.8,106,1.395,3.86,98.1,0.271,25.5,0.934,23.3,6.4,88.5,14.25,0,-41.4,97.3,0.5841,-13.8,GENERATOR_FAILURE,0.9,,,
104.9000000000168,0,0,,4753.699932298587,77.29184160301143,835.6,836.7,832.4,837.5,106.4,106.3,105.9,106.1,1.403,3.86,97.8,0.271,25.5,0.939,23.3,6.9,88.8,14.23,0,-41.1,97.4,0.5838,-13.7,GENERATOR_FAILURE,0.9,,,
105.00000000001685,0,0,,4750.583101814159,77.18632828553,835.5,837.9,836.6,837.7,105.7,106.1,106.3,105.7,1.391,3.89,98.1,0.284,25.5,0.935,23.2,7.1,88.7,14.22,0,-40.9,97.3,0.5826,-13.7,GENERATOR_FAILURE,0.9,,,
105.1000000000169,0,0,,4749.773266234576,77.0477982269294,836.3,837.1,837.4,835.9,105.8,106,105.5,105.9,1.397,3.83,98,0.293,25.4,0.941,23.3,7.4,88.2,14.19,0,-40.5,97.4,0.5841,-13.7,GENERATOR_FAILURE,0.9,,,
105.20000000001696,0,0,,4743.088626230989,77.27110441458628,835.7,836.7,835.5,834.6,105.9,106,106,106.2,1.399,3.83,98,0.285,25.5,0.94,23.3,6.5,88.5,14.26,0,-40.5,97.4,0.5836,-13.7,GENERATOR_FAILURE,0.9,,,
105.30000000001701,0,0,,4745.185953813436,77.28472048298171,835.8,836.1,836.6,837.9,105.9,106,106.2,105.6,1.396,3.84,98.3,0.282,25.5,0.939,23.3,6.5,88.4,14.26,0,-40.4,97.3,0.5834,-13.7,GENERATOR_FAILURE,0.9,,,
105.40000000001706,0,0,,4744.375291772558,77.0825464350382,833.9,833.7,835.3,835.9,105.8,106,106.2,106,1.395,3.87,98.1,0.283,25.4,0.948,23.3,7.5,88.4,14.22,0,-40.5,97.3,0.5833,-13.8,GENERATOR_FAILURE,0.9,,,
105.4900000000171,0,1,105.5700000000171,4745.49355052007,77.10999738450734,837.1,837.1,835.9,837.4,105.6,106.1,105.9,105.5,1.395,3.85,98.1,0.27,25.5,0.941,23.4,6.8,88.3,14.22,0,-40.5,97.3,0.5845,-13.6,GENERATOR_FAILURE,0.9,GENERATOR_FAILURE,14.5,11.1
105.50000000001711,0,0,,4744.862681873984,77.36655476786731,835.8,838.3,837.7,836.8,105.7,105.6,106.2,105.2,1.398,3.88,98,0.275,25.5,0.951,23.3,7.3,88.5,14.27,0,-40.5,97.4,0.5826,-13.7,GENERATOR_FAILURE,0.9,,,
105.60000000001716,0,0,,4747.164154369733,77.2026319972024,838.2,835.8,837.9,835.6,105.9,106.1,105.9,105.7,1.394,3.87,98,0.273,25.5,0.94,23.2,7.3,88.2,14.23,0,-41,97.4,0.5831,-13.7,GENERATOR_FAILURE,0.9,,,
105.70000000001721,0,0,,4748.826219233912,77.10165147615142,834.6,834.6,833.9,836.6,106.2,106.1,105.8,106.3,1.402,3.83,97.9,0.283,25.4,0.94,23.3,7,88.7,14.21,0,-40.6,97.2,0.5832,-13.7,GENERATOR_FAILURE,0.9,,,
105.80000000001726,0,0,,4747.050571458332,77.19449488957108,837.8,837.7,838.1,834.7,105.8,105.9,106,105.8,1.406,3.89,98.2,0.287,25.5,0.937,23.3,6.5,88.5,14.23,0,-40.8,97.4,0.584,-13.7,GENERATOR_FAILURE,0.9,,,
105.90000000001731,0,0,,4739.914070865687,77.04847609293837,834.2,837,835,835.5,105.7,106.5,106,105.5,1.4,3.87,98.1,0.269,25.3,0.939,23.3,7,88.5,14.22,0,-40.5,97.2,0.5833,-13.7,GENERATOR_FAILURE,0.9,,,
106.00000000001737,0,0,,4741.386575906411,77.01669146392106,837,836.8,835.8,835.7,106.2,105.8,105.6,105.5,1.398,3.86,98,0.275,25.4,0.946,23.3,6.9,88.2,14.21,0,-40.6,97.3,0.5833,-13.7,GENERATOR_FAILURE,0.9,,,
106.10000000001742,0,0,,4744.610527222624,76.96621603048457,837.6,836.2,834.2,837.3,106,105.8,105.7,105.9,1.405,3.89,98,0.275,25.3,0.943,23.3,7,88.6,14.19,0,-40.8,97.3,0.584,-13.8,GENERATOR_FAILURE,0.9,,,
106.20000000001747,0,0,,4741.7590128228985,77.24147905545978,837.7,837.3,836.1,837.4,105.6,105.8,106,105.7,1.404,3.81,98,0.275,25.5,0.94,23.3,7.4,88.1,14.26,0,-40.7,97.2,0.5833,-13.8,GENERATOR_FAILURE,0.9,,,
106.30000000001752,0,0,,4740.807582655855,77.00998740475671,835,837.1,835.6,835.9,106.3,106,106.2,106.5,1.406,3.88,97.8,0.27,25.3,0.944,23.4,6.6,88.6,14.21,0,-40.2,97.3,0.5824,-13.8,GENERATOR_FAILURE,0.9,,,
106.40000000001757,0,0,,4743.184704743961,76.87353818165029,836.5,836.9,834.2,837.2,105.9,105.6,105.6,106,1.404,3.86,98.1,0.27,25.3,0.944,23.3,6.4,88.4,14.17,0,-40.5,97.3,0.5833,-13.6,GENERATOR_FAILURE,0.9,,,
106.50000000001762,0,0,,4743.706167106473,76.98030064729733,836.7,836.3,831.7,834.4,105.5,106.2,106.3,106.3,1.408,3.89,97.9,0.286,25.4,0.941,23.4,6.8,88.3,14.2,0,-40.5,97.2,0.5841,-13.7,GENERATOR_FAILURE,0.9,,,
106.50000000001762,0,1,106.58000000001762,4743.706167106473,76.98030064729733,836.7,836.3,831.7,834.4,105.5,106.2,106.3,106.3,1.408,3.89,97.9,0.286,25.4,0.941,23.4,6.8,88.3,14.2,0,-40.5,97.2,0.5841,-13.7,GENERATOR_FAILURE,0.9,GENERATOR_FAILURE,13.3,10.1
106.60000000001767,0,0,,4747.205524004675,77.07907872720975,835.7,835.2,833.6,835,106.1,106.2,105.6,106.1,1.392,3.84,98.1,0.275,25.4,0.943,23.4,7.3,88.6,14.21,0,-39.8,97.2,0.5829,-13.6,GENERATOR_FAILURE,0.9,,,
106.70000000001772,0,0,,4733.340728619272,76.96670313056737,836.6,835.9,833.9,835.8,105.7,106.3,105.8,105.7,1.396,3.84,98,0.275,25.3,0.94,23.3,6.9,88.5,14.22,0,-40.1,97.2,0.583,-13.8,GENERATOR_FAILURE,0.9,,,
106.80000000001777,0,0,,4745.914696031558,77.08984331135639,834.5,836.4,835.2,835.4,105.9,106,105.6,105.3,1.391,3.85,98.1,0.282,25.5,0.937,23.3,6.7,88.2,14.21,0,-39.9,97.2,0.5844,-13.8,GENERATOR_FAILURE,0.9,,,
106.90000000001783,0,0,,4742.34926978671,76.9637187342299,836.4,836.6,831.9,834.8,105.7,106,105.7,106.6,1.394,3.84,98,0.287,25.3,0.936,23.3,6.9,89,14.2,0,-39.7,97.3,0.583,-13.8,GENERATOR_FAILURE,0.9,,,
107.00000000001788,0,0,,4737.7269554084,77.25055005154785,836.5,837,836.7,836.2,106,105.9,106.1,105.6,1.405,3.84,98,0.267,25.5,0.935,23.4,7.4,88.6,14.27,0,-39.9,97.2,0.5833,-13.8,GENERATOR_FAILURE,0.9,,,
107.10000000001793,0,0,,4738.86673937522,77.11057272545695,835.2,836.3,835.2,836.6,106.2,105.2,105.9,106.1,1.408,3.88,98,0.274,25.4,0.939,23.4,7.2,88.6,14.24,0,-39.9,97.3,0.5841,-13.8,GENERATOR_FAILURE,0.9,,,
107.20000000001798,0,0,,4744.778443929985,77.08516580418313,834.4,834.9,838.1,834.9,106.1,105.7,106,106.1,1.398,3.86,97.9,0.295,25.4,0.945,23.3,7.5,88.5,14.21,0,-40.4,97.2,0.5832,-13.7,GENERATOR_FAILURE,0.9,,,
107.30000000001803,0,0,,4741.841241967842,77.0825847994639,836.2,835.8,834.4,835.5,105.6,106.1,106,105.8,1.409,3.88,98,0.271,25.4,0.944,23.4,7.8,88.3,14.22,0,-40.3,97.2,0.5836,-13.9,GENERATOR_FAILURE,0.9,,,
107.40000000001808,0,0,,4748.889217620041,77.20025635620244,836.8,837.2,837.6,837,105.4,105.5,105.8,105.5,1.398,3.86,98.1,0.271,25.4,0.936,23.3,7.5,88.5,14.23,0,-40.3,97.2,0.584,-13.6,GENERATOR_FAILURE,0.9,,,
107.50000000001813,0,0,,4743.7469798748525,77.34687460836946,835,837.4,834.3,835.7,105.9,105.8,105.8,106,1.402,3.88,97.9,0.28,25.6,0.941,23.3,6.9,88.4,14.27,0,-40.5,97.2,0.5832,-13.5,GENERATOR_FAILURE,0.9,,,
107.50000000001813,0,1,107.58000000001813,4743.7469798748525,77.34687460836946,835,837.4,834.3,835.7,105.9,105.8,105.8,106,1.402,3.88,97.9,0.28,25.6,0.941,23.3,6.9,88.4,14.27,0,-40.5,97.2,0.5832,-13.5,GENERATOR_FAILURE,0.9,GENERATOR_FAILURE,8.6,10.5
107.60000000001818,0,0,,4745.78957704547,77.14545668188718,834.5,837.4,836,838.2,105.4,105.6,105.9,105.5,1.398,3.85,98,0.273,25.5,0.942,23.3,6.6,88.6,14.22,0,-40,97.1,0.5831,-13.8,GENERATOR_FAILURE,0.9,,,
107.70000000001824,0,0,,4740.422250246761,76.95742087023473,835.9,835,836.4,836,105.4,105.5,106.1,105.7,1.402,3.87,98.1,0.295,25.4,0.939,23.4,7.2,88.2,14.2,0,-39.8,97.2,0.5836,-13.7,GENERATOR_FAILURE,0.9,,,
107.80000000001829,0,0,,4745.920070633155,77.02434803755733,835.8,835.2,837.1,837.1,106.1,106.3,105.9,105.6,1.397,3.84,98,0.273,25.4,0.94,23.4,7.3,88.6,14.2,0,-40.1,97.2,0.5834,-13.8,GENERATOR_FAILURE,0.9,,,
107.90000000001834,0,0,,4740.469621160304,77.0422838348793,835.1,836.1,836.9,836.8,106.3,106,105.7,106.2,1.395,3.84,98,0.283,25.4,0.939,23.4,6.8,87.8,14.22,0,-39.9,97.1,0.583,-13.8,GENERATOR_FAILURE,0.9,,,
108.00000000001839,0,0,,4751.45109005604,76.83358716487876,834.6,836.2,837.6,834.8,105.5,105.9,106.1,105.8,1.397,3.87,98.1,0.288,25.4,0.938,23.4,6.7,88.3,14.14,0,-40.3,97.1,0.5837,-13.8,GENERATOR_FAILURE,0.9,,,
108.10000000001844,0,0,,4730.5719063081015,76.84522513821152,833.2,835.9,832.7,833.7,105.7,105.7,105.6,105.5,1.395,3.87,98,0.269,25.3,0.945,23.3,7.6,88.5,14.2,0,-39.9,97.1,0.5837,-13.7,GENERATOR_FAILURE,0.9,,,
108.20000000001849,0,0,,4742.095499413644,77.05510363944306,835.8,835.7,837.2,835.1,106.2,106.2,106,105.8,1.393,3.87,98,0.276,25.4,0.943,23.2,7,88.6,14.22,0,-40.1,97.2,0.5834,-13.6,GENERATOR_FAILURE,0.9,,,
108.30000000001854,0,0,,4739.119002065062,76.91468507591253,836.2,836.4,833.9,835.4,106.4,106.3,106,105.9,1.39,3.84,97.9,0.293,25.3,0.943,23.3,7.3,88.6,14.19,0,-40.7,97.1,0.5836,-13.9,GENERATOR_FAILURE,0.9,,,
108.4000000000186,0,0,,4741.732601815984,77.13345592104845,836.5,836.7,833.6,836.9,106.2,105.4,106.9,106.2,1.397,3.85,98,0.27,25.4,0.936,23.3,6.8,88.4,14.23,0,-40.4,97.2,0.5833,-13.7,GENERATOR_FAILURE,0.9,,,
108.50000000001864,0,0,,4736.809817902803,77.09286989891515,832.4,836.5,832.3,836.3,105.9,105.7,105.9,105.5,1.4,3.84,98.1,0.273,25.5,0.938,23.2,6.7,88.7,14.24,0,-40.7,97.1,0.5841,-13.9,GENERATOR_FAILURE,0.9,,,
108.54000000001867,0,1,108.62000000001866,4738.7576654353,77.18419098729163,835.5,835.2,837,835.6,105.7,105.4,105.6,105.1,1.407,3.85,98,0.273,25.5,0.934,23.3,6.8,88.8,14.25,0,-40.7,97.1,0.5837,-13.6,GENERATOR_FAILURE,0.9,GENERATOR_FAILURE,8.5,9.8
108.6000000000187,0,0,,4741.938185469438,76.91671076557206,835.9,836,836.6,835.3,106.3,105.4,105.5,106.1,1.397,3.86,98.2,0.289,25.4,0.937,23.4,7.2,88.5,14.19,0,-40.9,97.1,0.5838,-13.8,GENERATOR_FAILURE,0.9,,,
108.70000000001875,0,0,,4742.56206438015,76.91699745505967,833.6,835.5,835.3,836.3,106.2,106.1,106.4,105.4,1.399,3.86,98,0.268,25.4,0.946,23.3,7,88.9,14.19,0,-41,97.1,0.5837,-13.8,GENERATOR_FAILURE,0.9,,,
108.8000000000188,0,0,,4738.565161157823,76.93735892739011,835.6,836,834.4,838.1,105.7,106.3,105.9,105.5,1.41,3.87,97.9,0.284,25.4,0.94,23.3,7,88.6,14.2,0,-40.7,97.1,0.5841,-13.6,GENERATOR_FAILURE,0.9,,,
108.90000000001885,0,0,,4737.598397870321,76.89078799530331,834.1,835.6,836.1,834.9,106.4,106,106.4,106.2,1.396,3.85,98,0.277,25.3,0.941,23.4,7.4,88.4,14.19,0,-40.5,97.1,0.583,-13.8,GENERATOR_FAILURE,0.9,,,
109.0000000000189,0,0,,4742.433453009065,76.87930982209359,836.3,835.3,836.3,833,106,105.8,106,105.2,1.398,3.86,97.9,0.278,25.2,0.939,23.4,7.2,88.2,14.18,0,-40.4,97.1,0.5841,-13.8,GENERATOR_FAILURE,0.9,,,
109.10000000001895,0,0,,4737.35446733481,77.0873153334489,836,836.2,837.2,836.7,105.8,105.7,106.1,106.4,1.39,3.86,97.9,0.285,25.4,0.939,23.2,6.9,88.6,14.24,0,-40.6,97.1,0.5836,-13.8,GENERATOR_FAILURE,0.9,,,
109.200000000019,0,0,,4737.995617519869,76.95251541337096,834.7,834.8,836.6,835.5,105.9,106,106,106.2,1.4,3.86,97.9,0.288,25.4,0.936,23.2,6.6,88.6,14.21,0,-40.6,97.1,0.5835,-13.7,GENERATOR_FAILURE,0.9,,,
109.30000000001905,0,0,,4737.66302561104,76.97580764469045,835.7,836.8,835.7,835,105.7,105.5,106.1,105.8,1.403,3.85,97.9,0.284,25.3,0.938,23.3,7.8,88.9,14.21,0,-40,97.1,0.5838,-13.9,GENERATOR_FAILURE,0.9,,,
109.4000000000191,0,0,,4733.925754616801,77.02988794688343,833.7,832.2,835.4,837.6,106,106,105.7,105.6,1.396,3.83,97.9,0.286,25.5,0.942,23.4,6.6,88.7,14.23,0,-41,97.1,0.5833,-13.8,GENERATOR_FAILURE,0.9,,,
109.50000000001916,0,0,,4737.193201036231,76.96291120486681,836.6,836.7,835.4,837.8,105.8,105.6,105.3,105.4,1.392,3.83,98.1,0.282,25.4,0.937,23.3,6.6,88.4,14.21,0,-40.7,97.1,0.5838,-13.8,GENERATOR_FAILURE,0.9,,,
109.53000000001917,0,1,109.61000000001917,4733.823305690851,77.09877319839379,836.6,834.8,835.8,833,106,105.5,106.2,105.8,1.388,3.83,98.1,0.274,25.4,0.939,23.3,7.4,88.9,14.25,0,-40.3,97,0.5825,-13.7,GENERATOR_FAILURE,0.9,GENERATOR_FAILURE,8.6,10.3
109.60000000001921,0,0,,4741.302977615877,77.18836584408746,835.3,834.3,835.9,835.2,105.7,105.9,106.2,106.2,1.395,3.86,98,0.283,25.4,0.942,23.3,7.5,88.5,14.25,0,-40.3,97.1,0.5837,-13.8,GENERATOR_FAILURE,0.9,,,
109.70000000001926,0,0,,4737.147551993027,77.06602204958725,833.9,836.9,834.5,835.1,105.7,106.3,105.8,105.7,1.395,3.85,98.2,0.286,25.5,0.94,23.3,7,88.5,14.23,0,-40.3,97.1,0.5835,-13.7,GENERATOR_FAILURE,0.9,,,
109.80000000001931,0,0,,4741.583671092136,77.06992659038963,836.1,835,837.6,835.8,106,106.1,105.8,106.2,1.396,3.84,98,0.27,25.4,0.939,23.3,6.8,88.3,14.22,0,-40.2,97,0.583,-13.6,GENERATOR_FAILURE,0.9,,,
109.90000000001936,0,0,,4738.231111530997,76.79828685405498,836.5,835.2,834.6,835.2,105.6,105.7,106.1,105.8,1.409,3.84,98.1,0.289,25.4,0.937,23.4,6.8,88.6,14.17,0,-40,97,0.5841,-13.7,GENERATOR_FAILURE,0.9,,,
110.00000000001941,0,0,,4744.895186450195,76.90518856390267,835.5,835.5,836,835,105.5,105.6,105.7,105.3,1.403,3.86,98.1,0.28,25.3,0.942,23.4,6.1,88.2,14.18,0,-39.9,97,0.5837,-13.8,GENERATOR_FAILURE,0.9,,,
110.10000000001946,0,0,,4740.912035935101,77.04158682945213,834.6,834.4,836.5,835.6,105.7,105.8,106.2,105.6,1.398,3.84,98,0.269,25.4,0.944,23.3,7.4,88.6,14.22,0,-39.4,97.1,0.5837,-13.9,GENERATOR_FAILURE,0.9,,,
110.20000000001951,0,0,,4733.172206860435,77.07385123182856,833.6,837.4,834.9,834,105.9,106.4,105.5,105.5,1.4,3.87,98,0.29,25.5,0.94,23.4,6.1,88.8,14.24,0,-39.3,97,0.5836,-13.9,GENERATOR_FAILURE,0.9,,,
110.30000000001957,0,0,,4746.872057655308,77.04393389754968,835.7,834.9,835,835.4,106.3,105.9,105.7,104.9,1.393,3.86,98,0.272,25.5,0.942,23.4,8,88.6,14.2,0,-39.6,97.1,0.5835,-13.5,GENERATOR_FAILURE,0.9,,,
110.40000000001962,0,0,,4748.881404958662,77.10371739063167,836.1,836.4,835.2,834.3,105.5,106,105.7,105.6,1.402,3.81,98,0.276,25.5,0.942,23.4,7.2,88.5,14.21,0,-38.8,97.1,0.5827,-13.7,GENERATOR_FAILURE,0.9,,,
110.50000000001967,0,0,,4741.137598505902,77.03285663199773,836.3,834.1,836.1,835.5,106.6,105.9,106.1,106.1,1.4,3.84,98.1,0.285,25.5,0.947,23.4,7.1,88.5,14.21,0,-38.7,97,0.5833,-13.8,GENERATOR_FAILURE,0.9,,,
110.59000000001971,0,1,110.67000000001971,4743.29982648885,76.95079161156578,837.7,836.5,836.1,834.9,106.2,106,106.1,106.1,1.391,3.85,97.9,0.272,25.4,0.94,23.4,7.4,88.3,14.19,0,-38.5,97,0.5831,-13.8,GENERATOR_FAILURE,0.9,GENERATOR_FAILURE,7.5,10.5
110.60000000001972,0,0,,4736.779534533558,77.21140563899456,834.4,836.8,835.6,833,105.8,106.3,105.5,105.9,1.399,3.83,98.1,0.268,25.5,0.941,23.5,6.7,88.2,14.26,0,-38.7,97,0.5836,-13.7,GENERATOR_FAILURE,0.9,,,
110.70000000001977,0,0,,4735.562617917282,76.96904326322104,836.2,837.2,832.9,834.1,105.9,105.7,106,105.5,1.4,3.87,98,0.289,25.3,0.941,23.4,7,88.6,14.22,0,-39,97,0.5835,-13.7,GENERATOR_FAILURE,0.9,,,
110.80000000001982,0,0,,4739.332577569842,77.05806233182791,834.7,837,834.8,835.9,105.5,105.8,106.1,105.7,1.392,3.83,98,0.283,25.5,0.939,23.4,6.7,88.8,14.22,0,-38.8,96.9,0.5834,-13.8,GENERATOR_FAILURE,0.9,,,
110.90000000001987,0,0,,4739.771911428509,76.95526833479231,835.2,834.1,837.6,835.5,105.8,106.2,106.2,105.8,1.402,3.86,98,0.279,25.3,0.942,23.4,6.7,88.7,14.2,0,-38.6,97,0.5829,-13.9,GENERATOR_FAILURE,0.9,,,
111.00000000001992,0,0,,4739.152724130638,76.90620565558353,833.7,835.3,834.1,834,105.8,106.1,106.2,105.8,1.396,3.85,97.9,0.273,25.3,0.942,23.3,7.2,88.6,14.19,0,-38.7,96.9,0.5833,-13.8,GENERATOR_FAILURE,0.9,,,
111.10000000001997,0,0,,4740.964155725375,77.0355669986894,835.3,836.3,834.7,836,105.8,105.7,105.3,106.3,1.394,3.83,98.2,0.279,25.4,0.944,23.5,7.1,88.5,14.21,0,-38.7,96.9,0.5834,-13.7,GENERATOR_FAILURE,0.9,,,
111.20000000002003,0,0,,4738.540444034637,76.91483182233009,836.9,835.3,834.2,834.8,106.2,105.7,105.6,106.5,1.39,3.83,97.9,0.294,25.3,0.941,23.4,6.8,88.5,14.2,0,-38.4,97,0.5839,-13.7,GENERATOR_FAILURE,0.9,,,
111.30000000002008,0,0,,4736.285065485542,77.0306252643665,837.1,836.5,837.5,836.3,105.6,106,105.6,105.4,1.4,3.84,98.1,0.286,25.4,0.939,23.5,7,88.3,14.23,0,-38.1,96.9,0.5822,-13.5,GENERATOR_FAILURE,0.9,,,
111.40000000002013,0,0,,4741.8102261476215,76.85937132777454,836.2,835.7,837.6,838,105.9,106.1,105.8,106.2,1.389,3.87,97.9,0.28,25.4,0.937,23.4,7.2,88.3,14.18,0,-38.4,96.9,0.5842,-13.8,GENERATOR_FAILURE,0.9,,,
111.50000000002018,0,0,,4738.8953656385975,77.06940359828654,833.3,833.9,834.7,838,105.5,105.1,105.4,105.4,1.404,3.88,97.7,0.284,25.4,0.941,23.4,7.5,88.4,14.23,0,-38.6,96.9,0.5834,-13.7,GENERATOR_FAILURE,0.9,,,
111.59000000002023,0,1,111.67000000002022,4742.426592074256,77.06549664195693,835.6,836.6,835.6,835.8,105.6,105.8,105.5,105.6,1.39,3.87,98.2,0.283,25.4,0.94,23.4,7.1,88.8,14.22,0,-38.9,97,0.5837,-13.7,GENERATOR_FAILURE,0.9,GENERATOR_FAILURE,13.5,10.5
111.60000000002023,0,0,,4741.092359229307,77.25198003953074,836.7,834.2,836.6,834.7,105.4,106.2,106.3,105.6,1.412,3.84,98,0.268,25.5,0.939,23.4,7.4,88.4,14.26,0,-39.2,97,0.5832,-13.7,GENERATOR_FAILURE,0.9,,,
111.70000000002028,0,0,,4737.1380708741335,77.19620838470809,837,835.4,837.8,834.5,106.3,105.5,105.3,105.5,1.399,3.83,97.8,0.279,25.4,0.938,23.4,7.1,88.6,14.26,0,-38.9,97,0.5825,-14,GENERATOR_FAILURE,0.9,,,
111.80000000002033,0,0,,4735.175144594465,77.13677589363533,834.8,835.5,833.8,834,106,105.8,106,105.9,1.399,3.84,97.9,0.283,25.4,0.933,23.4,6.9,87.9,14.25,0,-38.9,96.9,0.5829,-13.8,GENERATOR_FAILURE,0.9,,,
111.90000000002038,0,0,,4745.586353718372,76.9163551839408,835.8,834.6,835.9,835.3,105.7,105.7,105.7,105.9,1.394,3.85,97.9,0.284,25.3,0.941,23.4,6.8,88.6,14.18,0,-38.6,96.9,0.5836,-13.8,GENERATOR_FAILURE,0.9,,,
112.00000000002044,0,0,,4740.26522713641,77.08763567143922,834.9,834.2,834.7,837.2,106.3,105.7,105.5,106.2,1.395,3.83,97.9,0.276,25.4,0.942,23.4,6.8,88.4,14.23,0,-38.5,96.9,0.5829,-13.6,GENERATOR_FAILURE,0.9,,,
112.10000000002049,0,0,,4744.513507846831,77.03726793126675,833.8,835.9,833.9,835.8,105.8,105.8,105.9,105.8,1.4,3.85,98.1,0.268,25.5,0.943,23.4,7.2,88.5,14.21,0,-38.2,96.9,0.5834,-13.6,GENERATOR_FAILURE,0.9,,,
112.20000000002054,0,0,,4742.499939860606,77.23644415670664,835.8,833.8,835.6,836.7,106,105.9,106.1,105.9,1.404,3.86,98.1,0.288,25.5,0.938,23.4,6.4,88.5,14.25,0,-38.7,97,0.5836,-13.7,GENERATOR_FAILURE,0.9,,,
112.30000000002059,0,0,,4738.543685472095,76.91335880778205,836.1,835.5,837.8,834.4,105.7,105.5,105.3,105.6,1.388,3.82,97.9,0.272,25.4,0.939,23.4,6.6,88.6,14.2,0,-38.6,96.9,0.5835,-13.8,GENERATOR_FAILURE,0.9,,,
112.40000000002064,0,0,,4739.368928295398,76.94279631517094,835.3,837,834.3,832.9,105.3,105.7,105.4,105.3,1.399,3.86,98,0.276,25.4,0.939,23.4,7.2,88.4,14.2,0,-38.6,96.9,0.5835,-13.7,GENERATOR_FAILURE,0.9,,,
112.50000000002069,0,0,,4743.3829235993935,77.14895204972295,835.7,836.3,835,837.2,105.9,105.5,105.8,106,1.403,3.85,98,0.276,25.5,0.933,23.4,6.8,88.3,14.23,0,-38.6,96.9,0.5837,-13.8,GENERATOR_FAILURE,0.9,,,
112.60000000002074,0,0,,4749.013935753536,77.11125523312849,834.4,834.6,834.7,833.6,105.7,105.9,105.2,105.7,1.399,3.86,98,0.283,25.5,0.943,23.5,5.8,89,14.21,0,-38.7,96.9,0.5834,-13.8,GENERATOR_FAILURE,0.9,,,
112.60000000002074,0,1,112.68000000002074,4749.013935753536,77.11125523312849,834.4,834.6,834.7,833.6,105.7,105.9,105.2,105.7,1.399,3.86,98,0.283,25.5,0.943,23.5,5.8,89,14.21,0,-38.7,96.9,0.5834,-13.8,GENERATOR_FAILURE,0.9,GENERATOR_FAILURE,10,10.5
112.7000000000208,0,0,,4742.189794103143,77.04436683674068,838.8,836.2,834.1,834.9,105.9,105.7,105.7,105.4,1.401,3.82,98.1,0.28,25.4,0.937,23.4,6.8,88.2,14.21,0,-38.7,96.8,0.5845,-13.9,GENERATOR_FAILURE,0.9,,,
112.80000000002084,0,0,,4744.1250898137105,77.04432709598387,835.5,835.6,836.7,835.5,106,105.7,106.1,105.5,1.398,3.81,97.9,0.299,25.3,0.942,23.3,6.8,88.5,14.21,0,-38.6,96.9,0.5836,-13.8,GENERATOR_FAILURE,0.9,,,
112.9000000000209,0,0,,4736.587963048195,77.09882218839657,834.9,834.3,833.9,836.3,106,106.1,105.7,105.8,1.397,3.85,97.9,0.281,25.4,0.936,23.4,6.7,88.2,14.24,0,-37.8,96.9,0.5836,-13.7,GENERATOR_FAILURE,0.9,,,
113.00000000002095,0,0,,4742.462937961086,77.17983422770146,836.6,834.1,838.2,833.3,106.2,105.7,105.8,106,1.391,3.85,98,0.281,25.5,0.947,23.4,6.5,88.6,14.24,0,-37.7,96.8,0.584,-13.7,GENERATOR_FAILURE,0.9,,,
113.100000000021,0,0,,4749.739688799232,77.16543762552718,834.8,835.5,835,834.9,106.1,105.6,105.6,105.3,1.401,3.85,98,0.259,25.4,0.936,23.5,7.6,88.5,14.22,0,-38.2,96.9,0.5839,-13.8,GENERATOR_FAILURE,0.9,,,
113.20000000002105,0,0,,4741.590000747739,76.96557018299256,835,836.3,834.4,837.5,105.7,105.9,105.8,105.9,1.401,3.84,97.9,0.27,25.5,0.936,23.4,6.9,88.7,14.2,0,-38.1,96.8,0.5835,-13.6,GENERATOR_FAILURE,0.9,,,
113.3000000000211,0,0,,4741.802211380621,77.18592825725737,838.2,837.1,833.8,837.6,105.5,106,105.3,105.4,1.402,3.86,98,0.283,25.4,0.937,23.5,5.8,88.4,14.24,0,-38.5,96.8,0.5831,-13.8,GENERATOR_FAILURE,0.9,,,
113.40000000002115,0,0,,4733.816080956058,77.19059482272904,835,837.6,838,838.2,105.9,105.3,106.1,105.8,1.404,3.85,97.9,0.286,25.5,0.939,23.4,5.7,88.3,14.27,0,-37.7,96.8,0.5834,-13.7,GENERATOR_FAILURE,0.9,,,
113.5000000000212,0,0,,4750.7790935811445,77.44853445919235,836.6,836.5,835.1,835.6,106.2,105.9,105.6,105.5,1.396,3.82,97.9,0.293,25.7,0.932,23.5,6.6,88.4,14.27,0,-37.6,96.8,0.5835,-13.6,GENERATOR_FAILURE,0.9,,,
113.60000000002125,0,0,,4736.9915971315995,77.04210383953851,834.8,834.8,835.9,835.4,105.4,105.6,106.1,106.6,1.411,3.85,97.8,0.276,25.4,0.944,23.4,7.1,88.4,14.23,0,-37.5,96.8,0.5836,-13.6,GENERATOR_FAILURE,0.9,,,
113.61000000002126,0,1,113.69000000002126,4740.88283441317,77.07115929699775,835.8,836.1,834.9,833.8,105.5,105.7,105.8,105.7,1.396,3.85,98,0.268,25.5,0.942,23.5,6.9,88,14.22,0,-37.6,96.8,0.5832,-13.7,GENERATOR_FAILURE,0.9,GENERATOR_FAILURE,12,11.8
113.7000000000213,0,0,,4745.938482284679,77.1939698449643,835,836.2,838.2,835.9,105.2,105.8,105.7,105.3,1.404,3.86,98.1,0.271,25.5,0.942,23.4,7.3,88.5,14.23,0,-37.3,96.8,0.584,-13.8,GENERATOR_FAILURE,0.9,,,
113.80000000002136,0,0,,4755.372294103161,76.9977088858017,835.8,834.9,836.3,838.5,105.7,105.8,105.7,105.5,1.402,3.85,98,0.281,25.4,0.941,23.6,7.4,88.4,14.17,0,-37,96.8,0.5841,-13.8,GENERATOR_FAILURE,0.9,,,
113.90000000002141,0,0,,4750.731674690682,77.1836913204019,835.3,834.7,833,835.4,105.7,105.5,105.2,105.6,1.397,3.87,97.9,0.269,25.5,0.936,23.5,7.4,88.4,14.22,0,-36.4,96.8,0.5835,-13.7,GENERATOR_FAILURE,0.9,,,
114.00000000002146,0,0,,4746.273679634853,77.26328782254565,835.6,833.4,835.5,835.4,106.2,105.6,105.1,105.2,1.401,3.83,98,0.28,25.5,0.937,23.5,7,88.2,14.25,0,-36,96.8,0.5835,-13.7,GENERATOR_FAILURE,0.9,,,
114.10000000002151,0,0,,4739.360719469923,77.15058370286707,835.7,836.8,837.3,837.1,105.6,105.9,106,105.9,1.4,3.86,98.1,0.279,25.6,0.943,23.5,7.6,88.6,14.24,0,-35.9,96.7,0.5839,-13.6,GENERATOR_FAILURE,0.9,,,
114.20000000002156,0,0,,4749.019039445367,76.94303819739308,835.9,835.2,835.2,836.3,105.9,105.4,105.5,105.6,1.397,3.84,97.8,0.281,25.5,0.942,23.5,7.1,88.3,14.17,0,-35.7,96.8,0.5837,-13.8,GENERATOR_FAILURE,0.9,,,
114.30000000002161,0,0,,4740.17566951757,77.10789813367448,836.2,836.4,834.4,836.3,105.7,105.6,105.4,106.2,1.397,3.81,98.1,0.273,25.5,0.944,23.5,7.2,88.6,14.23,0,-35.8,96.8,0.5832,-13.8,GENERATOR_FAILURE,0.9,,,
114.40000000002166,0,0,,4747.430487104133,77.18689532265353,836.8,835.3,836.9,836.8,105.3,105.9,105.7,106.1,1.399,3.82,97.8,0.28,25.5,0.94,23.6,7.7,88.4,14.23,0,-35.4,96.7,0.5834,-13.7,GENERATOR_FAILURE,0.9,,,
114.50000000002171,0,0,,4744.6950811752795,77.26726247750275,836.3,835,838.5,833.8,105.9,105.7,105.7,105.5,1.396,3.86,98.2,0.289,25.4,0.939,23.5,7.5,88.2,14.25,0,-35.7,96.7,0.5838,-13.8,GENERATOR_FAILURE,0.9,,,
114.60000000002177,0,0,,4745.721766905545,77.11952663546859,838,835.7,835.5,834.9,105.5,105.8,105.2,106,1.409,3.84,98.1,0.284,25.5,0.944,23.5,7.7,88.4,14.22,0,-36,96.7,0.5836,-13.7,GENERATOR_FAILURE,0.9,,,
114.61000000002177,0,1,114.69000000002177,4745.832658003891,77.18177673559788,837.2,836.5,835.1,834.8,105.6,105.6,105.4,105.2,1.401,3.89,97.9,0.269,25.5,0.944,23.5,7.2,88.3,14.23,0,-36,96.7,0.5832,-13.6,GENERATOR_FAILURE,0.9,GENERATOR_FAILURE,16,10.4
114.70000000002182,0,0,,4739.4692203303475,77.29306808495006,836.7,835,836.6,836,105.5,105.8,105.5,106,1.399,3.84,98,0.275,25.4,0.94,23.5,7.6,88.3,14.27,0,-36.4,96.7,0.5842,-13.8,GENERATOR_FAILURE,0.9,,,
114.80000000002187,0,0,,4748.503505234422,77.2621646891461,837.3,835.6,837,836.2,105,105.3,105.8,105.8,1.391,3.85,98,0.268,25.5,0.94,23.6,6.6,88.2,14.24,0,-36.3,96.9,0.5836,-13.7,GENERATOR_FAILURE,0.9,,,
114.90000000002192,0,0,,4752.867185945265,77.2646454361781,834.4,835.8,834.6,835.7,105.7,106,105.2,106,1.404,3.85,98,0.286,25.6,0.941,23.5,6.9,88.1,14.23,0,-36.3,96.7,0.5836,-13.7,GENERATOR_FAILURE,0.9,,,
115.00000000002197,0,0,,4747.330083765023,77.29940859561025,835.2,834.9,836.5,835.2,106.1,105,105.5,105.4,1.4,3.83,97.9,0.284,25.4,0.937,23.6,7.2,88.3,14.25,0,-36.1,96.8,0.5832,-13.7,GENERATOR_FAILURE,0.9,,,
115.10000000002202,0,0,,4747.130865300641,77.28923603573598,837.5,836.3,833.8,836.7,105.7,105.7,105.6,105.8,1.409,3.86,98.1,0.281,25.5,0.943,23.5,7.3,88.6,14.25,0,-36.1,96.7,0.5837,-13.9,GENERATOR_FAILURE,0.9,,,
115.20000000002207,0,0,,4750.186202656753,77.24464306634913,836,836.1,833.2,834.6,105.7,105.8,105.6,106.1,1.397,3.88,98,0.269,25.5,0.94,23.5,7.1,88.5,14.23,0,-36,96.7,0.5841,-13.7,GENERATOR_FAILURE,0.9,,,
115.30000000002212,0,0,,4750.491240616209,77.28593027187308,835.8,835.3,834.7,836.8,105.5,105.1,105.4,105.9,1.397,3.86,97.9,0.282,25.5,0.935,23.6,6,88.5,14.24,0,-35.2,96.7,0.5847,-13.8,GENERATOR_FAILURE,0.9,,,
115.40000000002217,0,0,,4742.347334216788,77.22963599492887,834,836.8,835,835.7,105.1,105.6,105.7,105.2,1.404,3.85,98.2,0.287,25.5,0.935,23.6,7,88.6,14.25,0,-35.3,96.8,0.5834,-14,GENERATOR_FAILURE,0.9,,,
115.50000000002223,0,0,,4752.869040015532,77.26794119165366,837.5,836.9,838.1,838,106.1,105.4,105.4,105.7,1.397,3.84,98,0.28,25.5,0.937,23.6,6.7,88.1,14.23,0,-35,96.7,0.5835,-13.8,GENERATOR_FAILURE,0.9,,,
115.60000000002228,0,0,,4743.749955721816,77.23457371897616,835.8,835.8,837.5,835.7,105.2,105.2,105.6,105.9,1.401,3.82,97.8,0.275,25.5,0.943,23.6,7,88.6,14.25,0,-35.3,96.7,0.5829,-13.8,GENERATOR_FAILURE,0.9,,,
115.63000000002229,0,1,115.71000000002229,4749.105144993733,77.19268008916512,836.6,834.8,834.9,837.4,105.2,105.4,105.3,105.3,1.403,3.85,97.8,0.284,25.4,0.938,23.6,6.4,88.5,14.22,0,-35.2,96.7,0.5834,-13.7,GENERATOR_FAILURE,0.9,GENERATOR_FAILURE,13.6,10.5
115.70000000002233,0,0,,4750.4831409922535,77.32005284494848,836.7,835.5,833.1,835,105.4,105.6,105.5,106,1.398,3.83,97.9,0.283,25.6,0.936,23.6,7.1,88.7,14.25,0,-35.4,96.7,0.5842,-13.7,GENERATOR_FAILURE,0.9,,,
115.80000000002238,0,0,,4753.533081516888,77.23420280450183,835.2,836.3,836.1,833.2,104.7,105.6,106.2,105.4,1.398,3.82,97.8,0.281,25.5,0.945,23.6,7.2,88.6,14.22,0,-35,96.7,0.5829,-13.7,GENERATOR_FAILURE,0.9,,,
115.90000000002243,0,0,,4753.964744698055,77.43787875713038,834.3,835,834.6,835.2,105.7,105.6,105.1,105.6,1.393,3.83,98,0.283,25.5,0.94,23.6,7.7,88.3,14.26,0,-35,96.7,0.5838,-13.7,GENERATOR_FAILURE,0.9,,,
116.00000000002248,0,0,,4750.879407467148,77.29530791710499,836.4,835.2,835.6,836.2,105.4,106.2,105.9,105.8,1.408,3.87,97.7,0.261,25.5,0.941,23.5,7.4,88.3,14.24,0,-34.9,96.6,0.5834,-13.9,GENERATOR_FAILURE,0.9,,,
116.10000000002253,0,0,,4748.918742345198,77.26724979360833,836.9,836.4,836.5,836.8,105.8,105.3,106.4,105.7,1.399,3.83,97.9,0.272,25.5,0.937,23.6,6.6,88.5,14.24,0,-34.9,96.6,0.583,-13.8,GENERATOR_FAILURE,0.9,,,
116.20000000002258,0,0,,4745.763320268401,77.38334217062769,836.3,836.9,835.5,835.7,105.4,105.8,105.7,105.5,1.405,3.88,98,0.26,25.6,0.94,23.6,6.8,88.5,14.27,0,-35,96.6,0.5837,-13.6,GENERATOR_FAILURE,0.9,,,
116.30000000002264,0,0,,4753.550097389944,77.28634212267364,835.3,834.4,836.4,834.8,105.3,105.8,106,105.7,1.397,3.86,97.8,0.287,25.4,0.943,23.6,7.4,88.6,14.23,0,-34.5,96.6,0.5835,-13.6,GENERATOR_FAILURE,0.9,,,
116.40000000002269,0,0,,4747.89759320797,77.17292578073031,836.1,834.1,835.4,835.9,105.7,106.1,105.5,105.7,1.403,3.85,98,0.291,25.4,0.934,23.6,6.4,88.8,14.22,0,-35,96.6,0.5839,-13.7,GENERATOR_FAILURE,0.9,,,
116.50000000002274,0,0,,4757.414591458999,77.36489348555646,835.1,835.1,836.2,838.7,105.3,105.8,105.7,105.9,1.41,3.85,98,0.284,25.6,0.936,23.7,7,88.7,14.24,0,-34.7,96.7,0.5827,-13.7,GENERATOR_FAILURE,0.9,,,
116.60000000002279,0,0,,4747.747469062649,77.2579764051872,836.4,837.5,834,837.3,105.8,106.1,105.4,105.6,1.399,3.81,98,0.274,25.4,0.939,23.5,6,88.3,14.24,0,-34.7,96.6,0.5829,-13.5,GENERATOR_FAILURE,0.9,,,
116.69000000002283,0,1,116.77000000002283,4756.3313680998535,77.24990201568161,834.8,834.1,835.6,836.4,105.4,105.3,105.7,105.6,1.405,3.88,98,0.286,25.5,0.942,23.5,6.7,88.5,14.22,0,-34.9,96.6,0.5833,-13.7,GENERATOR_FAILURE,0.9,GENERATOR_FAILURE,14.4,11.2
116.70000000002284,0,0,,4758.395902943352,77.34671484258526,836.4,836.6,837.3,834.4,105.6,105.4,105.4,106,1.404,3.84,97.9,0.293,25.6,0.938,23.5,6.5,88.5,14.23,0,-35.2,96.6,0.5839,-13.8,GENERATOR_FAILURE,0.9,,,
116.80000000002289,0,0,,4749.005885305116,77.29809515685061,838.5,835.5,835.3,836.9,106,105.4,106,105.7,1.401,3.85,97.9,0.27,25.5,0.938,23.6,6.9,88.3,14.25,0,-34.9,96.6,0.5837,-13.5,GENERATOR_FAILURE,0.9,,,
116.90000000002294,0,0,,4752.244249966617,77.38767240659058,836.2,835.7,833.9,835.7,105.9,105.7,105.6,106,1.399,3.83,97.9,0.278,25.5,0.943,23.6,6.7,88.4,14.26,0,-35.3,96.7,0.5826,-13.9,GENERATOR_FAILURE,0.9,,,
117.000000000023,0,0,,4755.204581980961,77.4963988106672,834.4,836.7,837.3,835.4,105.7,105.6,106,106,1.398,3.87,97.9,0.273,25.6,0.942,23.4,7,88.6,14.27,0,-35.3,96.6,0.5829,-13.8,GENERATOR_FAILURE,0.9,,,
117.10000000002304,0,0,,4753.722459813856,77.3802212366032,835.9,835.7,834.5,835.5,105.3,105.9,105.7,106,1.401,3.88,97.9,0.295,25.5,0.945,23.6,7.2,89,14.25,0,-35.8,96.6,0.5833,-13.7,GENERATOR_FAILURE,0.9,,,
117.2000000000231,0,0,,4757.353526644369,77.43269304766014,839.6,834.3,837.8,835.3,105,105.6,105.7,105.5,1.399,3.91,97.9,0.278,25.6,0.937,23.5,7.3,88.4,14.25,0,-35.6,96.6,0.5838,-13.7,GENERATOR_FAILURE,0.9,,,
117.30000000002315,0,0,,4759.132122416878,77.38112524722688,835.7,836.5,835.9,835.5,106,105.3,106.1,106.2,1.403,3.86,97.9,0.286,25.6,0.939,23.5,6.6,88.4,14.24,0,-35.7,96.6,0.5831,-13.7,GENERATOR_FAILURE,0.9,,,
117.4000000000232,0,0,,4757.296161070999,77.40331370397348,836.1,837.4,836.7,836.7,105.9,105.3,105.8,106.2,1.409,3.85,97.8,0.292,25.5,0.943,23.6,7.4,88.1,14.25,0,-35.3,96.7,0.583,-13.8,GENERATOR_FAILURE,0.9,,,
117.50000000002325,0,0,,4752.206929671554,77.42675113871825,835.1,836.4,834.5,837.3,105.2,105.9,105.8,106.1,1.409,3.86,98,0.262,25.6,0.939,23.6,6.8,89,14.27,0,-35.7,96.4,0.584,-13.6,GENERATOR_FAILURE,0.9,,,
117.6000000000233,0,0,,4753.483253827041,77.42282255181684,836.5,837.8,835.7,836.2,105.6,105.4,105.9,105.5,1.406,3.87,97.9,0.28,25.5,0.939,23.6,6.8,88,14.26,0,-35.6,96.5,0.5835,-13.6,GENERATOR_FAILURE,0.9,,,
117.70000000002335,0,0,,4761.640978677066,77.21037872111275,837.4,837.8,836.3,837.5,106,105.9,105.6,105.4,1.401,3.87,98,0.287,25.4,0.938,23.6,7.3,88.3,14.19,0,-35.3,96.6,0.5841,-13.7,GENERATOR_FAILURE,0.9,,,
117.74000000002337,0,1,117.82000000002337,4755.307928893083,77.55999860959656,834.8,837.2,835.8,836.3,106.1,105.3,105.7,106.3,1.402,3.84,97.9,0.275,25.8,0.94,23.5,6.8,88.8,14.28,0,-35.5,96.6,0.5839,-13.7,GENERATOR_FAILURE,0.9,GENERATOR_FAILURE,12.9,12
117.8000000000234,0,0,,4754.787876193154,77.60030005165054,834.2,834.7,837.7,835.9,105.3,106.1,105.4,105.4,1.398,3.85,98,0.281,25.6,0.935,23.6,6.4,88.3,14.29,0,-35.3,96.5,0.5834,-13.5,GENERATOR_FAILURE,0.9,,,
117.90000000002345,0,0,,4753.121237926928,77.37632969996588,835.7,836.5,837,837.7,105.6,105.9,105.5,105.5,1.405,3.86,97.9,0.272,25.7,0.946,23.6,7.5,88.5,14.25,0,-34.9,96.6,0.5836,-13.8,GENERATOR_FAILURE,0.9,,,
118.0000000000235,0,0,,4762.576989749401,77.44587295924093,834.1,838,834.6,837.4,105.3,105.5,106,105.3,1.399,3.83,97.9,0.29,25.6,0.939,23.6,7.3,88.7,14.24,0,-34.7,96.5,0.584,-13.6,GENERATOR_FAILURE,0.9,,,
118.10000000002356,0,0,,4760.787477149317,77.52874000575119,838.9,838.1,839.3,834.8,106,105.9,105.9,105.6,1.407,3.82,97.9,0.274,25.6,0.941,23.7,7,88,14.26,0,-34.6,96.6,0.5842,-13.7,GENERATOR_FAILURE,0.9,,,
118.2000000000236,0,0,,4758.412423312552,77.49882062867265,836,832.8,834.7,835.6,105.7,105.6,106,105.2,1.406,3.86,97.9,0.266,25.5,0.941,23.6,7.3,88.5,14.26,0,-35.3,96.6,0.5834,-13.6,GENERATOR_FAILURE,0.9,,,
118.30000000002366,0,0,,4762.353264426449,77.62735868067941,834.1,835.5,836.2,836.7,104.9,106.1,105,106.1,1.402,3.88,97.8,0.283,25.6,0.936,23.5,7.4,88.5,14.28,0,-35.1,96.5,0.5836,-13.7,GENERATOR_FAILURE,0.9,,,
118.40000000002371,0,0,,4758.143089774582,77.48947558086115,838.2,837.2,837,836.5,105.9,106.2,105.8,105.4,1.399,3.88,98.1,0.291,25.5,0.938,23.6,7.5,88.4,14.26,0,-35.1,96.5,0.5832,-13.8,GENERATOR_FAILURE,0.9,,,
118.50000000002376,0,0,,4760.023345005218,77.37941125799722,836.8,838.1,836.3,835.1,105.1,105.8,105.6,105.5,1.413,3.83,98.1,0.264,25.6,0.943,23.6,8,88.4,14.23,0,-34.7,96.6,0.583,-13.5,GENERATOR_FAILURE,0.9,,,
118.60000000002381,0,0,,4761.07651022259,77.6345110321199,835.2,838.7,839,837.2,106,105.7,105.3,106.3,1.41,3.85,97.8,0.276,25.7,0.94,23.6,7.1,88.6,14.28,0,-35.5,96.5,0.5842,-13.9,GENERATOR_FAILURE,0.9,,,
118.70000000002386,0,0,,4760.644721088068,77.4512650306059,836.8,835.9,838.3,836.5,105.6,105.3,104.8,105.8,1.412,3.87,98,0.272,25.6,0.943,23.5,6.4,88.8,14.25,0,-35.8,96.6,0.5835,-13.6,GENERATOR_FAILURE,0.9,,,
118.75000000002389,0,1,118.83000000002389,4760.494955256483,77.69918472071453,836.6,837.1,835.5,835.7,105.2,105.5,105.3,105.9,1.401,3.87,97.8,0.28,25.7,0.938,23.5,7.4,88.4,14.3,0,-35.5,96.5,0.5836,-13.8,GENERATOR_FAILURE,0.9,GENERATOR_FAILURE,15.1,11.4
118.80000000002391,0,0,,4758.044626508129,77.64677003029266,838,837.9,837.7,838.8,105.3,105.8,105.6,105.4,1.407,3.83,97.8,0.278,25.7,0.938,23.6,7.2,88.4,14.3,0,-35.4,96.6,0.5832,-13.9,GENERATOR_FAILURE,0.9,,,
118.90000000002397,0,0,,4763.192947049412,77.44203866023469,838.1,835.5,833.5,834.7,105.7,105.3,106,105.4,1.405,3.85,98,0.289,25.6,0.943,23.6,8,88.6,14.24,0,-35.7,96.4,0.584,-13.8,GENERATOR_FAILURE,0.9,,,
119.00000000002402,0,0,,4763.991656840009,77.58024695390897,835.1,836.4,837.7,835,105.7,105.4,105.7,105.3,1.402,3.86,98,0.28,25.6,0.947,23.6,7,88.4,14.26,0,-35.8,96.4,0.5839,-13.6,GENERATOR_FAILURE,0.9,,,
119.10000000002407,0,0,,4762.034777837746,77.74063455315299,837.2,837,837.1,836.3,105.6,105.6,105.3,105.6,1.395,3.89,98,0.285,25.7,0.937,23.5,7,88.7,14.3,0,-36,96.5,0.5836,-13.7,GENERATOR_FAILURE,0.9,,,
119.20000000002412,0,0,,4757.779119513781,77.66036606585618,836,837.6,836.8,836,105.4,105.5,105.4,105.8,1.399,3.85,98,0.277,25.7,0.938,23.6,7.3,88.6,14.3,0,-36.1,96.6,0.5829,-13.8,GENERATOR_FAILURE,0.9,,,
119.30000000002417,0,0,,4762.808171279904,77.39669210466494,837.9,835,837.4,838.2,105.8,105.8,105.5,106.1,1.413,3.88,98.1,0.276,25.5,0.936,23.5,6.9,88.5,14.23,0,-35.8,96.6,0.5827,-13.6,GENERATOR_FAILURE,0.9,,,
119.40000000002422,0,0,,4766.419824619559,77.78488258920774,836.7,836.2,839.5,834.1,105.2,105.7,105.5,106.3,1.411,3.82,97.7,0.276,25.7,0.941,23.5,6.9,88.5,14.3,0,-35.7,96.5,0.5834,-13.7,GENERATOR_FAILURE,0.9,,,
119.50000000002427,0,0,,4767.587491783201,77.59278455294454,834.6,837.6,836.7,839.1,105.6,105.3,106,105.7,1.414,3.85,98,0.278,25.6,0.939,23.5,7.7,88.7,14.26,0,-35.4,96.4,0.583,-13.7,GENERATOR_FAILURE,0.9,,,
119.60000000002432,0,0,,4769.613186281236,77.63425989539206,837.9,836.3,837.9,838,105.9,105.8,105.8,105.2,1.393,3.86,98.1,0.283,25.7,0.937,23.6,6.9,88.4,14.26,0,-35.5,96.5,0.5832,-13.8,GENERATOR_FAILURE,0.9,,,
119.70000000002437,0,0,,4765.667106902618,77.56686852487032,839.1,837.1,839,836.1,105.5,105.9,105.6,105.3,1.411,3.84,97.8,0.289,25.7,0.946,23.5,7.2,88.4,14.26,0,-35.6,96.5,0.5836,-13.6,GENERATOR_FAILURE,0.9,,,
119.80000000002443,0,0,,4763.359699586136,77.81534623012033,839.5,834.8,838.2,838.1,106.3,105.9,105.9,105.9,1.412,3.85,97.8,0.283,25.7,0.938,23.5,7.4,88.5,14.32,0,-35.9,96.4,0.5836,-13.5,GENERATOR_FAILURE,0.9,,,
119.82000000002444,0,1,119.90000000002443,4768.506860607222,77.62370407276026,838.3,837.2,838.2,838.7,104.7,105.9,105.7,105.8,1.409,3.86,97.9,0.285,25.6,0.939,23.5,7,88.7,14.26,0,-35.7,96.5,0.5837,-13.6,GENERATOR_FAILURE,0.9,GENERATOR_FAILURE,13.8,11.7
119.90000000002448,0,0,,4769.0974065861155,77.73845167817841,838.8,836.4,836.3,836.1,105.4,105.1,105.2,105.7,1.411,3.86,97.9,0.262,25.8,0.943,23.5,7.2,88.5,14.28,0,-36.2,96.4,0.5836,-13.7,GENERATOR_FAILURE,0.9,,,
120.00000000002453,0,0,,4770.104593543907,77.78394417115692,836.2,840,837.9,836.6,106.1,105.5,105.8,106,1.416,3.86,97.7,0.292,25.7,0.938,23.4,7.2,88.5,14.29,0,-36.3,96.4,0.5837,-13.7,GENERATOR_FAILURE,0.9,,,
120.10000000002458,0,0,,4761.488320867793,77.7675970063603,836,839.1,838.6,837,105.4,105.6,105.4,105.7,1.409,3.85,98,0.28,25.7,0.938,23.5,7.7,88.4,14.31,0,-36.3,96.5,0.5823,-13.9,GENERATOR_FAILURE,0.9,,,
120.20000000002463,0,0,,4769.357127086316,77.79476049807568,837.8,836.4,838.1,836.8,105.7,105.5,105.4,105.2,1.41,3.85,98,0.294,25.8,0.941,23.5,7.2,88.5,14.29,0,-36.4,96.3,0.5835,-13.7,GENERATOR_FAILURE,0.9,,,
120.30000000002468,0,0,,4780.921618278002,77.76358466464198,840.6,836.5,837.9,840,105.9,105.7,105.8,106.1,1.406,3.86,98,0.301,25.7,0.939,23.6,7,88.8,14.26,0,-36.1,96.4,0.5832,-13.7,GENERATOR_FAILURE,0.9,,,
120.40000000002473,0,0,,4767.153661372725,77.88573818084744,838.5,835.9,836.5,837.1,105.8,105.8,105.5,105.5,1.409,3.82,98.2,0.293,25.7,0.94,23.5,7,88.6,14.32,0,-35.9,96.4,0.5846,-13.9,GENERATOR_FAILURE,0.9,,,
120.50000000002478,0,0,,4772.055551228479,77.96218705739486,837,837,836.3,836.1,105.4,105.1,105.3,105.6,1.419,3.86,97.9,0.276,25.7,0.941,23.6,6.9,88.5,14.32,0,-35.5,96.4,0.5835,-13.8,GENERATOR_FAILURE,0.9,,,
120.60000000002483,0,0,,4766.979350464319,77.8114935823529,838,838.8,839.6,836.2,105.8,106,106,105.7,1.412,3.86,97.8,0.276,25.7,0.942,23.6,6.5,88.3,14.3,0,-35.4,96.4,0.5834,-13.7,GENERATOR_FAILURE,0.9,,,
120.70000000002489,0,0,,4777.219799762978,77.76751003787442,835.8,837.7,842.5,838.2,105.3,105.7,105.6,106,1.406,3.85,98,0.287,25.8,0.94,23.6,7,88.8,14.27,0,-35.5,96.3,0.5835,-13.7,GENERATOR_FAILURE,0.9,,,
120.80000000002494,0,0,,4774.489893650017,77.70754356090853,836.9,835.4,836,834.2,105.7,105.6,105.4,105.4,1.41,3.83,97.9,0.284,25.7,0.94,23.5,7,88.6,14.26,0,-35.3,96.4,0.5828,-13.5,GENERATOR_FAILURE,0.9,,,
120.87000000002497,0,1,120.95000000002497,4770.874692924712,77.81920624071773,836.8,839,839.2,839.6,105.8,105.7,105.1,105.5,1.403,3.84,98.2,0.284,25.7,0.939,23.6,6.3,88.5,14.3,0,-35.2,96.3,0.5835,-13.7,GENERATOR_FAILURE,0.9,GENERATOR_FAILURE,12.5,11.8
120.90000000002499,0,0,,4769.277426673025,78.00742371996748,837,837.9,836.8,838.5,105.2,105.7,105.6,105.9,1.407,3.85,98,0.289,25.9,0.939,23.6,6.5,88.4,14.34,0,-34.9,96.3,0.584,-13.7,GENERATOR_FAILURE,0.9,,,
121.00000000002504,0,0,,4780.99745485552,77.71857877730476,838.6,837.4,837.4,839,105.3,105.8,105.4,105.6,1.416,3.83,98,0.28,25.7,0.939,23.6,6.8,88.6,14.25,0,-34.9,96.3,0.5839,-13.8,GENERATOR_FAILURE,0.9,,,
121.10000000002509,0,0,,4782.708260171169,77.8079924178513,836.4,836.2,836.3,836.6,105.1,105.2,105.4,106.1,1.408,3.84,97.8,0.281,25.6,0.939,23.7,6.6,88.5,14.26,0,-34.8,96.3,0.5845,-13.7,GENERATOR_FAILURE,0.9,,,
121.20000000002514,0,0,,4771.883568217165,77.79879438829128,837.3,836.3,833.9,834.9,105.3,105.8,105,105.6,1.416,3.85,98,0.275,25.7,0.94,23.7,7.3,88.5,14.29,0,-34.6,96.3,0.5839,-13.8,GENERATOR_FAILURE,0.9,,,
121.3000000000252,0,0,,4774.844408487595,77.85642539614811,837.2,837.1,836.8,837.3,105.4,105.6,106.1,105.5,1.411,3.84,98,0.278,25.7,0.943,23.5,7.8,89,14.29,0,-34.2,96.4,0.583,-13.7,GENERATOR_FAILURE,0.9,,,
121.40000000002524,0,0,,4769.055129783086,77.90796461376372,838.5,835.8,838,837.7,105.8,105.4,105.3,105.2,1.405,3.89,97.9,0.29,25.8,0.941,23.6,6.9,88.4,14.32,0,-34.5,96.3,0.5838,-13.6,GENERATOR_FAILURE,0.9,,,
121.5000000000253,0,0,,4780.10407582495,78.05196460105287,836,838.6,839.1,837,105.3,105.3,106,105.4,1.413,3.88,98.2,0.273,25.9,0.935,23.6,7.2,88.5,14.32,0,-33.8,96.4,0.583,-13.8,GENERATOR_FAILURE,0.9,,,
121.60000000002535,0,0,,4778.633021620813,77.87796296968791,837,837.8,837.3,839.5,105.5,105.6,105.8,105.7,1.413,3.83,97.8,0.276,25.7,0.942,23.7,6.8,88.5,14.29,0,-33.8,96.3,0.5835,-13.8,GENERATOR_FAILURE,0.9,,,
121.7000000000254,0,0,,4781.850450574378,77.8617159254298,836.8,838.6,836.6,835,105.7,105.8,105.4,105.3,1.417,3.85,98,0.28,25.7,0.938,23.6,6.3,88.7,14.27,0,-33.5,96.4,0.584,-13.8,GENERATOR_FAILURE,0.9,,,
121.80000000002545,0,0,,4776.137474239901,78.10040781762274,837,837.7,838.4,838.6,106,106,106,105.9,1.413,3.88,97.8,0.272,25.8,0.942,23.7,6.4,88.9,14.34,0,-34,96.4,0.5833,-13.5,GENERATOR_FAILURE,0.9,,,
121.9000000000255,0,0,,4782.338728289388,77.79723590957458,838.4,839.4,839.2,837.8,105.1,106.1,105.6,106.2,1.406,3.84,98,0.287,25.8,0.943,23.7,7.6,88.4,14.26,0,-33.9,96.3,0.5838,-13.7,GENERATOR_FAILURE,0.9,,,
121.93000000002552,0,1,122.01000000002551,4781.415648985201,77.75871103688382,837.9,836.5,837.9,837.3,105.6,105.2,105.6,105.4,1.422,3.85,98.1,0.268,25.7,0.943,23.6,7.5,88.7,14.25,0,-33.9,96.3,0.584,-13.7,GENERATOR_FAILURE,0.9,GENERATOR_FAILURE,11,10.6
122.00000000002555,0,0,,4783.376753381402,78.06096906106433,837,839.1,838.4,839.3,105.3,105.7,105.1,105.6,1.41,3.83,98,0.283,25.8,0.941,23.6,7.7,88.1,14.31,0,-34.3,96.3,0.5833,-13.8,GENERATOR_FAILURE,0.9,,,
122.1000000000256,0,0,,4780.144165818502,77.98127183002758,838.7,836.2,838.9,837.5,105.8,105.6,105.2,105.9,1.415,3.85,97.9,0.277,25.8,0.935,23.7,7.5,88.5,14.3,0,-34.2,96.3,0.5833,-13.9,GENERATOR_FAILURE,0.9,,,
122.20000000002565,0,0,,4775.492993508572,78.03443607390979,837.6,838.6,839,838.7,105.6,105.8,105.2,105.8,1.421,3.84,97.9,0.281,25.8,0.936,23.6,7.2,88.7,14.33,0,-34.3,96.3,0.5841,-13.6,GENERATOR_FAILURE,0.9,,,
122.3000000000257,0,0,,4778.80688748632,77.95822728413617,837.4,837.7,841.7,839.3,105.4,105.3,105.8,105.8,1.41,3.88,97.8,0.278,25.7,0.937,23.6,6.6,88.6,14.3,0,-34.1,96.3,0.5828,-13.8,GENERATOR_FAILURE,0.9,,,
122.40000000002576,0,0,,4781.669024233256,78.09644457429815,837.2,837.5,838,837.4,105.5,105.5,105.4,105.8,1.415,3.89,97.9,0.288,25.9,0.94,23.6,7.1,88.4,14.32,0,-33.8,96.3,0.5832,-13.9,GENERATOR_FAILURE,0.9,,,
122.5000000000258,0,0,,4777.255018648313,78.06346854955585,836.6,836.3,839.9,837.4,105.3,105.5,105.5,105.1,1.414,3.81,97.8,0.275,25.9,0.934,23.7,6.9,88.3,14.33,0,-33.8,96.2,0.5837,-13.7,GENERATOR_FAILURE,0.9,,,
122.60000000002586,0,0,,4780.866224247181,78.01475004648799,836.7,838.2,836.4,838.9,105.8,105.3,105.9,105.9,1.412,3.85,98,0.293,25.7,0.939,23.6,6.4,88.5,14.31,0,-33.9,96.3,0.5829,-13.6,GENERATOR_FAILURE,0.9,,,
122.70000000002591,0,0,,4785.08494012091,78.03645934719542,839.1,839.4,837.8,837.8,105.6,105.4,106.1,106,1.422,3.82,98,0.291,25.8,0.936,23.6,7.4,88.3,14.3,0,-34.3,96.2,0.584,-13.7,GENERATOR_FAILURE,0.9,,,
122.80000000002596,0,0,,4782.76153672221,78.06850166220335,838.3,838.8,839.9,838.4,105.8,105.6,105.3,105.9,1.413,3.86,97.9,0.28,25.9,0.937,23.7,7.4,88.4,14.31,0,-34,96.3,0.5832,-13.8,GENERATOR_FAILURE,0.9,,,
122.90000000002601,0,0,,4784.454860076684,78.20229864022029,839,837.2,839.4,837.5,105.2,105.9,105.5,105.7,1.416,3.87,97.8,0.294,25.9,0.942,23.5,7.4,88.4,14.34,0,-34,96.2,0.5834,-13.8,GENERATOR_FAILURE,0.9,,,
122.95000000002604,0,1,123.03000000002604,4783.240208203487,78.1872671993353,840.4,838.8,835.2,839.1,105.8,105.3,105.3,105.6,1.409,3.85,97.9,0.287,25.8,0.939,23.6,7.4,88.5,14.34,0,-34.1,96.2,0.5838,-13.8,GENERATOR_FAILURE,0.9,GENERATOR_FAILURE,8.6,10.4
123.00000000002606,0,0,,4784.135933207716,78.20124216934124,836.6,838.7,839.1,838.1,105.6,105.6,106,105.4,1.412,3.83,98,0.286,25.9,0.942,23.6,7.1,88.6,14.34,0,-34.1,96.3,0.5838,-13.6,GENERATOR_FAILURE,0.9,,,
123.10000000002611,0,0,,4787.142489242177,78.11407773225476,838.4,840.4,836.9,837.9,105.6,105.6,105.6,105.9,1.415,3.83,97.9,0.291,25.8,0.94,23.5,6.7,88.6,14.31,0,-34.3,96.3,0.584,-13.8,GENERATOR_FAILURE,0.9,,,
123.20000000002617,0,0,,4787.038465010477,78.11872071497143,838.1,839.8,838.4,835.2,106,105.5,105,105.6,1.418,3.87,97.8,0.268,25.8,0.938,23.6,7.6,88.9,14.31,0,-34,96.2,0.5838,-13.9,GENERATOR_FAILURE,0.9,,,
123.30000000002622,0,0,,4781.764673672906,78.16955949438695,837.2,839.2,839.5,840.7,105.8,105.7,105.4,105.4,1.428,3.84,98,0.274,25.9,0.944,23.6,7,88.5,14.34,0,-34.3,96.3,0.5843,-13.8,GENERATOR_FAILURE,0.9,,,
123.40000000002627,0,0,,4789.362391814765,78.2657757347371,837.9,839.1,840.5,837.8,105.2,105.9,105.3,105.8,1.41,3.85,97.7,0.291,26,0.941,23.6,6.8,88.3,14.34,0,-34.3,96.2,0.5834,-13.7,GENERATOR_FAILURE,0.9,,,
123.50000000002632,0,0,,4786.926492531177,78.19599988167538,836.4,838.2,838.2,837,106,105.2,106.1,105.7,1.427,3.82,97.9,0.281,25.9,0.941,23.6,7,88.3,14.33,0,-34.8,96.1,0.5835,-13.6,GENERATOR_FAILURE,0.9,,,
123.60000000002637,0,0,,4786.823973104975,78.17434475386878,838.3,837.6,840.6,838.8,105.6,105.7,105.6,106.3,1.412,3.83,97.8,0.277,26,0.939,23.6,6.8,88.9,14.32,0,-34.8,96.2,0.5831,-13.8,GENERATOR_FAILURE,0.9,,,
123.70000000002642,0,0,,4782.893902963609,78.28636358084697,837.4,838.7,843.4,838.9,106,105.8,105.6,106,1.418,3.83,98,0.271,25.9,0.94,23.6,6.3,88.3,14.36,0,-34.9,96.2,0.5833,-13.7,GENERATOR_FAILURE,0.9,,,
123.80000000002647,0,0,,4787.84228981537,78.095161182584,839.7,839.2,837.4,838.1,106,105.7,105.6,105.9,1.422,3.84,97.8,0.279,25.8,0.942,23.6,7.4,88.5,14.31,0,-34.4,96.3,0.5825,-13.8,GENERATOR_FAILURE,0.9,,,
123.90000000002652,0,0,,4786.3607737404855,78.14100255607387,836.9,839.8,840.1,840.1,105.8,105.6,105,105.6,1.42,3.87,97.9,0.288,25.8,0.939,23.6,7.6,88.6,14.32,0,-34.5,96.2,0.5835,-13.7,GENERATOR_FAILURE,0.9,,,
124.00000000002657,0,0,,4790.081759413464,78.2966851275019,839.8,837.3,840,839.9,104.8,105.7,104.9,105.1,1.419,3.83,97.7,0.267,26,0.94,23.6,7.4,88.7,14.34,0,-34.6,96.2,0.5829,-13.7,GENERATOR_FAILURE,0.9,,,
124.00000000002657,0,1,124.08000000002657,4790.081759413464,78.2966851275019,839.8,837.3,840,839.9,104.8,105.7,104.9,105.1,1.419,3.83,97.7,0.267,26,0.94,23.6,7.4,88.7,14.34,0,-34.6,96.2,0.5829,-13.7,GENERATOR_FAILURE,0.9,GENERATOR_FAILURE,11.1,9.7
124.10000000002663,0,0,,4795.891490051189,78.1905636806735,838,840.4,836.8,838.9,105.7,105.4,105.5,106.4,1.41,3.86,97.8,0.273,25.9,0.939,23.6,6.9,88.6,14.3,0,-34.8,96.2,0.5829,-13.7,GENERATOR_FAILURE,0.9,,,
124.20000000002668,0,0,,4796.573023034682,78.13526080590468,839.5,839.2,839.9,839.3,104.8,105.5,105.4,105.5,1.413,3.87,98,0.278,25.9,0.937,23.6,6.4,88.5,14.29,0,-34.5,96.1,0.5831,-13.7,GENERATOR_FAILURE,0.9,,,
124.30000000002673,0,0,,4797.471905317289,78.43611923205435,841.3,840.5,839.6,838.7,105.7,105.4,105.1,105.9,1.415,3.87,97.8,0.277,26,0.939,23.7,7.7,88.5,14.35,0,-34.4,96.1,0.5832,-13.8,GENERATOR_FAILURE,0.9,,,
124.40000000002678,0,0,,4791.964018961107,78.40679977576934,838.7,838.2,837.5,836.7,106.1,105.7,105.3,105.3,1.413,3.85,97.9,0.274,26,0.936,23.6,7,88.2,14.36,0,-34.8,96.1,0.5847,-13.6,GENERATOR_FAILURE,0.9,,,
124.50000000002683,0,0,,4791.069454444173,78.32191889225247,836.6,838.4,837.5,838.1,105.7,105.7,105.9,105.8,1.418,3.84,97.9,0.279,25.9,0.944,23.5,7.4,88.5,14.34,0,-35,96.2,0.5839,-13.8,GENERATOR_FAILURE,0.9,,,
124.60000000002688,0,0,,4794.64080567303,78.23062688796243,836.6,840.1,839.5,839.6,105.5,105.8,105.8,105.4,1.422,3.9,97.9,0.283,26,0.943,23.6,7.2,88.3,14.31,0,-35.3,96.2,0.5831,-13.6,GENERATOR_FAILURE,0.9,,,
124.70000000002693,0,0,,4792.8879870721385,78.36698971062242,840.2,836.9,838,841.2,105.3,105.7,105.4,105.6,1.426,3.86,97.9,0.297,26,0.941,23.5,6.7,87.9,14.35,0,-34.9,96.1,0.5835,-13.7,GENERATOR_FAILURE,0.9,,,
124.80000000002698,0,0,,4794.737701764988,78.35305622740826,841.7,839.4,838.7,842.2,105.1,105.6,105.5,105.6,1.426,3.87,97.9,0.265,26,0.941,23.5,7.1,88.5,14.34,0,-35.1,96.1,0.5832,-13.6,GENERATOR_FAILURE,0.9,,,
124.90000000002703,0,0,,4794.991597026318,78.4601618299584,838.3,839.2,839.4,839.2,105.6,105.6,104.9,106.3,1.418,3.86,97.9,0.277,26,0.939,23.6,6.4,88.8,14.36,0,-34.9,96.1,0.5838,-13.6,GENERATOR_FAILURE,0.9,,,
125.00000000002709,0,0,,4794.738994717485,78.32720557969806,840.7,839.1,837.5,838.1,105.4,105.7,105.2,105.2,1.417,3.84,97.9,0.275,25.9,0.933,23.5,7.1,88.9,14.33,0,-34.6,96.2,0.5835,-13.8,GENERATOR_FAILURE,0.9,,,
125.0300000000271,0,1,125.1100000000271,4803.638588206572,78.44954089636262,839.2,839.1,837.2,839.1,105.8,105.8,105.6,106,1.424,3.84,97.9,0.276,26,0.942,23.6,7.2,88.4,14.33,0,-34.6,96.2,0.584,-13.6,GENERATOR_FAILURE,0.9,GENERATOR_FAILURE,13.5,9.9
125.10000000002714,0,0,,4800.857850001269,78.36733275772725,839.5,837.6,840.2,839.7,105.7,105.6,105.4,106,1.424,3.82,97.9,0.293,26,0.934,23.6,7.4,88.8,14.33,0,-35.4,96.1,0.5833,-13.6,GENERATOR_FAILURE,0.9,,,
125.20000000002719,0,0,,4805.762734381888,78.47113572815488,839.8,838.2,838.1,839.7,105.6,105.6,105.3,105.6,1.422,3.85,98,0.275,25.9,0.94,23.5,7.7,88.5,14.33,0,-35,96.1,0.5841,-13.8,GENERATOR_FAILURE,0.9,,,
125.30000000002724,0,0,,4807.956122508692,78.27352834419706,839.3,840.9,840.1,838.7,106.1,105.4,106,105.8,1.415,3.84,98,0.277,25.9,0.941,23.6,7.2,88.5,14.29,0,-34.9,96.2,0.5837,-13.8,GENERATOR_FAILURE,0.9,,,
125.40000000002729,0,0,,4806.340962189184,78.52559719961592,839.7,842.7,837.6,839.5,105.1,105.8,105.2,106,1.426,3.88,97.7,0.276,26,0.937,23.6,6.9,88.4,14.34,0,-35.2,96.1,0.5839,-13.8,GENERATOR_FAILURE,0.9,,,
125.50000000002734,0,0,,4799.357224774503,78.55956308150031,840.6,840.8,840.4,838.8,105.4,105.9,105.7,106.3,1.426,3.86,97.9,0.269,26,0.94,23.6,7.3,88.5,14.37,0,-35.3,96.1,0.5831,-13.6,GENERATOR_FAILURE,0.9,,,
125.60000000002739,0,0,,4794.385128241746,78.4216175234389,839.8,840.7,842.6,839.5,105.3,106,105.4,105.6,1.43,3.86,98.1,0.281,26,0.941,23.6,6.5,88.4,14.35,0,-35.5,96.1,0.5823,-13.7,GENERATOR_FAILURE,0.9,,,
125.70000000002744,0,0,,4796.956677851387,78.54516425665813,842.5,840.7,839.8,839.8,105.3,106.3,105.8,105.8,1.411,3.86,97.7,0.28,26,0.943,23.5,6.8,88.4,14.37,0,-36,96.1,0.5835,-13.6,GENERATOR_FAILURE,0.9,,,
125.8000000000275,0,0,,4811.6848056315075,78.47723614621522,838.7,839.7,840.6,839.7,105.3,105.9,105.8,105,1.415,3.86,97.9,0.285,25.9,0.941,23.6,7.4,88.7,14.32,0,-36.1,96.1,0.5833,-13.8,GENERATOR_FAILURE,0.9,,,
125.90000000002755,0,0,,4803.148804645725,78.60846861404976,842.3,839.7,838.3,838.9,106,106,105.8,105.2,1.424,3.88,98,0.287,26.1,0.94,23.5,7.5,88.5,14.37,0,-35.8,96.2,0.5839,-13.8,GENERATOR_FAILURE,0.9,,,
126.0000000000276,0,0,,4805.291816707454,78.5510020655936,837.2,840.7,841,839.4,105.4,105.9,105.9,105.6,1.419,3.83,97.9,0.293,26,0.937,23.5,6.8,88.5,14.35,0,-36.1,96.1,0.583,-13.7,GENERATOR_FAILURE,0.9,,,
126.09000000002764,0,1,126.17000000002764,4801.809323316678,78.64228951410932,840,840.4,839.4,839.6,105.5,105.8,105.6,105.6,1.427,3.88,97.9,0.293,26.1,0.946,23.5,7.1,88.7,14.38,0,-36,96.1,0.5835,-13.8,GENERATOR_FAILURE,0.9,GENERATOR_FAILURE,9.4,10.1
126.10000000002765,0,0,,4805.316870230881,78.56239432300303,838.3,839.8,840.4,839.9,104.8,105.8,105.4,105.1,1.426,3.86,98,0.273,26,0.942,23.5,6.8,88.4,14.35,0,-35.8,96,0.5838,-13.8,GENERATOR_FAILURE,0.9,,,
126.2000000000277,0,0,,4798.10145653625,78.53664659786457,840.5,840.7,839,839.1,105.7,105.6,105.1,105.4,1.42,3.86,97.8,0.28,26,0.94,23.6,6.5,88.7,14.37,0,-35.9,96,0.5843,-13.9,GENERATOR_FAILURE,0.9,,,
126.30000000002775,0,0,,4808.183540427332,78.54093810403614,838.4,839.2,841.1,838.2,105.7,105.9,105.4,105.7,1.413,3.85,97.9,0.277,26.1,0.94,23.6,6.9,88.8,14.34,0,-35.7,96.1,0.5836,-13.8,GENERATOR_FAILURE,0.9,,,
126.4000000000278,0,0,,4804.165994592998,78.58661042796606,840.8,838.1,840.5,839.5,105.8,105.6,105.5,105.5,1.414,3.85,97.9,0.293,26,0.942,23.6,7.3,88.6,14.36,0,-35.8,96.1,0.5842,-13.7,GENERATOR_FAILURE,0.9,,,
126.50000000002785,0,0,,4812.504281641467,78.72359112178293,837.1,839.3,839.3,840.1,105.4,105.5,105.7,105.5,1.425,3.82,97.7,0.288,26,0.942,23.6,6,88.5,14.37,0,-36.5,96,0.5846,-13.7,GENERATOR_FAILURE,0.9,,,
126.6000000000279,0,0,,4814.825085587913,78.75959637755471,841,840.2,838,840.6,105.4,105.6,106.1,105.5,1.434,3.87,97.9,0.293,26.1,0.937,23.6,6.8,88.8,14.37,0,-35.9,96.1,0.584,-13.7,GENERATOR_FAILURE,0.9,,,
126.70000000002796,0,0,,4809.594971916396,78.63043417861358,840.2,839.3,842.1,840.4,105.8,105.8,105.9,105.5,1.421,3.87,98,0.272,26.1,0.938,23.6,7.4,89,14.36,0,-35.4,96.1,0.5843,-13.6,GENERATOR_FAILURE,0.9,,,
126.800000000028,0,0,,4806.823579929437,78.74292528157929,843.1,839.8,836.9,840,105.7,105.8,105.7,105.6,1.421,3.88,97.9,0.277,26.1,0.948,23.5,6.9,88.5,14.39,0,-35.6,96.1,0.5834,-13.8,GENERATOR_FAILURE,0.9,,,
126.90000000002806,0,0,,4808.525080347019,78.5883144800486,841.2,841.7,842.6,841,106.3,105.9,105.8,105.7,1.423,3.83,97.9,0.274,26,0.939,23.5,7.2,88.4,14.35,0,-36.3,96,0.5831,-13.7,GENERATOR_FAILURE,0.9,,,
127.00000000002811,0,0,,4811.898668932738,78.76810116084471,838.4,841.3,842.5,840.9,105.5,105.7,105.6,105.6,1.428,3.87,98,0.28,26.1,0.939,23.6,6.9,88.4,14.38,0,-35.8,96.1,0.5837,-13.7,GENERATOR_FAILURE,0.9,,,
127.09000000002816,0,1,127.17000000002815,4805.016794125916,78.85542559513091,839.1,842.2,838.1,840.5,105.7,105.9,105.8,105.6,1.425,3.86,97.8,0.276,26.2,0.94,23.5,6.7,88.6,14.42,0,-35.8,96,0.5825,-13.8,GENERATOR_FAILURE,0.9,GENERATOR_FAILURE,12.5,10.7
127.10000000002816,0,0,,4801.028497016547,78.62252606750417,839.9,839.8,839.5,841,105.3,105.1,105.7,106.2,1.421,3.85,97.8,0.279,26,0.938,23.5,7.2,88.5,14.38,0,-36.2,96,0.5842,-13.9,GENERATOR_FAILURE,0.9,,,
127.20000000002821,0,0,,4814.3752436788745,78.68587332433054,842.5,840.2,846,838.5,105.3,105.8,105.5,105.9,1.428,3.83,97.9,0.275,26.1,0.943,23.6,6.4,88.7,14.35,0,-36.3,96,0.5839,-13.9,GENERATOR_FAILURE,0.9,,,
127.30000000002826,0,0,,4808.883867442618,78.62846326839596,840.5,840.5,836.8,839,105.8,105.4,105.1,105.3,1.419,3.87,97.9,0.265,26,0.94,23.5,6.4,88.7,14.36,0,-36.1,96,0.5831,-13.5,GENERATOR_FAILURE,0.9,,,
127.40000000002831,0,0,,4817.8694610661005,78.65236655558682,843,838.1,839.5,841.4,105.9,105.5,105.6,105.2,1.421,3.84,97.8,0.286,26.1,0.935,23.6,7,88.8,14.34,0,-35.6,96,0.5835,-13.6,GENERATOR_FAILURE,0.9,,,
127.50000000002836,0,0,,4808.128529079223,78.69701685688257,840.4,840.2,838.9,839.9,106.1,105.6,106,105.8,1.423,3.87,98,0.277,26.2,0.942,23.5,7.4,88.5,14.37,0,-35.3,96,0.5833,-13.8,GENERATOR_FAILURE,0.9,,,
127.60000000002842,0,0,,4816.210880700754,78.63389301626589,841.7,842.4,837.1,840.1,105.4,105.8,105.6,105.6,1.429,3.84,97.9,0.29,25.9,0.941,23.7,7.1,88.6,14.34,0,-35.5,96.1,0.5835,-13.4,GENERATOR_FAILURE,0.9,,,
127.70000000002847,0,0,,4812.7490939557565,78.776941136383,839.3,839.7,840.1,843.8,105.7,106,105.7,106.1,1.428,3.88,98.1,0.275,26.1,0.942,23.5,7.1,88.4,14.38,0,-35.2,96.1,0.5843,-13.9,GENERATOR_FAILURE,0.9,,,
127.80000000002852,0,0,,4810.443500901257,78.8348995895857,841.3,841.2,841.3,840.5,105.9,105.1,105.5,105.8,1.424,3.87,97.9,0.287,26.1,0.936,23.6,7.3,88.5,14.4,0,-35.1,95.9,0.5829,-13.6,GENERATOR_FAILURE,0.9,,,
127.90000000002857,0,0,,4813.084692483122,78.95500989494504,839.5,839.8,840.4,840.5,105.1,105.5,106,105.4,1.411,3.87,97.9,0.284,26.2,0.946,23.6,6.6,88.6,14.41,0,-35.3,96,0.5833,-13.7,GENERATOR_FAILURE,0.9,,,
128.00000000002848,0,0,,4812.088035050553,78.93346042587316,839.3,840.7,842.3,840.2,105.5,105.8,106.1,105,1.431,3.84,98.1,0.269,26.1,0.942,23.6,6.7,88.3,14.41,0,-35.1,96.1,0.5839,-13.7,GENERATOR_FAILURE,0.9,,,
128.1000000000284,0,0,,4812.680719550599,78.91106943564017,840.4,839.3,841,841.4,105.9,105.8,105.7,105.9,1.42,3.84,98.1,0.28,26,0.942,23.6,6.9,88.8,14.41,0,-34.7,95.9,0.5835,-13.6,GENERATOR_FAILURE,0.9,,,
128.1000000000284,0,1,128.1800000000284,4812.680719550599,78.91106943564017,840.4,839.3,841,841.4,105.9,105.8,105.7,105.9,1.42,3.84,98.1,0.28,26,0.942,23.6,6.9,88.8,14.41,0,-34.7,95.9,0.5835,-13.6,GENERATOR_FAILURE,0.9,GENERATOR_FAILURE,11.8,11.1
128.2000000000283,0,0,,4808.83985865464,78.85401271398709,839.9,842.5,840.7,840.5,106.1,105.4,106.1,104.9,1.422,3.85,97.9,0.284,26.2,0.946,23.6,7,88.6,14.4,0,-34.2,96,0.584,-13.8,GENERATOR_FAILURE,0.9,,,
128.3000000000282,0,0,,4822.24558807326,78.91508650945822,842.5,838.9,842,843,106,105.5,105.4,105.7,1.427,3.82,97.8,0.276,26.1,0.937,23.5,7.2,88.3,14.38,0,-34.6,95.9,0.5841,-13.8,GENERATOR_FAILURE,0.9,,,
128.40000000002811,0,0,,4813.456057541037,78.84662473663641,841.6,839.8,841.7,840.9,105.9,106.5,106,105.7,1.429,3.88,97.9,0.271,26.2,0.951,23.6,7,88.9,14.39,0,-34.2,95.9,0.5833,-13.7,GENERATOR_FAILURE,0.9,,,
128.50000000002802,0,0,,4814.946419819382,78.89129116883306,840.9,841.1,839.9,840.4,105.7,105.2,105.9,105.6,1.428,3.86,98.1,0.279,26.2,0.938,23.6,7.4,88.7,14.39,0,-34.4,95.8,0.5834,-13.8,GENERATOR_FAILURE,0.9,,,
128.60000000002793,0,0,,4821.559608543139,79.17755342376107,839.7,841.7,838.3,839,106.1,105.7,105.4,105.8,1.432,3.84,98,0.287,26.1,0.937,23.6,7.6,88.9,14.44,0,-34.9,96,0.5829,-13.7,GENERATOR_FAILURE,0.9,,,
128.70000000002784,0,0,,4820.917961854653,78.97564531806967,840.4,839,840.8,840.4,105.6,105.8,105.6,105.6,1.431,3.82,97.9,0.289,26.1,0.942,23.6,6.6,88.6,14.4,0,-34.4,95.9,0.5838,-13.9,GENERATOR_FAILURE,0.9,,,
128.80000000002775,0,0,,4820.576516298447,78.97838781474324,841,840.7,840,840.9,106.3,105.9,105.9,105.4,1.421,3.85,97.7,0.283,26.2,0.938,23.6,7.1,88.7,14.4,0,-34.5,96,0.5835,-13.5,GENERATOR_FAILURE,0.9,,,
128.90000000002766,0,0,,4819.119098876497,79.0518844269663,841.4,842,842.4,843,105.9,105.2,106,105.9,1.432,3.83,97.9,0.293,26.2,0.943,23.7,6.8,88.6,14.42,0,-34.2,95.9,0.5836,-13.7,GENERATOR_FAILURE,0.9,,,
129.00000000002757,0,0,,4816.052693368305,79.06788350511408,841.6,842.5,841.9,839.9,105.7,105.6,105.9,105.3,1.43,3.85,97.9,0.282,26.3,0.944,23.6,6.9,88.5,14.43,0,-34.2,95.9,0.5829,-13.6,GENERATOR_FAILURE,0.9,,,
129.10000000002748,0,0,,4816.456975636351,79.01207074585844,841.1,840.2,841.6,841.4,106.2,106.2,105.8,105.5,1.419,3.87,98,0.301,26.2,0.938,23.6,7,88.1,14.42,0,-33.9,95.9,0.5833,-13.7,GENERATOR_FAILURE,0.9,,,
129.15000000002743,0,1,129.23000000002745,4823.857057758068,78.96740806982523,841.8,840.8,842,839.9,105.5,106.1,105.7,106,1.439,3.84,98,0.279,26.3,0.945,23.6,6.8,88.6,14.39,0,-34.4,96,0.5835,-13.7,GENERATOR_FAILURE,0.9,GENERATOR_FAILURE,12,11.4
129.2000000000274,0,0,,4816.591332112737,79.05382999069019,841,843.2,841.8,840.9,105.4,106,105.6,106,1.435,3.84,97.9,0.276,26.2,0.942,23.6,6.8,88.5,14.42,0,-34.4,95.9,0.5843,-13.8,GENERATOR_FAILURE,0.9,,,
129.3000000000273,0,0,,4824.3122031774465,79.20190338387225,843.3,840.8,839.7,841.2,104.9,105.4,105.6,105.8,1.429,3.83,97.8,0.28,26.3,0.942,23.7,6.8,88.6,14.43,0,-34.2,95.9,0.5823,-13.7,GENERATOR_FAILURE,0.9,,,
129.4000000000272,0,0,,4822.793370665223,79.13267359030321,840.6,840.5,840.3,840.3,105.7,106.1,105.9,105.4,1.424,3.83,97.8,0.275,26.3,0.938,23.6,7.3,88.8,14.42,0,-34,95.9,0.5841,-13.6,GENERATOR_FAILURE,0.9,,,
129.50000000002711,0,0,,4834.762234186122,78.97600581200442,839.4,842.6,840.2,841.1,106.6,105.8,105.1,105.3,1.432,3.81,98.1,0.275,26.1,0.94,23.6,7.2,88.3,14.36,0,-34.2,95.8,0.584,-13.8,GENERATOR_FAILURE,0.9,,,
129.60000000002702,0,0,,4821.657898641046,79.0620810230925,840.2,842.1,844.4,838.9,105,106.2,105.7,105.8,1.425,3.85,98,0.272,26.2,0.942,23.6,6.5,88.6,14.41,0,-34.5,95.9,0.5832,-13.8,GENERATOR_FAILURE,0.9,,,
129.70000000002693,0,0,,4826.140809062382,78.98278946885064,840.6,843.8,841,842.5,105.8,105.9,105.6,105.8,1.43,3.85,98.1,0.295,26.1,0.939,23.6,6.2,88.6,14.38,0,-34.2,95.8,0.5829,-13.7,GENERATOR_FAILURE,0.9,,,
129.80000000002684,0,0,,4827.3640420702695,79.21229445941779,841.6,841.9,841.1,842.7,105.7,105.5,106.2,105.9,1.431,3.8,98,0.279,26.3,0.936,23.6,7.3,88.2,14.43,0,-34.6,95.8,0.5839,-13.8,GENERATOR_FAILURE,0.9,,,
129.90000000002675,0,0,,4819.213638310932,79.09046570903998,841,840.9,841.5,841,105.5,106.2,105.9,106.4,1.42,3.87,97.9,0.271,26.2,0.945,23.6,7.4,88.5,14.42,0,-35.1,95.9,0.5838,-13.8,GENERATOR_FAILURE,0.9,,,
130.00000000002666,0,0,,4825.6335085003675,79.20284360519886,844.6,838.6,840.9,840.8,105.8,105.7,106,105.7,1.436,3.87,97.8,0.284,26.3,0.938,23.6,6.3,88.6,14.43,0,-35.4,95.8,0.5833,-13.6,GENERATOR_FAILURE,0.9,,,
130.10000000002657,0,0,,4829.451850262747,79.19362548236595,842.3,841.6,840.4,841.3,105.7,106.2,105.7,105.4,1.415,3.88,97.8,0.277,26.3,0.942,23.5,6.5,88.4,14.42,0,-34.9,95.9,0.5836,-13.8,GENERATOR_FAILURE,0.9,,,
130.1600000000265,0,1,130.24000000002653,4825.024535719984,79.191273785427,841.7,840.7,842,841,105.7,105.4,105.3,106.3,1.433,3.87,97.9,0.272,26.2,0.943,23.6,7.7,88.4,14.43,0,-34.7,95.8,0.5839,-13.7,GENERATOR_FAILURE,0.9,GENERATOR_FAILURE,8.4,10.9
130.20000000002648,0,0,,4819.639588028364,79.02237866271234,842.5,841.8,842,841.8,105.4,105.9,106,105.8,1.433,3.84,98,0.286,26.3,0.933,23.7,6.8,88.5,14.41,0,-34.5,95.7,0.5831,-13.8,GENERATOR_FAILURE,0.9,,,
130.3000000000264,0,0,,4830.277103545287,79.28064856663028,841.7,840.9,842.5,841,105.5,105.4,105.7,105.6,1.422,3.85,98,0.291,26.3,0.94,23.6,6.8,88.5,14.43,0,-34.7,95.9,0.5829,-13.5,GENERATOR_FAILURE,0.9,,,
130.4000000000263,0,0,,4821.674416681134,79.17904798087423,839.5,840.1,839.9,841,105.9,105.3,106,105.8,1.434,3.86,97.9,0.28,26.3,0.942,23.6,7.1,88.1,14.44,0,-34.8,95.8,0.5837,-13.7,GENERATOR_FAILURE,0.9,,,
130.5000000000262,0,0,,4831.5157071203175,79.16788986920601,841.2,841.6,844.2,844.7,105.6,106.3,106,105.9,1.425,3.83,97.6,0.282,26.3,0.941,23.6,6.9,88.6,14.41,0,-35.1,95.8,0.5827,-13.8,GENERATOR_FAILURE,0.9,,,
130.6000000000261,0,0,,4830.588972967919,79.3928421505885,841.6,842.3,844.3,840.8,106.5,105.7,105,105.1,1.43,3.81,98,0.293,26.4,0.941,23.6,6.8,88.7,14.45,0,-35.1,95.8,0.584,-13.7,GENERATOR_FAILURE,0.9,,,
130.70000000002602,0,0,,4825.872692268839,79.27526704074432,841.5,840.8,841.7,841,106,105.5,105.8,105.6,1.427,3.87,97.8,0.298,26.3,0.937,23.6,7.2,88.9,14.44,0,-34.9,95.8,0.583,-13.9,GENERATOR_FAILURE,0.9,,,
130.80000000002593,0,0,,4832.412068199381,79.34548352682343,840.4,840.3,840,840,106,105.4,105.8,105.1,1.438,3.84,98,0.276,26.3,0.944,23.5,6.6,89,14.44,0,-35.1,95.7,0.5847,-14,GENERATOR_FAILURE,0.9,,,
130.90000000002584,0,0,,4826.61397252082,79.11180098678297,841.1,842.2,843.1,842.5,106.3,105.9,105.4,106.2,1.434,3.83,98.1,0.29,26.3,0.944,23.6,7.2,88.6,14.41,0,-34.7,95.8,0.5829,-13.6,GENERATOR_FAILURE,0.9,,,
131.00000000002575,0,0,,4827.139512542628,79.21647841583045,841,841.6,841.5,841.6,105.8,106.1,105.9,105,1.433,3.9,97.9,0.281,26.2,0.942,23.6,7.6,88.5,14.43,0,-34.5,95.8,0.5836,-13.6,GENERATOR_FAILURE,0.9,,,
131.10000000002566,0,0,,4822.303941481074,79.27251430569542,844,841.5,841.7,841.4,106.2,105.8,105.7,105.6,1.432,3.82,98,0.281,26.3,0.942,23.5,7,88.6,14.45,0,-34.2,95.8,0.5843,-13.7,GENERATOR_FAILURE,0.9,,,
131.1800000000256,0,1,131.2600000000256,4832.280341596799,79.32771648115416,841,841.5,840.4,841.2,105.5,105.8,105.5,106,1.431,3.86,97.8,0.279,26.3,0.938,23.6,7.8,88.6,14.44,0,-34.5,95.8,0.5835,-13.8,GENERATOR_FAILURE,0.9,GENERATOR_FAILURE,15,11.3
131.20000000002557,0,0,,4825.962466652278,79.2922352375873,840.5,842.3,840,842.9,106.2,105.7,105.3,105.9,1.433,3.85,98,0.289,26.4,0.937,23.6,7.3,88.2,14.45,0,-34.4,95.8,0.583,-13.6,GENERATOR_FAILURE,0.9,,,
131.30000000002548,0,0,,4836.4351463496305,79.13223201064864,841.5,843.2,841.7,843.3,106,105.6,105.9,105.3,1.429,3.85,98,0.281,26.2,0.937,23.5,6.7,88.4,14.38,0,-34.8,95.7,0.584,-13.6,GENERATOR_FAILURE,0.9,,,
131.4000000000254,0,0,,4831.9300885082575,79.53508663086684,839.5,842.6,840.7,840.6,105.9,105.7,106.5,106,1.432,3.81,97.9,0.265,26.4,0.938,23.5,6.6,88.4,14.48,0,-35.2,95.8,0.5833,-13.7,GENERATOR_FAILURE,0.9,,,
131.5000000000253,0,0,,4831.9903311921535,79.31826527237506,841.5,842.1,842.1,840.8,105.9,105.9,106.3,105.8,1.424,3.87,97.8,0.282,26.3,0.941,23.6,6.5,88.7,14.43,0,-35.3,95.8,0.5837,-13.7,GENERATOR_FAILURE,0.9,,,
131.6000000000252,0,0,,4836.574271249461,79.32885419182593,838.9,842.7,843.8,842.8,105.9,106,105.5,105.3,1.425,3.88,98,0.284,26.3,0.939,23.6,7.5,88.4,14.42,0,-35.3,95.8,0.5835,-13.6,GENERATOR_FAILURE,0.9,,,
131.7000000000251,0,0,,4835.8295827676875,79.41372737756036,843.8,842.9,845.8,843.7,105.3,105.7,105.5,105.7,1.437,3.85,97.9,0.286,26.4,0.936,23.6,7.2,88.8,14.44,0,-34.8,95.8,0.5837,-13.7,GENERATOR_FAILURE,0.9,,,
131.80000000002502,0,0,,4832.731344532457,79.59529047029366,841.4,841.8,842.9,841,105.6,105.7,105.3,105.9,1.435,3.84,97.9,0.284,26.5,0.94,23.5,7.3,88.2,14.49,0,-34.6,95.9,0.5831,-13.9,GENERATOR_FAILURE,0.9,,,
131.90000000002493,0,0,,4832.623158562931,79.52845053714752,842.4,842,845.4,842.8,105.7,105.7,106.1,105.9,1.427,3.81,97.9,0.283,26.3,0.939,23.5,6.6,88.7,14.48,0,-35.3,95.8,0.5838,-13.6,GENERATOR_FAILURE,0.9,,,
132.00000000002484,0,0,,4837.527322993088,79.47537447166347,840.8,843.7,842.9,842.6,105.7,105.4,105.6,105.9,1.437,3.86,98,0.279,26.4,0.941,23.5,7,88.2,14.45,0,-35.6,95.7,0.5836,-13.7,GENERATOR_FAILURE,0.9,,,
132.10000000002475,0,0,,4836.649781700889,79.43918843831095,843.3,841.8,843.3,845.4,105.9,105.6,105.7,105.9,1.435,3.85,97.9,0.279,26.3,0.934,23.5,6.2,88.7,14.45,0,-35.5,95.7,0.5836,-13.7,GENERATOR_FAILURE,0.9,,,
132.19000000002467,0,1,132.27000000002468,4838.439948909324,79.30209353511833,841.6,841.5,841.4,840.8,105.7,106.2,105.2,105.6,1.425,3.87,97.8,0.274,26.3,0.942,23.6,8.2,88.7,14.41,0,-35.7,95.8,0.5834,-13.7,GENERATOR_FAILURE,0.9,GENERATOR_FAILURE,12.9,11.7
132.20000000002466,0,0,,4840.309022487051,79.45652826758884,841.8,843.4,840.6,845.1,106.1,106.2,105.6,106.3,1.428,3.88,98,0.261,26.4,0.94,23.6,6.8,88.4,14.44,0,-35.6,95.8,0.5835,-13.7,GENERATOR_FAILURE,0.9,,,
132.30000000002457,0,0,,4836.836274996293,79.334598526069,841.6,842.9,843.7,842.7,105.3,105.8,105.9,105.8,1.432,3.85,97.9,0.267,26.3,0.942,23.5,7.2,88.5,14.42,0,-35.6,95.7,0.5843,-13.8,GENERATOR_FAILURE,0.9,,,
132.40000000002448,0,0,,4841.599253399958,79.39536619569311,842.8,844.2,843,842.2,105.8,106.2,105.8,105.9,1.438,3.84,98,0.285,26.3,0.942,23.6,6.4,88,14.42,0,-35.5,95.8,0.5839,-13.8,GENERATOR_FAILURE,0.9,,,
132.5000000000244,0,0,,4836.043561677846,79.60464081271918,843.1,841.5,842.7,844.8,106.1,105.6,105.7,106.1,1.429,3.85,98,0.268,26.5,0.943,23.6,6.5,88.3,14.48,0,-35.3,95.7,0.5834,-13.8,GENERATOR_FAILURE,0.9,,,
132.6000000000243,0,0,,4841.262485073159,79.42860340617105,842.2,843.8,842.2,843.5,105.8,105.8,106,106.1,1.439,3.82,98,0.279,26.4,0.946,23.5,6.9,88.7,14.43,0,-35.3,95.7,0.584,-13.8,GENERATOR_FAILURE,0.9,,,
132.7000000000242,0,0,,4840.839614998429,79.56653233193411,843.5,841.5,841.8,840.7,106.1,105.7,105.4,105.8,1.436,3.82,98,0.301,26.5,0.94,23.5,7,88.6,14.46,0,-35.1,95.7,0.5835,-13.9,GENERATOR_FAILURE,0.9,,,
132.8000000000241,0,0,,4842.382601067673,79.55276240263855,840.2,842.1,843.5,844,105.8,105.7,105.5,106.2,1.433,3.84,98,0.284,26.4,0.939,23.5,6.8,88.7,14.45,0,-35.5,95.7,0.5834,-13.7,GENERATOR_FAILURE,0.9,,,
132.90000000002402,0,0,,4843.35032221073,79.55564111320132,842.9,842.9,846,843.8,105.9,106.1,105.9,105.6,1.425,3.84,98,0.291,26.4,0.945,23.5,7.2,88.3,14.45,0,-35.7,95.7,0.5829,-13.6,GENERATOR_FAILURE,0.9,,,
133.00000000002393,0,0,,4831.846008032294,79.46559003069957,841.9,842.8,841.9,842.1,105.6,105.3,105.8,105.4,1.427,3.87,98,0.277,26.4,0.943,23.6,6.7,88.3,14.47,0,-35.3,95.7,0.5827,-13.6,GENERATOR_FAILURE,0.9,,,
133.10000000002384,0,0,,4844.500989675372,79.61174744120294,842.3,840.7,842,844,105.2,105.7,105.8,105.5,1.431,3.84,97.9,0.277,26.4,0.946,23.5,6.5,88,14.46,0,-35.5,95.7,0.5839,-13.8,GENERATOR_FAILURE,0.9,,,
133.20000000002375,0,0,,4844.957824845163,79.42362526893213,842.6,841.8,844.7,843,105.9,105.9,105.7,105.9,1.439,3.82,97.9,0.288,26.3,0.938,23.6,6.9,88.6,14.42,0,-35.5,95.7,0.5837,-13.8,GENERATOR_FAILURE,0.9,,,
133.20000000002375,0,1,133.28000000002376,4844.957824845163,79.42362526893213,842.6,841.8,844.7,843,105.9,105.9,105.7,105.9,1.439,3.82,97.9,0.288,26.3,0.938,23.6,6.9,88.6,14.42,0,-35.5,95.7,0.5837,-13.8,GENERATOR_FAILURE,0.9,GENERATOR_FAILURE,15.3,11.7
133.30000000002366,0,0,,4840.089637625003,79.40360389469433,843.3,841.9,841.8,842.1,105.8,106.1,105.9,105.4,1.437,3.82,98.2,0.278,26.4,0.939,23.5,7.3,88.5,14.43,0,-35.6,95.7,0.5835,-13.7,GENERATOR_FAILURE,0.9,,,
133.40000000002357,0,0,,4847.587154733672,79.57168601563758,842.6,843.2,844.5,843.4,106.1,106.3,106.2,105.9,1.44,3.88,97.9,0.287,26.5,0.942,23.6,7.4,88.3,14.44,0,-35.3,95.7,0.5835,-13.6,GENERATOR_FAILURE,0.9,,,
133.50000000002348,0,0,,4842.165817011744,79.48253876301104,842.7,842.6,840.2,843.2,105.7,105.2,106,105.2,1.429,3.86,97.9,0.283,26.4,0.939,23.6,7,88.4,14.44,0,-35.3,95.7,0.5839,-13.7,GENERATOR_FAILURE,0.9,,,
133.60000000002339,0,0,,4843.595419430151,79.48919630886569,842.8,842.5,842.4,842.8,105.6,106,106.1,105.9,1.439,3.89,97.8,0.276,26.3,0.941,23.6,6.1,88.7,14.44,0,-35.3,95.5,0.5837,-13.8,GENERATOR_FAILURE,0.9,,,
133.7000000000233,0,0,,4846.064135963153,79.63261367834377,841.1,843.2,842,841.7,105.9,105.4,106.3,106.1,1.443,3.88,98,0.268,26.4,0.937,23.5,6.8,88,14.46,0,-34.9,95.6,0.5837,-13.7,GENERATOR_FAILURE,0.9,,,
133.8000000000232,0,0,,4851.295166379563,79.8202065724346,842.2,841.9,841.4,843.5,105.4,106.1,105.7,105.2,1.436,3.86,98,0.287,26.6,0.943,23.6,7,88.4,14.48,0,-35.4,95.7,0.583,-13.7,GENERATOR_FAILURE,0.9,,,
133.9000000000231,0,0,,4851.573105610413,79.649713324598,841,842.6,842.2,842.1,105.9,105.3,105.3,106.5,1.427,3.88,98,0.264,26.5,0.941,23.5,7.3,88.7,14.45,0,-35.3,95.6,0.5835,-13.7,GENERATOR_FAILURE,0.9,,,
134.00000000002302,0,0,,4841.751597284612,79.55279943332553,843.2,844.1,842.5,841.4,105.6,106.5,105.5,105.7,1.437,3.82,97.9,0.295,26.5,0.942,23.5,6.7,88.3,14.46,0,-35.2,95.6,0.5837,-13.5,GENERATOR_FAILURE,0.9,,,
134.10000000002293,0,0,,4840.002362393773,79.74959190475596,844.7,844.6,843.7,843.1,106.1,106,105,105.7,1.435,3.84,97.9,0.282,26.5,0.942,23.5,6.6,88.1,14.5,0,-35.1,95.6,0.5827,-13.8,GENERATOR_FAILURE,0.9,,,
134.20000000002284,0,0,,4850.0893685343935,79.7090221149364,843,845.3,841.6,844.6,105.7,106.1,106.3,105.7,1.437,3.86,97.8,0.286,26.5,0.942,23.6,6.2,88.6,14.46,0,-35.4,95.7,0.5832,-13.8,GENERATOR_FAILURE,0.9,,,
134.2500000000228,0,1,134.3300000000228,4849.383772029239,79.57305659158244,844,840.7,841.8,842.6,105.6,105.6,106.5,105.9,1.434,3.82,98,0.286,26.4,0.936,23.6,7.6,88.6,14.44,0,-35.2,95.6,0.5836,-13.6,GENERATOR_FAILURE,0.9,GENERATOR_FAILURE,13.3,11.5
134.30000000002275,0,0,,4849.0052287056815,79.55031951664101,840.7,843.1,842.8,843.8,106.6,105.1,106.3,105.6,1.434,3.84,98.1,0.286,26.5,0.939,23.6,7.1,88.7,14.44,0,-35.4,95.6,0.5837,-13.7,GENERATOR_FAILURE,0.9,,,
134.40000000002266,0,0,,4845.559366041294,79.71357243655746,841.8,842.3,842.7,844.3,105.7,105.8,106.2,104.9,1.451,3.87,97.9,0.284,26.6,0.943,23.6,7.1,88.4,14.48,0,-35.7,95.6,0.5841,-13.6,GENERATOR_FAILURE,0.9,,,
134.50000000002257,0,0,,4841.726900192189,79.53231279734908,840.1,842.6,843,841.9,106,106.3,106.3,105.9,1.432,3.88,98,0.292,26.4,0.932,23.5,7.1,88.6,14.45,0,-35.4,95.6,0.5823,-13.6,GENERATOR_FAILURE,0.9,,,
134.60000000002248,0,0,,4852.587671361785,79.80611852174432,843.5,840.9,844.2,842.5,106,105.4,106,105.9,1.437,3.84,98,0.274,26.5,0.947,23.5,6.9,88.3,14.48,0,-36,95.6,0.5838,-13.7,GENERATOR_FAILURE,0.9,,,
134.70000000002238,0,0,,4851.292843762126,79.67067046565761,845.1,845.3,843.1,842.8,106.1,106.3,106.2,106,1.439,3.83,97.9,0.291,26.4,0.937,23.6,6.8,89,14.45,0,-36.4,95.7,0.5842,-13.9,GENERATOR_FAILURE,0.9,,,
134.8000000000223,0,0,,4846.676880028046,79.76190086607625,841.5,841.2,844.4,843.2,106,105.9,105.6,106.3,1.433,3.87,97.8,0.289,26.5,0.941,23.5,6.9,88.8,14.49,0,-36.3,95.6,0.5841,-13.5,GENERATOR_FAILURE,0.9,,,
134.9000000000222,0,0,,4850.2761115781195,79.77091682242686,842.9,844.7,846,842.9,105.9,106,106.1,105.9,1.454,3.84,97.8,0.276,26.5,0.942,23.6,6.9,88.4,14.48,0,-35.5,95.6,0.5832,-13.7,GENERATOR_FAILURE,0.9,,,
135.0000000000221,0,0,,4848.039295302266,79.72155825617563,841.8,844.8,841.6,842.9,105.8,105.9,106,106.2,1.444,3.86,98,0.275,26.5,0.942,23.5,6.6,88.4,14.47,0,-35.9,95.6,0.5839,-13.6,GENERATOR_FAILURE,0.9,,,
135.10000000002202,0,0,,4847.271444408586,79.72495769817532,844.3,843.4,843.4,843.6,105.9,105.7,106.1,106.2,1.446,3.85,97.9,0.284,26.5,0.942,23.6,7.4,88.3,14.48,0,-36.4,95.5,0.5835,-13.7,GENERATOR_FAILURE,0.9,,,
135.20000000002193,0,0,,4843.1928532810125,79.71091161044494,842.4,845.1,844.5,844.2,106.1,105.9,105.2,105.8,1.429,3.85,98,0.273,26.5,0.938,23.5,6.8,88.6,14.48,0,-36,95.5,0.583,-14,GENERATOR_FAILURE,0.9,,,
135.30000000002184,0,0,,4848.76260892455,79.64497071810146,842.6,843.2,843.6,842.8,106,106.1,105.8,105.6,1.437,3.84,98.1,0.278,26.5,0.935,23.5,6.8,88.4,14.46,0,-36.2,95.6,0.5834,-13.6,GENERATOR_FAILURE,0.9,,,
135.31000000002183,0,1,135.39000000002184,4850.215423169723,79.73511065498384,842.8,844.7,842.2,845.3,106.4,105.9,105.2,106,1.432,3.88,97.9,0.282,26.5,0.944,23.5,6.9,88.3,14.47,0,-36.4,95.5,0.5841,-13.9,GENERATOR_FAILURE,0.9,GENERATOR_FAILURE,13.5,11.8
135.40000000002175,0,0,,4850.309622536303,79.54606609330312,841.7,843.2,842.8,841.9,106.1,105.8,105.9,105.7,1.437,3.85,98,0.289,26.4,0.941,23.5,6.9,88.6,14.43,0,-35.6,95.6,0.5829,-13.7,GENERATOR_FAILURE,0.9,,,
135.50000000002166,0,0,,4849.870424263445,79.60569028226392,842.7,843.7,841.5,844.3,106.1,106,106.4,106.2,1.431,3.89,98,0.276,26.4,0.943,23.5,6.5,88.8,14.44,0,-36.5,95.5,0.5829,-13.7,GENERATOR_FAILURE,0.9,,,
135.60000000002157,0,0,,4844.336291206884,79.61010642038856,843.4,844.4,844.3,841.5,106,105.9,105.1,106,1.44,3.87,98,0.282,26.3,0.938,23.6,5.9,88,14.46,0,-36,95.6,0.5833,-14,GENERATOR_FAILURE,0.9,,,
135.70000000002148,0,0,,4851.476379034028,79.79509753792183,845.3,844.9,842.1,842.1,105.7,106.4,106.8,106.3,1.432,3.84,98.1,0.277,26.5,0.938,23.6,6.9,88.4,14.48,0,-35.7,95.5,0.5839,-13.8,GENERATOR_FAILURE,0.9,,,
135.80000000002138,0,0,,4848.429391568816,79.80108289433652,844.1,841.9,845.7,845.5,106.4,105.8,105.4,106.1,1.437,3.85,98,0.275,26.5,0.939,23.6,7.1,88.3,14.49,0,-35.2,95.5,0.5836,-13.6,GENERATOR_FAILURE,0.9,,,
135.9000000000213,0,0,,4857.63717145357,79.78244970022013,843.2,843.8,842.3,845.1,106.3,106.5,105.7,106,1.439,3.83,97.9,0.279,26.6,0.939,23.5,7.2,88.4,14.46,0,-35,95.5,0.5826,-13.7,GENERATOR_FAILURE,0.9,,,
136.0000000000212,0,0,,4842.735965215412,79.66038436324342,844.3,843.8,843.1,844.8,106.2,106.1,105.5,106.3,1.435,3.83,97.9,0.284,26.4,0.944,23.7,6.6,88.6,14.48,0,-35,95.6,0.5835,-13.6,GENERATOR_FAILURE,0.9,,,
136.1000000000211,0,0,,4855.546341555875,79.81517897461802,846.1,841.9,844.8,844,106.2,106.1,105.7,105.9,1.446,3.87,98,0.263,26.6,0.94,23.6,6.8,88.6,14.47,0,-35.1,95.5,0.583,-13.6,GENERATOR_FAILURE,0.9,,,
136.20000000002102,0,0,,4847.126151776266,79.78490384712157,842.8,843.3,845.3,841.7,105.9,106,105.9,105.7,1.442,3.82,98,0.283,26.4,0.944,23.6,7.1,88.8,14.49,0,-34.9,95.5,0.5828,-13.7,GENERATOR_FAILURE,0.9,,,
136.30000000002093,0,0,,4850.969643312381,79.91604108542766,842.9,844.9,841.9,841.6,106.2,105.6,105.8,105.9,1.436,3.86,98,0.284,26.6,0.944,23.6,6.5,88.4,14.5,0,-34.8,95.4,0.5838,-13.7,GENERATOR_FAILURE,0.9,,,
136.35000000002088,0,1,136.4300000000209,4856.314901570309,79.88583315392354,843.5,845.2,845.3,843.6,106.2,106.2,105.2,105.9,1.437,3.88,98,0.295,26.5,0.938,23.5,6.5,88.3,14.48,0,-35,95.5,0.5838,-13.7,GENERATOR_FAILURE,0.9,GENERATOR_FAILURE,11.8,10.7
136.40000000002084,0,0,,4852.998786978135,79.88322218458792,843.1,842.8,845.7,844.1,105.5,105.9,105.9,105.7,1.439,3.86,97.8,0.274,26.5,0.944,23.6,7.5,88.2,14.49,0,-34.8,95.5,0.584,-13.8,GENERATOR_FAILURE,0.9,,,
136.50000000002075,0,0,,4853.929666921786,79.83939573769634,844,843,843,843.4,106.1,106.2,106.3,106.8,1.439,3.82,97.9,0.28,26.6,0.936,23.6,6.7,88.5,14.48,0,-34.9,95.5,0.5834,-13.7,GENERATOR_FAILURE,0.9,,,
136.60000000002066,0,0,,4851.836048742744,79.76870948665106,846.1,843.7,842.6,841,106.5,105.7,106.2,105.9,1.442,3.88,98.1,0.271,26.5,0.946,23.6,6.6,88.5,14.47,0,-34.9,95.5,0.5841,-13.8,GENERATOR_FAILURE,0.9,,,
136.70000000002057,0,0,,4849.2075280748895,79.8790394974253,844.3,845.7,846,842.9,106,106,106.2,105.8,1.438,3.86,98.1,0.272,26.6,0.942,23.6,7.5,88.6,14.5,0,-34.4,95.4,0.583,-13.5,GENERATOR_FAILURE,0.9,,,
136.80000000002047,0,0,,4856.564136316188,79.63854074168243,841.7,844.1,843.1,843.4,105.9,105.9,106,105.8,1.435,3.86,98,0.28,26.4,0.94,23.6,7.1,88.2,14.43,0,-34.7,95.5,0.5837,-13.6,GENERATOR_FAILURE,0.9,,,
136.90000000002038,0,0,,4857.328479047178,79.65731758640277,844.6,840,843.6,846.5,105.8,106.5,106.2,106.5,1.438,3.85,98.1,0.286,26.5,0.941,23.6,6.9,88.6,14.43,0,-34.9,95.5,0.5835,-13.7,GENERATOR_FAILURE,0.9,,,
137.0000000000203,0,0,,4860.825150055645,79.870469070487,845.5,844.4,846.1,844.9,106.4,106.5,106.2,106.2,1.436,3.84,97.9,0.281,26.6,0.939,23.5,7.5,88.4,14.47,0,-34.7,95.4,0.5838,-13.8,GENERATOR_FAILURE,0.9,,,
137.1000000000202,0,0,,4851.954788160874,79.7375446647513,844.6,844.9,842.1,843.7,106.7,105.7,106.1,106.4,1.439,3.83,98.1,0.287,26.6,0.944,23.6,6.6,88.6,14.47,0,-34.4,95.4,0.5838,-13.7,GENERATOR_FAILURE,0.9,,,
137.2000000000201,0,0,,4854.966950284604,80.01189686250596,843.7,844.5,843.1,845.2,106,106.3,106.2,106.2,1.44,3.83,98,0.287,26.6,0.934,23.6,8,88.4,14.51,0,-34.3,95.4,0.5837,-13.9,GENERATOR_FAILURE,0.9,,,
137.30000000002002,0,0,,4849.423143822103,80.02178628936512,845.2,842.4,844.2,842,106.2,105.5,105.5,106.4,1.438,3.84,98.1,0.28,26.6,0.945,23.6,6.9,88.5,14.53,0,-34.6,95.4,0.5839,-13.7,GENERATOR_FAILURE,0.9,,,
137.36000000001997,0,1,137.44000000001998,4852.215663515327,79.71734898131531,846.2,841.9,845.5,844.2,106.2,106.3,105.8,106.3,1.441,3.84,97.9,0.276,26.5,0.941,23.6,7.1,88.4,14.46,0,-34.5,95.5,0.583,-13.6,GENERATOR_FAILURE,0.9,GENERATOR_FAILURE,13.5,11.6
137.40000000001993,0,0,,4851.403110001941,79.83032762125943,844.9,845.6,845.7,845.8,106,106.2,106,105.9,1.442,3.84,98.1,0.276,26.5,0.945,23.6,6.8,88.6,14.49,0,-34.3,95.6,0.5844,-13.8,GENERATOR_FAILURE,0.9,,,
137.50000000001984,0,0,,4851.425729173987,79.89898218336553,842.9,842.3,841.7,844.3,106.3,106,106,105.9,1.445,3.87,98,0.281,26.5,0.938,23.7,7,88.7,14.5,0,-34.4,95.4,0.5841,-13.8,GENERATOR_FAILURE,0.9,,,
137.60000000001975,0,0,,4850.916644940576,80.05304980747611,844.7,844.6,841.5,843.6,106.2,105.4,106,106.2,1.437,3.86,98.1,0.28,26.6,0.942,23.6,6.4,88.1,14.53,0,-34.3,95.5,0.5841,-13.6,GENERATOR_FAILURE,0.9,,,
137.70000000001966,0,0,,4851.199865049926,79.89319603110032,843.3,843,843.4,844.3,106.6,106,105.8,105.5,1.44,3.87,97.9,0.289,26.6,0.941,23.6,7.4,88.3,14.5,0,-34.2,95.4,0.5844,-14,GENERATOR_FAILURE,0.9,,,
137.80000000001957,0,0,,4854.764085126031,80.08262893687213,844.7,843.5,845,842.7,105.9,105.9,106.5,106.3,1.444,3.86,97.9,0.267,26.6,0.937,23.6,7,88.2,14.53,0,-34.5,95.4,0.5832,-13.6,GENERATOR_FAILURE,0.9,,,
137.90000000001947,0,0,,4858.445778232821,80.00440816031247,846.8,846,843.5,843.4,106.3,106.4,106.2,106,1.44,3.85,97.9,0.304,26.5,0.939,23.5,7,88.6,14.5,0,-34.7,95.5,0.5831,-13.7,GENERATOR_FAILURE,0.9,,,
138.00000000001938,0,0,,4857.304179303766,79.98842508133102,843.7,845.3,841.6,842.7,105.9,106.1,106.2,106.1,1.441,3.86,98,0.277,26.6,0.939,23.6,7.1,88.3,14.5,0,-34.7,95.4,0.584,-13.7,GENERATOR_FAILURE,0.9,,,
138.1000000000193,0,0,,4853.616277066776,79.93216935754279,844.2,842.9,845,847.9,106.3,106,106.1,105.8,1.448,3.86,97.7,0.27,26.5,0.938,23.5,7.1,88.5,14.5,0,-34.5,95.3,0.5838,-13.8,GENERATOR_FAILURE,0.9,,,
138.2000000000192,0,0,,4855.942994957707,80.02678606138922,844.4,845.8,841,844.2,106.1,105.8,105.9,105.9,1.437,3.85,98.1,0.282,26.7,0.938,23.5,7.1,88.6,14.51,0,-35.1,95.4,0.5838,-13.8,GENERATOR_FAILURE,0.9,,,
138.3000000000191,0,0,,4858.580798464742,79.91068984099373,844.8,844.5,844.4,843.6,106.5,106.4,106,106.3,1.434,3.84,98,0.286,26.6,0.936,23.6,6.6,88.3,14.48,0,-34.7,95.4,0.5828,-13.7,GENERATOR_FAILURE,0.9,,,
138.40000000001902,0,0,,4862.201477619163,79.88701085373498,844.2,842.1,844.9,847.1,106,105.3,106.5,105.6,1.44,3.86,98.1,0.269,26.6,0.94,23.6,6.9,88.1,14.47,0,-34.9,95.4,0.5836,-13.9,GENERATOR_FAILURE,0.9,,,
138.410000000019,0,1,138.49000000001902,4859.748528452603,79.78667598034973,843.1,845.7,848.7,842.6,106.3,106.4,105.7,106.1,1.43,3.86,97.9,0.269,26.4,0.941,23.6,6.6,88.4,14.45,0,-35.1,95.3,0.5843,-13.8,GENERATOR_FAILURE,0.9,GENERATOR_FAILURE,14.9,11.3
138.50000000001893,0,0,,4854.4308424556875,79.90589412522463,843,843,846.5,845,106.1,105.6,106.5,106,1.438,3.84,98,0.264,26.5,0.939,23.6,7,88.3,14.49,0,-35.2,95.4,0.5836,-13.9,GENERATOR_FAILURE,0.9,,,
138.60000000001884,0,0,,4859.10601592079,80.02840956348771,843,845.1,843.6,843.4,106.2,106.3,106.4,106.2,1.445,3.84,98,0.283,26.5,0.934,23.6,7.5,88.4,14.51,0,-35.4,95.4,0.5835,-13.7,GENERATOR_FAILURE,0.9,,,
138.70000000001875,0,0,,4857.743820400622,80.06749608835227,844.6,840.3,846.4,844.2,106.1,106.6,106.3,106.3,1.448,3.84,98.1,0.274,26.7,0.943,23.6,6.3,88.8,14.52,0,-35.8,95.3,0.583,-13.6,GENERATOR_FAILURE,0.9,,,
138.80000000001866,0,0,,4849.7146589282665,80.10224403750908,846.5,844.6,842.2,846.3,106,106.1,106.4,106.2,1.445,3.85,97.9,0.273,26.6,0.942,23.4,6.6,88.5,14.55,0,-35.9,95.2,0.5833,-13.7,GENERATOR_FAILURE,0.9,,,
138.90000000001857,0,0,,4861.627472475441,80.11155002752247,843.2,843,843.5,844.3,106.3,105.8,105.6,106,1.442,3.84,97.9,0.285,26.6,0.943,23.4,6.9,88.6,14.52,0,-36.1,95.5,0.5848,-13.8,GENERATOR_FAILURE,0.9,,,
139.00000000001847,0,0,,4861.504575205034,79.9983607567128,842.1,844.5,843.6,845.3,105.7,106.3,106,106.1,1.446,3.85,98,0.286,26.5,0.941,23.5,6.6,88.6,14.49,0,-35.9,95.3,0.5846,-13.7,GENERATOR_FAILURE,0.9,,,
139.10000000001838,0,0,,4858.820338843108,80.0005897715558,844.5,844.5,843.4,842.3,106.5,106.1,106.4,105.7,1.448,3.87,98.1,0.272,26.6,0.939,23.5,7.3,88.6,14.5,0,-36,95.4,0.5838,-13.6,GENERATOR_FAILURE,0.9,,,
139.2000000000183,0,0,,4862.99789212017,79.9287804598389,843.7,841.9,843.3,842.7,105.7,105.7,106.3,105.4,1.445,3.87,98,0.277,26.5,0.939,23.5,7,88.7,14.47,0,-35.9,95.3,0.5834,-13.7,GENERATOR_FAILURE,0.9,,,
139.3000000000182,0,0,,4859.663434368111,80.00260233906404,846.4,845,843,843,106.4,106.1,105.9,106.4,1.438,3.85,97.9,0.284,26.6,0.939,23.6,6.7,88.5,14.5,0,-36.1,95.3,0.5833,-13.6,GENERATOR_FAILURE,0.9,,,
139.4000000000181,0,0,,4857.225725327041,80.10388455836015,843.5,843.3,843.9,846.9,106.5,105.7,106.1,105.9,1.444,3.86,98.2,0.302,26.7,0.94,23.5,6.8,88.6,14.53,0,-36,95.4,0.5833,-13.7,GENERATOR_FAILURE,0.9,,,
139.4100000000181,0,1,139.4900000000181,4849.299035297204,79.94112350817886,842.6,846.3,844,842.9,105.8,106.4,106.2,105.9,1.444,3.84,97.9,0.283,26.5,0.939,23.5,7,88.6,14.51,0,-36.3,95.3,0.5839,-13.9,GENERATOR_FAILURE,0.9,GENERATOR_FAILURE,18.3,11.7
139.50000000001802,0,0,,4865.3847247748545,79.93780371715364,844.7,842.3,844.7,842.6,105.8,105.7,106.3,106.4,1.451,3.81,97.8,0.291,26.6,0.937,23.5,7.3,88.1,14.47,0,-36.3,95.3,0.5834,-13.6,GENERATOR_FAILURE,0.9,,,
139.60000000001793,0,0,,4859.500776249998,80.01453790060407,844.2,845.4,845.2,842.8,106.1,106,106.4,106.2,1.434,3.82,98,0.289,26.6,0.94,23.5,7.1,88.4,14.5,0,-36.4,95.3,0.5837,-13.8,GENERATOR_FAILURE,0.9,,,
139.70000000001784,0,0,,4853.192488676957,80.01179662646409,845.9,843.6,844.6,845.2,106.5,105.8,106.1,106.7,1.445,3.83,98,0.282,26.5,0.937,23.5,7.4,88.8,14.52,0,-35.8,95.4,0.5841,-13.8,GENERATOR_FAILURE,0.9,,,
139.80000000001775,0,0,,4854.807331651894,79.84214540962577,845.7,844.4,843.7,844.1,106.5,105.9,106.2,105.6,1.44,3.86,98,0.283,26.5,0.94,23.5,6.8,88.4,14.48,0,-36.3,95.2,0.5831,-13.6,GENERATOR_FAILURE,0.9,,,
139.90000000001766,0,0,,4862.307986076261,80.07248013289728,844.4,843.5,843.8,845.8,106.2,106.9,106.1,106.1,1.444,3.83,98,0.29,26.6,0.937,23.5,6.8,88.6,14.51,0,-35.8,95.2,0.5845,-13.7,GENERATOR_FAILURE,0.9,,,
140.00000000001756,0,0,,4853.308891457196,79.7061465785354,842.3,845.2,844.1,844.1,106,106.1,106,105.9,1.434,3.87,97.9,0.271,26.5,0.937,23.5,7,88.1,14.46,0,-35.8,95.3,0.5841,-13.7,GENERATOR_FAILURE,0.9,,,
140.10000000001747,0,0,,4853.164789130995,80.11664792256275,844.5,842.6,844.9,844,105.6,106.5,106,105.9,1.434,3.88,98.1,0.283,26.8,0.944,23.5,7.3,88.5,14.54,0,-35.9,95.3,0.5832,-13.8,GENERATOR_FAILURE,0.9,,,
140.20000000001738,0,0,,4856.375890292457,80.02118176326768,844.8,846.1,843.2,844.8,105.7,106.4,106,105.9,1.439,3.86,98.1,0.278,26.7,0.946,23.5,6.9,88.3,14.51,0,-35.7,95.1,0.5835,-13.8,GENERATOR_FAILURE,0.9,,,
140.3000000000173,0,0,,4852.869595912631,80.09523876404245,844.9,842,846.2,842.9,106,106.3,106.2,106.7,1.441,3.85,97.8,0.289,26.6,0.945,23.6,7.3,88.7,14.54,0,-35.8,95.3,0.5834,-13.6,GENERATOR_FAILURE,0.9,,,
140.4000000000172,0,0,,4852.737180863682,79.94974418132031,845.7,843.3,846.6,844.2,105.8,106.3,106.1,105.8,1.436,3.88,98.1,0.28,26.6,0.942,23.5,6.4,88.7,14.51,0,-35.8,95.3,0.5834,-13.6,GENERATOR_FAILURE,0.9,,,
140.4100000000172,0,1,140.4900000000172,4854.286941859965,80.0340638712304,842.9,842.3,844.4,843.5,105.5,106.5,105.8,105.9,1.434,3.86,97.9,0.289,26.7,0.946,23.5,7.2,88.6,14.52,0,-35.7,95.3,0.5832,-13.6,GENERATOR_FAILURE,0.9,GENERATOR_FAILURE,14.7,11.1
140.5000000000171,0,0,,4855.245557936521,79.8984867590981,844.2,843.3,844.6,844.8,106.4,106.4,106,106.3,1.448,3.82,98,0.284,26.5,0.938,23.6,7.1,88.4,14.49,0,-35.9,95.2,0.5838,-13.6,GENERATOR_FAILURE,0.9,,,
140.60000000001702,0,0,,4858.317340336715,80.08588816822122,846.7,844.9,841.6,845.5,106.3,106.4,106,105.6,1.442,3.85,97.9,0.273,26.6,0.94,23.5,6.5,88.4,14.52,0,-35.6,95.2,0.5821,-13.7,GENERATOR_FAILURE,0.9,,,
140.70000000001693,0,0,,4867.0432140225475,79.98284883737328,847.1,845.9,844.4,844.3,105.8,105.9,105.6,106.1,1.441,3.85,98,0.273,26.6,0.939,23.5,7.9,88.5,14.47,0,-35.5,95.4,0.5828,-13.7,GENERATOR_FAILURE,0.9,,,
140.80000000001684,0,0,,4858.229169932827,80.10591926464674,843.9,842.5,843.8,845.4,106.2,106.2,105.9,106.3,1.451,3.83,98,0.277,26.7,0.943,23.6,7,88.5,14.52,0,-35.5,95.2,0.5836,-13.8,GENERATOR_FAILURE,0.9,,,
140.90000000001675,0,0,,4865.213941458798,80.1357072647323,843.7,842.8,846,844.6,105.9,106.2,105.9,105.7,1.448,3.82,98.1,0.277,26.7,0.937,23.6,6.7,88.4,14.51,0,-35.6,95.2,0.5842,-13.8,GENERATOR_FAILURE,0.9,,,
141.00000000001666,0,0,,4859.03183688554,80.16178095397206,842.6,841.4,843.4,844,105.8,105.8,106.2,106.3,1.439,3.86,98.1,0.307,26.7,0.931,23.6,6.8,88.6,14.53,0,-35.7,95.2,0.583,-14,GENERATOR_FAILURE,0.9,,,
141.10000000001656,0,0,,4862.255673027283,79.93137733684301,846.2,844.1,845.9,843.9,106.3,106.1,106.3,105.6,1.446,3.89,98.1,0.276,26.5,0.939,23.5,7.1,88.8,14.48,0,-35.6,95.2,0.584,-13.7,GENERATOR_FAILURE,0.9,,,
141.20000000001647,0,0,,4866.4588212247745,80.04761141235622,841.3,844.4,846.1,845.1,106.3,106.6,106,106,1.439,3.87,98,0.284,26.6,0.945,23.5,6,88.4,14.49,0,-35.5,95.2,0.5839,-14,GENERATOR_FAILURE,0.9,,,
141.30000000001638,0,0,,4857.449167314914,79.90260853180185,844.7,845.1,844.5,843,106.6,106,106.4,106.2,1.442,3.88,98,0.278,26.6,0.939,23.6,6.6,88.6,14.48,0,-35.1,95.2,0.5837,-13.7,GENERATOR_FAILURE,0.9,,,
141.4000000000163,0,0,,4854.87434712399,79.8730225058577,841.6,846,847.1,846.3,105.6,106.2,106,106.7,1.439,3.83,98,0.29,26.6,0.943,23.6,6.7,88.5,14.49,0,-35.1,95.3,0.5828,-13.7,GENERATOR_FAILURE,0.9,,,
141.48000000001622,0,1,141.56000000001623,4861.1755932792485,80.03983401975843,845.1,846.9,843.7,843.9,106.2,106.4,106.3,106.4,1.44,3.86,97.9,0.283,26.6,0.941,23.5,7.3,88.7,14.5,0,-35.6,95.2,0.5833,-13.8,GENERATOR_FAILURE,0.9,GENERATOR_FAILURE,17.3,11.4
141.5000000000162,0,0,,4856.677499230993,80.04230767709079,845.1,843.4,843,843.5,105.9,106,106.1,106.1,1.452,3.85,98.2,0.295,26.6,0.941,23.6,6.9,89,14.51,0,-35.4,95.2,0.5823,-13.8,GENERATOR_FAILURE,0.9,,,
141.6000000000161,0,0,,4862.63955080437,79.97363369133637,839.9,845.7,845.4,845.2,106.1,106.4,106.5,106.1,1.442,3.84,98.1,0.28,26.5,0.938,23.4,7.2,88.6,14.48,0,-35.9,95.1,0.5836,-13.7,GENERATOR_FAILURE,0.9,,,
141.70000000001602,0,0,,4859.451292223648,79.98328319212062,845.1,845.2,841.8,842,106.2,106.2,106.3,106.3,1.443,3.87,97.9,0.279,26.6,0.941,23.6,6.7,88.5,14.49,0,-36,95.2,0.5836,-13.7,GENERATOR_FAILURE,0.9,,,
141.80000000001593,0,0,,4856.5640544142025,79.9419645214642,843.4,845,843.1,844.8,105.6,106.1,106.3,106.4,1.441,3.86,98.2,0.271,26.5,0.939,23.6,7.6,88.5,14.49,0,-36.3,95.2,0.584,-13.6,GENERATOR_FAILURE,0.9,,,
141.90000000001584,0,0,,4866.292171549076,80.0271984997513,844.7,844.7,845.5,845.4,106.7,106.6,106.5,106.3,1.444,3.81,98,0.28,26.6,0.942,23.5,7.2,88.5,14.48,0,-35.8,95.1,0.5827,-13.6,GENERATOR_FAILURE,0.9,,,
142.00000000001575,0,0,,4865.0797440218685,80.09238316855541,844.4,843.8,844.8,844.2,105.7,105.6,106.1,106,1.443,3.87,98,0.275,26.5,0.937,23.5,7,88.4,14.5,0,-35.7,95.1,0.5838,-13.8,GENERATOR_FAILURE,0.9,,,
142.10000000001565,0,0,,4859.7764629133535,80.0230071569828,844.8,844.9,845.5,846.5,106.8,106.3,106,105.7,1.44,3.84,98,0.27,26.7,0.938,23.5,6.6,88.4,14.5,0,-35.9,95.2,0.5836,-13.7,GENERATOR_FAILURE,0.9,,,
142.20000000001556,0,0,,4864.6410402959455,80.02075652617138,845,845.4,846.7,844.7,106.4,106.4,106.3,106.3,1.429,3.83,97.8,0.273,26.6,0.94,23.5,6.9,88.2,14.49,0,-35.8,95.1,0.5844,-13.7,GENERATOR_FAILURE,0.9,,,
142.30000000001547,0,0,,4859.488266092616,80.02324414467458,845.5,845.4,843.7,842.7,106.5,105.7,105.9,106.1,1.444,3.84,98.3,0.283,26.7,0.937,23.5,7.1,88.6,14.5,0,-35.4,95.1,0.5833,-13.8,GENERATOR_FAILURE,0.9,,,
142.40000000001538,0,0,,4864.290829797682,80.09797396787465,846.1,844.1,846,844.4,106,106.7,106.2,105.7,1.446,3.88,98,0.277,26.6,0.942,23.6,6.9,88.5,14.5,0,-35.2,95.1,0.583,-13.7,GENERATOR_FAILURE,0.9,,,
142.5000000000153,0,0,,4868.308885515642,79.89787582219171,843.2,845.7,844.8,843.6,106.4,106.2,106.6,105.7,1.442,3.87,98.2,0.286,26.6,0.937,23.5,7.2,88.5,14.45,0,-35.4,95.1,0.5841,-13.9,GENERATOR_FAILURE,0.9,,,
142.51000000001528,0,1,142.5900000000153,4863.2022539228155,79.94421823299837,845,845.4,844.9,844.4,106.4,106.2,106.3,106,1.438,3.9,97.9,0.288,26.6,0.938,23.7,7.1,88.4,14.48,0,-35.2,95.1,0.5835,-13.7,GENERATOR_FAILURE,0.9,GENERATOR_FAILURE,21,11.5
142.6000000000152,0,0,,4856.402628399719,79.97727282942195,845.2,844.1,842.4,843.1,106.4,106.4,106.3,106.3,1.449,3.81,98,0.272,26.6,0.946,23.5,6,88.8,14.5,0,-35.6,95.2,0.5828,-13.6,GENERATOR_FAILURE,0.9,,,
142.7000000000151,0,0,,4859.2186753784745,80.00498608325017,843,844.6,845,844.6,106.3,106.2,105.9,106.3,1.446,3.85,98,0.275,26.6,0.944,23.5,6.8,88.7,14.5,0,-35.6,95.1,0.5835,-13.9,GENERATOR_FAILURE,0.9,,,
142.80000000001502,0,0,,4861.23697380806,80.08239135206072,845.7,843,845.6,843.7,106.5,105.6,106,105.8,1.445,3.83,98,0.29,26.6,0.934,23.6,7.5,88.6,14.51,0,-35.6,95.1,0.5836,-13.7,GENERATOR_FAILURE,0.9,,,
142.90000000001493,0,0,,4858.993746015866,80.058908154053,843.7,843.2,843.6,845.3,106.1,106.6,106.3,105.7,1.444,3.85,98,0.295,26.6,0.939,23.5,6.5,88.2,14.51,0,-35.7,95.2,0.584,-13.8,GENERATOR_FAILURE,0.9,,,
143.00000000001484,0,0,,4855.700033033736,79.82499442956615,844.9,844.8,843.2,844.9,106.4,106,105.9,106.3,1.445,3.87,98,0.274,26.5,0.937,23.5,6.8,88.5,14.47,0,-36,95.1,0.5823,-13.8,GENERATOR_FAILURE,0.9,,,
143.10000000001475,0,0,,4862.178802952299,79.84348941456295,844.5,844.3,844,845.1,106.2,106.1,106.7,106.2,1.448,3.85,98.1,0.268,26.6,0.944,23.5,7.5,88.8,14.46,0,-36,95.1,0.5838,-13.8,GENERATOR_FAILURE,0.9,,,
143.20000000001465,0,0,,4855.2845575401125,79.84552292820182,845,843.7,844.3,843.4,106,106.3,107,106.2,1.443,3.84,97.9,0.281,26.5,0.941,23.5,6.8,89,14.48,0,-35.7,95.2,0.583,-13.8,GENERATOR_FAILURE,0.9,,,
143.30000000001456,0,0,,4862.361031811537,79.91915896696517,843.1,844.2,847.9,841.9,106.1,106.1,106.4,106.1,1.441,3.84,98.1,0.28,26.5,0.944,23.4,7.7,88.3,14.47,0,-35.5,95,0.584,-13.8,GENERATOR_FAILURE,0.9,,,
143.40000000001447,0,0,,4855.908540002284,79.85380184248196,841.7,840.8,845.3,845.9,106,106.2,106.8,106.1,1.443,3.86,98,0.274,26.6,0.937,23.5,7,88.6,14.48,0,-35.9,95,0.5829,-13.8,GENERATOR_FAILURE,0.9,,,
143.50000000001438,0,0,,4861.313126493404,80.03601289313957,844.9,845.8,844.1,844.5,106.7,106.4,106,106.3,1.436,3.85,98.1,0.28,26.6,0.942,23.5,6.9,88.6,14.5,0,-36.7,95,0.5837,-13.7,GENERATOR_FAILURE,0.9,,,
143.52000000001436,0,1,143.60000000001438,4860.154730675455,79.94617528519306,842.8,844.1,841.9,844.1,106.5,106.2,106.2,106.5,1.435,3.86,98,0.265,26.6,0.941,23.5,8,88.4,14.49,0,-36.2,95.1,0.5835,-13.6,GENERATOR_FAILURE,0.9,GENERATOR_FAILURE,12.4,11.8
143.6000000000143,0,0,,4857.4293000686275,80.04278420249054,844.5,846.7,846.5,844.6,106.4,106.4,106.1,106.6,1.439,3.87,98.1,0.28,26.6,0.945,23.5,7,88.4,14.51,0,-36.3,95,0.5831,-13.7,GENERATOR_FAILURE,0.9,,,
143.7000000000142,0,0,,4859.664879338099,79.99961437688209,846.2,843.4,841.7,846.8,106.1,106,106.4,106.2,1.445,3.87,98.2,0.285,26.6,0.936,23.5,6.6,88.6,14.5,0,-36.6,95.1,0.5823,-13.7,GENERATOR_FAILURE,0.9,,,
143.8000000000141,0,0,,4850.6545664032565,80.1008541340361,846.3,844.8,844.7,844.4,106.1,106.2,106,106.1,1.456,3.87,98.1,0.294,26.6,0.94,23.5,7.1,88.6,14.54,0,-36.4,95.1,0.5833,-13.8,GENERATOR_FAILURE,0.9,,,
143.90000000001402,0,0,,4856.624831515459,79.89971319313919,845,842.5,845.2,843.6,106.8,106.6,105.8,106.2,1.447,3.87,98.2,0.285,26.5,0.941,23.5,7.8,88.3,14.49,0,-36.6,95.1,0.5837,-13.7,GENERATOR_FAILURE,0.9,,,
144.00000000001393,0,0,,4852.5887341915695,80.08871074789921,843.8,842.5,845.9,845.9,106,106.6,105.7,106.4,1.445,3.83,98,0.278,26.7,0.939,23.5,7.2,88.6,14.54,0,-37,95,0.5831,-13.6,GENERATOR_FAILURE,0.9,,,
144.10000000001384,0,0,,4860.595710324474,79.99990434821746,844.1,845.9,842.3,845.6,106.7,105.8,105.9,106.2,1.437,3.84,98.3,0.271,26.6,0.94,23.4,6.7,88.3,14.5,0,-37.3,95,0.5829,-13.7,GENERATOR_FAILURE,0.9,,,
144.20000000001374,0,0,,4862.438851792319,79.81607912893784,844.1,843.8,844.5,844.5,105.9,106.1,106.3,106.3,1.435,3.85,98,0.276,26.5,0.939,23.3,7.2,88.4,14.45,0,-37.3,95,0.5823,-13.7,GENERATOR_FAILURE,0.9,,,
144.30000000001365,0,0,,4857.331764027913,79.89001287265272,843.6,843.2,841.1,845.1,106.5,106,106.6,106.6,1.445,3.85,98.1,0.278,26.6,0.945,23.4,7.8,88.3,14.48,0,-37.1,95.1,0.5826,-13.7,GENERATOR_FAILURE,0.9,,,
144.40000000001356,0,0,,4856.011869656976,79.97256224655746,844.3,844.4,845.9,844.3,106,106.4,106.1,106.5,1.442,3.87,98,0.285,26.5,0.942,23.4,6.8,88.4,14.5,0,-36.3,95,0.5839,-13.9,GENERATOR_FAILURE,0.9,,,
144.50000000001347,0,0,,4852.811417162616,79.9395078700942,846.8,846.1,843.6,844.3,106.1,105.8,106.6,106.2,1.449,3.83,97.9,0.277,26.6,0.945,23.3,6.4,88.6,14.5,0,-37,95,0.583,-13.6,GENERATOR_FAILURE,0.9,,,
144.53000000001344,0,1,144.61000000001346,4866.580859808703,79.96893907294664,842.7,844.7,846,844.2,106.3,106.2,106.2,106.6,1.436,3.84,98.1,0.285,26.6,0.942,23.5,6.9,88.3,14.47,0,-37.1,95.1,0.5831,-13.8,GENERATOR_FAILURE,0.9,GENERATOR_FAILURE,9.4,11.7
144.60000000001338,0,0,,4856.844315231882,79.85075860091757,843.8,844.7,845.8,845.1,106.2,106,106.7,106.6,1.437,3.89,97.9,0.276,26.6,0.943,23.5,6.7,88.6,14.47,0,-37,95,0.5837,-13.7,GENERATOR_FAILURE,0.9,,,
144.7000000000133,0,0,,4861.562732049327,79.84993867145371,842.6,843.5,846.5,843.8,106.9,106,106.4,106.7,1.443,3.85,98.2,0.282,26.5,0.939,23.5,6.8,88.5,14.46,0,-36.7,95,0.5838,-13.9,GENERATOR_FAILURE,0.9,,,
144.8000000000132,0,0,,4851.867218533149,79.86059211659855,844.9,846.2,844.6,844.6,106.4,105.6,106.4,106.9,1.442,3.85,98,0.275,26.5,0.942,23.6,6.7,88.7,14.49,0,-36.8,94.9,0.583,-13.6,GENERATOR_FAILURE,0.9,,,
144.9000000000131,0,0,,4860.704115085865,79.91684105210568,843,845.9,843,843.8,106.1,106,106.1,106.5,1.442,3.83,98,0.301,26.5,0.937,23.5,6.9,88.7,14.48,0,-37,95,0.5846,-13.7,GENERATOR_FAILURE,0.9,,,
145.00000000001302,0,0,,4862.813303479116,79.79890363399626,842,844.6,843,845.9,106.3,106.8,106.2,106.3,1.445,3.86,98.2,0.266,26.5,0.943,23.5,6.9,88.6,14.45,0,-37,95,0.5835,-13.8,GENERATOR_FAILURE,0.9,,,
145.10000000001293,0,0,,4854.4375661876265,79.819695769892,844.2,848.7,841.2,844.2,106.3,106.3,107.4,106.2,1.449,3.81,98,0.269,26.6,0.937,23.5,6.8,88.2,14.48,0,-36.9,95.1,0.5829,-13.7,GENERATOR_FAILURE,0.9,,,
145.20000000001284,0,0,,4856.915878571347,79.8753931064004,844.2,845.7,842.3,844.4,106,106.2,106.1,106.3,1.439,3.83,97.8,0.286,26.6,0.937,23.4,6.7,88.8,14.48,0,-36.4,95,0.5827,-13.7,GENERATOR_FAILURE,0.9,,,
145.30000000001274,0,0,,4852.088099461643,79.8059727107548,844.5,846.7,842.7,842.7,106.5,106.7,106.5,105.9,1.437,3.86,98,0.272,26.5,0.942,23.5,6.9,88.7,14.48,0,-36.7,95.1,0.5838,-13.7,GENERATOR_FAILURE,0.9,,,
145.40000000001265,0,0,,4855.902997983211,79.91151706693816,843.3,845.4,841.3,843.2,106.6,106.2,106.4,105.6,1.446,3.86,98.3,0.277,26.5,0.94,23.4,6.7,88.6,14.49,0,-36.4,94.9,0.583,-13.8,GENERATOR_FAILURE,0.9,,,
145.50000000001256,0,0,,4852.119372896262,79.84429215277821,844.7,843.6,845.6,842,106.4,106,106.3,105.9,1.445,3.85,98,0.272,26.6,0.939,23.4,7.1,88.5,14.49,0,-36.5,94.9,0.5837,-13.8,GENERATOR_FAILURE,0.9,,,
145.53000000001254,0,1,145.61000000001255,4856.415277029215,79.77750718416753,844.2,844.1,843.2,844.1,106.2,106.7,106.8,106,1.435,3.88,97.9,0.269,26.4,0.94,23.4,6.6,88.7,14.46,0,-36.8,95,0.5842,-13.7,GENERATOR_FAILURE,0.9,GENERATOR_FAILURE,13,11.6
145.60000000001247,0,0,,4854.963469738969,79.88715427701065,845.4,844,843.3,843.5,106.3,106.2,106.2,106,1.432,3.82,98.1,0.289,26.5,0.939,23.5,6.8,88.4,14.49,0,-36.7,94.9,0.5833,-13.6,GENERATOR_FAILURE,0.9,,,
145.70000000001238,0,0,,4854.237170017305,79.9056338228405,844,846,844.9,845.3,107,105.8,106.9,106.3,1.432,3.8,98.3,0.286,26.6,0.934,23.5,6.4,88.1,14.49,0,-36.7,94.9,0.5834,-13.6,GENERATOR_FAILURE,0.9,,,
145.8000000000123,0,0,,4855.370555226236,80.01977746336262,844,845.2,845,845.7,106.4,106.6,106.2,106.7,1.442,3.86,98.2,0.285,26.6,0.937,23.4,6.8,88.5,14.51,0,-36.8,94.9,0.5831,-13.8,GENERATOR_FAILURE,0.9,,,
145.9000000000122,0,0,,4853.15305565446,80.02493107437844,842,845,842.9,844.2,106.4,106,106.3,106.4,1.443,3.84,98,0.281,26.7,0.938,23.5,7.4,88.8,14.52,0,-36.7,94.8,0.584,-13.6,GENERATOR_FAILURE,0.9,,,
146.0000000000121,0,0,,4851.8723411674855,79.79869190722718,844,840.3,843,843.3,106,105.9,105.9,106.1,1.434,3.89,98,0.269,26.5,0.94,23.5,7,88.3,14.48,0,-36,95,0.5835,-13.7,GENERATOR_FAILURE,0.9,,,
146.10000000001202,0,0,,4856.386384123829,79.75886891119231,847.2,844.8,843.3,844.6,106.5,106.6,106.5,106.2,1.435,3.84,98.1,0.286,26.5,0.94,23.5,6.4,88.6,14.46,0,-36.1,95,0.5832,-13.7,GENERATOR_FAILURE,0.9,,,
146.20000000001193,0,0,,4853.3972291516475,79.87169126933732,845.4,844.6,845,844.4,106.4,107,106.4,106.2,1.439,3.88,97.9,0.278,26.6,0.941,23.5,6.6,88.5,14.49,0,-35.6,95,0.5833,-13.8,GENERATOR_FAILURE,0.9,,,
146.30000000001183,0,0,,4850.6770429797225,79.80722307610426,844.9,842.5,844.5,844.7,106.5,106.7,106.5,106.9,1.436,3.82,98,0.289,26.5,0.947,23.5,7,88.4,14.48,0,-35.7,94.9,0.5832,-13.6,GENERATOR_FAILURE,0.9,,,
146.40000000001174,0,0,,4850.759717533776,79.97173478050529,843.9,842.9,843.8,842.8,106.4,106.4,106.5,106.3,1.438,3.85,98,0.279,26.6,0.937,23.5,6.3,88.6,14.52,0,-35.6,95,0.5839,-13.9,GENERATOR_FAILURE,0.9,,,
146.50000000001165,0,0,,4850.286421592736,79.73697245729392,846.7,845.7,842.9,842.7,105.9,106.3,106.5,106.4,1.441,3.87,98.2,0.296,26.6,0.938,23.5,6.9,88.4,14.47,0,-35.9,94.8,0.5837,-13.7,GENERATOR_FAILURE,0.9,,,
146.54000000001162,0,1,146.62000000001163,4845.96134010835,79.9318472795344,845.2,843.7,844.1,843.8,106.8,106.4,106.1,106.2,1.438,3.86,97.9,0.274,26.6,0.942,23.5,6.7,88.8,14.52,0,-35.7,94.9,0.5833,-13.7,GENERATOR_FAILURE,0.9,GENERATOR_FAILURE,10.7,11.9
146.60000000001156,0,0,,4848.840415006112,79.76381439132572,845.1,844,845.9,845.5,106.3,106.1,106.4,106.2,1.433,3.88,97.9,0.273,26.5,0.938,23.5,7,88.1,14.48,0,-35.9,94.9,0.5839,-13.6,GENERATOR_FAILURE,0.9,,,
146.70000000001147,0,0,,4853.081238782936,79.80259410621754,845.1,844.5,842.8,842.2,106.6,106.3,106.4,106.5,1.452,3.85,97.9,0.273,26.4,0.937,23.5,6.8,88.2,14.48,0,-35.8,94.8,0.5833,-13.8,GENERATOR_FAILURE,0.9,,,
146.80000000001138,0,0,,4851.318000026477,79.67240918209778,843.4,842.7,843.7,844.5,105.9,106.2,105.7,106.5,1.441,3.84,98,0.291,26.4,0.935,23.4,6.7,88.7,14.45,0,-36,94.9,0.5835,-13.7,GENERATOR_FAILURE,0.9,,,
146.9000000000113,0,0,,4847.7678438383255,79.74287337831099,844,844.2,840.3,842.4,106.3,106.7,105.8,106.9,1.445,3.85,98,0.287,26.5,0.939,23.5,7.2,88.5,14.48,0,-36.5,94.8,0.583,-13.6,GENERATOR_FAILURE,0.9,,,
147.0000000000112,0,0,,4851.917205955687,79.71834695284518,844.3,843.9,842.3,842.6,106.5,106.6,106.6,106.2,1.45,3.84,98.1,0.29,26.5,0.936,23.4,6.8,88.4,14.46,0,-36.3,94.8,0.5843,-13.7,GENERATOR_FAILURE,0.9,,,
147.1000000000111,0,0,,4852.93620265781,79.83374614888814,845.1,846.1,843.7,843.5,106.7,106.2,106.1,106.3,1.448,3.88,98.1,0.275,26.5,0.944,23.5,7.1,89,14.48,0,-36.5,94.9,0.5825,-13.7,GENERATOR_FAILURE,0.9,,,
147.20000000001102,0,0,,4848.304296997969,79.85026591586268,845.1,846.1,842.8,841.9,106.2,106.4,106.3,106,1.44,3.87,98.1,0.288,26.5,0.938,23.4,7,88.5,14.5,0,-36.8,94.9,0.5832,-13.8,GENERATOR_FAILURE,0.9,,,
147.30000000001093,0,0,,4847.856740635539,79.8846379197545,844,843.7,843.8,841.4,106.7,106.2,105.8,106.4,1.446,3.86,98,0.282,26.5,0.941,23.5,6.8,88.4,14.51,0,-37.5,94.8,0.5835,-13.6,GENERATOR_FAILURE,0.9,,,
147.40000000001083,0,0,,4848.547713609549,79.84509594775042,842.4,842.8,845.3,843.2,106.3,106.1,106.6,106.9,1.432,3.86,98.1,0.293,26.5,0.941,23.4,6.9,88.5,14.5,0,-37.5,94.9,0.5834,-13.7,GENERATOR_FAILURE,0.9,,,
147.50000000001074,0,0,,4836.830025885828,79.777400096359,845.6,844.3,843.3,841.5,106.1,106.6,105.3,106.4,1.45,3.85,98,0.275,26.6,0.94,23.4,6.9,88.6,14.52,0,-37.3,94.8,0.585,-13.8,GENERATOR_FAILURE,0.9,,,
147.59000000001066,0,1,147.67000000001067,4847.75158220995,79.5238749917134,845.2,844.6,844,842.1,106.1,106.1,106.3,106.6,1.443,3.85,98,0.272,26.4,0.941,23.3,6.9,88.7,14.43,0,-37.4,94.9,0.5831,-13.7,GENERATOR_FAILURE,0.9,GENERATOR_FAILURE,12.7,11.1
147.60000000001065,0,0,,4844.0579771056855,79.66993624602135,844,843.8,844.4,843.2,106.4,106.5,106.4,106.5,1.441,3.88,98,0.28,26.5,0.944,23.3,7.4,88.3,14.47,0,-38,94.8,0.5833,-13.7,GENERATOR_FAILURE,0.9,,,
147.70000000001056,0,0,,4858.335888310413,79.57759664729642,842.5,844.1,842.9,842.3,106.1,106.5,106,106.4,1.438,3.88,98,0.279,26.4,0.938,23.3,7,88.9,14.41,0,-37.8,94.8,0.584,-13.7,GENERATOR_FAILURE,0.9,,,
147.80000000001047,0,0,,4846.62520384122,79.77467471741902,847.3,843.9,841.6,845.3,106.1,106.5,106.3,106.6,1.432,3.81,98,0.275,26.4,0.939,23.4,7.3,88.4,14.49,0,-37.5,94.9,0.5837,-13.5,GENERATOR_FAILURE,0.9,,,
147.90000000001038,0,0,,4848.457997349018,79.48740274952904,843.2,845.5,844.6,842.7,106.6,106.3,107,106.5,1.431,3.83,98.1,0.285,26.4,0.939,23.5,6.4,88.4,14.42,0,-37.4,94.9,0.5847,-13.8,GENERATOR_FAILURE,0.9,,,
148.0000000000103,0,0,,4851.3160019689185,79.67861001493651,843.8,843,843.6,845,106.4,105.8,105.4,106.5,1.441,3.86,98,0.28,26.5,0.94,23.4,7,88.3,14.46,0,-37.3,94.9,0.5836,-13.7,GENERATOR_FAILURE,0.9,,,
148.1000000000102,0,0,,4843.412533326942,79.77893115149186,842.4,847,845.1,844,106.1,106.5,106.6,106.2,1.435,3.81,98,0.283,26.5,0.943,23.4,6.5,88.4,14.5,0,-37.9,94.8,0.5837,-13.8,GENERATOR_FAILURE,0.9,,,
148.2000000000101,0,0,,4839.576143881733,79.57271774317016,843.3,844.8,843.5,845.8,106.2,106.2,106.2,106,1.437,3.84,98.1,0.28,26.5,0.936,23.4,7,88.5,14.47,0,-37.7,94.8,0.5842,-13.7,GENERATOR_FAILURE,0.9,,,
148.30000000001002,0,0,,4845.375377025732,79.74885394856095,842.4,842.7,845.1,842.6,106.3,106.5,106.3,106.1,1.428,3.88,98,0.278,26.5,0.941,23.4,7.5,88.4,14.49,0,-37.3,94.8,0.5839,-13.6,GENERATOR_FAILURE,0.9,,,
148.40000000000992,0,0,,4850.433586732147,79.69155169432733,843.8,843.1,846,843.4,106.2,106,106.5,106.5,1.434,3.86,98.1,0.298,26.5,0.936,23.5,7.2,88.7,14.46,0,-37.2,94.8,0.5837,-13.9,GENERATOR_FAILURE,0.9,,,
148.50000000000983,0,0,,4846.879014108223,79.7579439288798,843.3,843.3,843.2,842.8,107,106.3,106.7,106.3,1.436,3.85,98,0.28,26.5,0.942,23.5,7.6,88.4,14.48,0,-37.3,94.9,0.5834,-13.7,GENERATOR_FAILURE,0.9,,,
148.60000000000974,0,0,,4843.952762364662,79.67814378057493,841.9,843.9,844,843.1,106.2,106.2,106.3,105.6,1.436,3.87,98.1,0.284,26.5,0.944,23.5,7,88,14.48,0,-36.5,94.8,0.5834,-13.8,GENERATOR_FAILURE,0.9,,,
148.60000000000974,0,1,148.68000000000976,4843.952762364662,79.67814378057493,841.9,843.9,844,843.1,106.2,106.2,106.3,105.6,1.436,3.87,98.1,0.284,26.5,0.944,23.5,7,88,14.48,0,-36.5,94.8,0.5834,-13.8,GENERATOR_FAILURE,0.9,GENERATOR_FAILURE,11.6,12.6
148.70000000000965,0,0,,4841.957659339596,79.67218407945757,843.5,846.3,840.9,842.2,106.2,106.2,106.5,106.3,1.438,3.85,98,0.277,26.4,0.942,23.5,6.2,88.5,14.48,0,-36.1,94.8,0.584,-13.8,GENERATOR_FAILURE,0.9,,,
148.80000000000956,0,0,,4844.337125510127,79.65166422021802,845.1,841.9,843.7,844.7,105.9,106.4,106.8,106.5,1.438,3.86,98.2,0.277,26.4,0.94,23.5,7.4,89,14.47,0,-36,94.7,0.5836,-13.7,GENERATOR_FAILURE,0.9,,,
148.90000000000947,0,0,,4846.203122690316,79.54756291335356,843.8,842.4,843.5,844.4,106.5,106.3,105.8,106.2,1.439,3.87,98,0.279,26.4,0.936,23.4,5.9,88.7,14.44,0,-36.4,94.7,0.5839,-13.7,GENERATOR_FAILURE,0.9,,,
149.00000000000938,0,0,,4842.249053308585,79.59185105514028,845.9,842.7,842.6,845,106.6,106.7,106.4,106.1,1.442,3.83,98,0.276,26.3,0.934,23.5,7,88.4,14.46,0,-37.1,94.7,0.5836,-13.6,GENERATOR_FAILURE,0.9,,,
149.1000000000093,0,0,,4849.057376182865,79.55364674274875,842.4,843.1,842.2,843,106.5,105.9,106.1,106.4,1.437,3.85,98,0.275,26.4,0.932,23.6,6.8,88.2,14.44,0,-37.1,94.8,0.5834,-13.8,GENERATOR_FAILURE,0.9,,,
149.2000000000092,0,0,,4838.255193964557,79.36076249794516,843.4,842.9,846.2,841.7,106.1,106.6,106.1,105.6,1.436,3.87,98,0.298,26.3,0.939,23.4,6.9,88.5,14.43,0,-36.9,94.8,0.5832,-14,GENERATOR_FAILURE,0.9,,,
149.3000000000091,0,0,,4847.964976930208,79.4504356555714,843.6,842.9,842.4,844.1,106.3,106.4,106.2,107.1,1.44,3.86,98,0.278,26.4,0.938,23.6,7.2,88.3,14.42,0,-36.7,94.7,0.5837,-13.6,GENERATOR_FAILURE,0.9,,,
149.40000000000902,0,0,,4839.211969683131,79.59404335108808,842.5,841.9,843.2,842.7,106.6,105.9,106.8,106.5,1.432,3.84,98,0.279,26.4,0.934,23.5,7.3,88.6,14.47,0,-36.6,94.7,0.5833,-13.6,GENERATOR_FAILURE,0.9,,,
149.50000000000892,0,0,,4844.3290079438675,79.35752101714439,844.4,843.1,843.3,843.4,106.1,106.7,106.5,106.4,1.432,3.86,98.1,0.276,26.3,0.943,23.4,6.6,88.3,14.41,0,-36.3,94.7,0.5841,-13.7,GENERATOR_FAILURE,0.9,,,
149.60000000000883,0,0,,4845.709173836813,79.54530799501245,843.1,844.1,843.4,843.2,106.6,106.4,106.1,106.3,1.445,3.83,97.9,0.286,26.4,0.939,23.4,7.2,88.5,14.44,0,-36.3,94.7,0.5835,-13.8,GENERATOR_FAILURE,0.9,,,
149.61000000000882,0,1,149.69000000000884,4841.335507228501,79.40525545351885,846.5,842.8,845.8,843.3,106.3,106.5,106.5,106.7,1.44,3.86,98.2,0.275,26.4,0.938,23.6,7.2,88.8,14.43,0,-36.5,94.7,0.5828,-14,GENERATOR_FAILURE,0.9,GENERATOR_FAILURE,11,12.2
149.70000000000874,0,0,,4843.8095327486035,79.52902000867975,844,844.1,843.3,844.7,106.4,106.7,105.9,106.6,1.431,3.86,98.1,0.279,26.4,0.941,23.5,7.2,88.6,14.45,0,-36.2,94.6,0.5837,-13.7,GENERATOR_FAILURE,0.9,,,
149.80000000000865,0,0,,4837.580238369319,79.40532253154315,842.9,844.5,843.2,842.2,106.5,106.9,106.2,105.9,1.434,3.87,98,0.272,26.3,0.939,23.4,7.2,88.8,14.44,0,-36.2,94.7,0.5834,-13.7,GENERATOR_FAILURE,0.9,,,
149.90000000000856,0,0,,4838.875560319392,79.49367756794821,843.1,841.2,843.2,843.1,106.3,106.6,106.9,105.7,1.439,3.87,98,0.276,26.4,0.944,23.5,6.9,88.8,14.45,0,-36.4,94.7,0.5828,-13.7,GENERATOR_FAILURE,0.9,,,
150.00000000000847,0,0,,4842.702753033279,79.63126228286725,841.6,842.8,842.3,842.7,106,106.3,106.5,107,1.435,3.85,98.2,0.279,26.4,0.944,23.6,7.5,88.3,14.47,0,-36.4,94.6,0.5842,-13.8,GENERATOR_FAILURE,0.9,,,
150.10000000000838,0,0,,4837.350114134063,79.57313810242881,842.5,842.1,844.8,842.3,106,106.7,106.3,106.6,1.424,3.84,97.9,0.28,26.5,0.941,23.5,6.5,88.2,14.47,0,-36.3,94.7,0.5838,-13.8,GENERATOR_FAILURE,0.9,,,
150.2000000000083,0,0,,4841.248644438816,79.48587492314452,842.1,841.5,842.3,845.2,106.6,106.6,106.8,106.4,1.445,3.89,98.1,0.285,26.4,0.945,23.4,6.6,88.5,14.44,0,-36.3,94.7,0.5841,-13.8,GENERATOR_FAILURE,0.9,,,
150.3000000000082,0,0,,4838.180218243798,79.43733913735345,843.5,843.6,841.6,844.1,106.1,106.7,107.3,106.9,1.436,3.85,98,0.28,26.3,0.94,23.6,6.7,88.3,14.44,0,-36.5,94.6,0.5837,-13.6,GENERATOR_FAILURE,0.9,,,
150.4000000000081,0,0,,4832.654982582468,79.40763718609344,844.2,843.6,844.2,841.3,105.6,106.3,106.4,105.9,1.429,3.81,98.1,0.292,26.4,0.939,23.5,6.6,88.2,14.45,0,-36.4,94.6,0.5847,-13.6,GENERATOR_FAILURE,0.9,,,
150.50000000000801,0,0,,4836.760722850097,79.36667401700835,843.3,843.6,846.6,842.2,106.3,106.7,106.7,106.4,1.443,3.87,98.1,0.272,26.4,0.939,23.4,7,88.6,14.43,0,-36.2,94.7,0.5826,-13.7,GENERATOR_FAILURE,0.9,,,
150.60000000000792,0,0,,4835.303460109986,79.40709201603428,843.7,843,843.7,841.7,106.3,106.2,106.3,107,1.434,3.82,98.3,0.283,26.2,0.94,23.5,6.6,88.7,14.44,0,-36.1,94.6,0.5835,-13.9,GENERATOR_FAILURE,0.9,,,
150.6200000000079,0,1,150.70000000000792,4834.520184305375,79.1487181764307,841.8,843.4,841.1,842.6,106.3,106.3,106.6,106.2,1.444,3.84,97.8,0.28,26.3,0.941,23.5,7,88.3,14.39,0,-35.9,94.6,0.5834,-13.6,GENERATOR_FAILURE,0.9,GENERATOR_FAILURE,14.1,11.5
150.70000000000783,0,0,,4836.749265508292,79.29360014623326,845.9,843.5,839.7,843.5,106.7,106.7,106.5,106.7,1.439,3.87,98.1,0.277,26.4,0.936,23.5,7.1,88.4,14.42,0,-36.2,94.6,0.584,-13.6,GENERATOR_FAILURE,0.9,,,
150.80000000000774,0,0,,4831.723984970849,79.2597732670407,845,844.5,841.1,842.1,106.2,106.2,106.5,106.2,1.432,3.91,98.2,0.285,26.3,0.941,23.5,7.3,88.7,14.42,0,-35.8,94.8,0.5837,-13.8,GENERATOR_FAILURE,0.9,,,
150.90000000000765,0,0,,4832.281589864203,79.49341726760909,841.6,843.6,842.4,841.5,106.6,105.9,106.4,106.3,1.431,3.83,97.8,0.28,26.4,0.939,23.4,6.1,88.4,14.47,0,-35.6,94.6,0.5841,-13.6,GENERATOR_FAILURE,0.9,,,
151.00000000000756,0,0,,4841.930817417511,79.34089001089804,845.6,843.2,845.8,843.7,106.3,106.5,106.1,106.3,1.44,3.84,98,0.291,26.4,0.938,23.6,6.7,88.7,14.41,0,-35.9,94.6,0.5837,-13.9,GENERATOR_FAILURE,0.9,,,
151.10000000000747,0,0,,4833.335131036024,79.17524275327406,841.8,843.6,844.8,843.1,106,106.3,106,107,1.43,3.83,98.2,0.268,26.2,0.94,23.5,7.4,88.4,14.4,0,-36.4,94.6,0.5839,-13.7,GENERATOR_FAILURE,0.9,,,
151.20000000000738,0,0,,4835.643630187746,79.32477357484842,844.2,843.4,842.7,841.2,106.9,106.1,106.6,106.6,1.437,3.85,98.1,0.28,26.4,0.941,23.5,7.3,88.7,14.43,0,-36,94.7,0.5849,-13.7,GENERATOR_FAILURE,0.9,,,
151.3000000000073,0,0,,4838.759156229931,79.2889888143663,841.8,844.1,842.8,844.4,106.5,106.4,106.4,105.9,1.433,3.88,98.1,0.278,26.3,0.938,23.5,7.4,88,14.41,0,-36,94.5,0.5847,-13.7,GENERATOR_FAILURE,0.9,,,
151.4000000000072,0,0,,4828.63187215655,79.2570671916548,845.3,842,844.6,845.4,105.9,106.5,106.7,106.9,1.426,3.86,98,0.29,26.3,0.944,23.5,7,88.5,14.43,0,-36.2,94.6,0.5842,-13.7,GENERATOR_FAILURE,0.9,,,
151.5000000000071,0,0,,4830.517159863614,79.18313526887131,842.4,841.3,845.3,844,105.9,106.6,106.1,106.8,1.417,3.86,98.2,0.28,26.3,0.943,23.5,7.6,88.6,14.41,0,-36.5,94.6,0.5836,-13.7,GENERATOR_FAILURE,0.9,,,
151.60000000000701,0,0,,4826.557587112783,79.32932585193039,843,844,842.9,843.4,106.9,106.4,106.7,106.2,1.438,3.85,98,0.284,26.3,0.939,23.6,7,88.3,14.45,0,-36.2,94.6,0.5836,-13.5,GENERATOR_FAILURE,0.9,,,
151.630000000007,0,1,151.710000000007,4832.803312427809,79.28897962260358,843,843.2,844.2,842.7,106.3,106.6,106.5,106.6,1.436,3.83,98,0.29,26.3,0.934,23.5,6.7,88.5,14.43,0,-36.2,94.6,0.584,-13.7,GENERATOR_FAILURE,0.9,GENERATOR_FAILURE,16.3,11.8
151.70000000000692,0,0,,4835.842059982578,79.22613918532383,843,844.6,840.7,843.6,106.3,106.7,106.5,106.1,1.436,3.87,97.9,0.27,26.3,0.943,23.6,6,88.3,14.41,0,-36.7,94.5,0.5838,-13.7,GENERATOR_FAILURE,0.9,,,
151.80000000000683,0,0,,4828.8889921906,79.23023589990855,841.6,841.8,839.9,842.6,106.5,106.2,106.8,106.8,1.425,3.87,98.1,0.29,26.3,0.937,23.4,6.8,88.7,14.43,0,-37,94.6,0.5839,-13.5,GENERATOR_FAILURE,0.9,,,
151.90000000000674,0,0,,4833.6692872570275,79.14385311904562,844,843.2,843.2,841.3,106.2,106.2,105.9,106.4,1.434,3.84,98,0.272,26.2,0.938,23.5,7.9,88.3,14.39,0,-36.5,94.5,0.5829,-13.7,GENERATOR_FAILURE,0.9,,,
152.00000000000665,0,0,,4826.620385013049,79.36254959194198,843,841.8,844.3,842.6,106.4,106.6,107,106.2,1.428,3.84,98,0.298,26.4,0.941,23.4,6.6,88.2,14.46,0,-37.1,94.6,0.5827,-13.6,GENERATOR_FAILURE,0.9,,,
152.10000000000656,0,0,,4834.028864569549,79.2449134463647,843.5,842.6,841.8,844.1,106.3,106,106.4,106,1.431,3.83,98.1,0.282,26.3,0.943,23.4,7.2,88.6,14.41,0,-36.7,94.5,0.5838,-13.6,GENERATOR_FAILURE,0.9,,,
152.20000000000647,0,0,,4833.130879015473,79.1532822537921,840.8,843.8,841.3,843.3,106.4,106.2,106,106.4,1.419,3.85,98.1,0.275,26.3,0.941,23.5,7.2,88.6,14.4,0,-36.6,94.5,0.5829,-13.8,GENERATOR_FAILURE,0.9,,,
152.30000000000638,0,0,,4832.057740585494,79.05493650328894,842.5,842.5,841.6,843.5,106.7,106.6,106.4,106.2,1.433,3.82,97.9,0.273,26.3,0.945,23.5,7.1,88.5,14.38,0,-36.8,94.5,0.5837,-13.9,GENERATOR_FAILURE,0.9,,,
152.4000000000063,0,0,,4822.8196818977385,79.1662445604998,844.8,842.9,844.3,842.6,106.7,106.3,106.2,106.6,1.43,3.83,98,0.281,26.3,0.936,23.6,7.1,88.2,14.43,0,-36.7,94.5,0.5835,-13.7,GENERATOR_FAILURE,0.9,,,
152.5000000000062,0,0,,4829.799228749099,79.13479660860764,844.6,841.4,844.8,842.7,106.8,106.1,105.8,106.3,1.437,3.83,98.1,0.278,26.2,0.933,23.4,7.2,88.2,14.4,0,-36.8,94.6,0.5824,-13.9,GENERATOR_FAILURE,0.9,,,
152.6000000000061,0,0,,4830.22857361405,79.05982931130073,842.6,841.2,841.4,841.6,106.8,106.3,106.8,105.7,1.426,3.84,98.2,0.28,26.1,0.94,23.4,7,88.8,14.39,0,-36.9,94.5,0.5837,-13.7,GENERATOR_FAILURE,0.9,,,
152.63000000000608,0,1,152.7100000000061,4819.73331925852,79.2082373933626,844.2,842.4,841,843.1,106.6,106.9,106.9,106.5,1.43,3.85,98.2,0.278,26.3,0.942,23.4,6.6,88.3,14.45,0,-37.1,94.5,0.5843,-13.8,GENERATOR_FAILURE,0.9,GENERATOR_FAILURE,12.1,11.2
152.700000000006,0,0,,4827.424264371125,79.1565486259991,843.4,843.1,840.9,843.4,106.4,106.6,106.4,106.2,1.428,3.87,98,0.27,26.3,0.937,23.4,7.2,88.2,14.41,0,-36.3,94.6,0.584,-13.8,GENERATOR_FAILURE,0.9,,,
152.80000000000592,0,0,,4820.920754999936,79.04155434338408,841.9,843.8,842.9,841.3,106.4,106.3,105.9,106,1.43,3.87,98.1,0.286,26.2,0.937,28.4,46.9,88.5,14.41,0,2.5,94.5,0.5832,-13.7,NONE,0,,,
152.90000000000583,0,0,,4823.672319330291,78.92534500549117,842.6,841,843.8,842.4,106.7,106.5,105.8,105.8,1.435,3.85,98.1,0.278,26.1,0.938,28.4,46.9,88.6,14.38,0,2.5,94.6,0.5839,-13.9,NONE,0,,,
153.00000000000574,0,0,,4827.704566870454,79.1580213548267,844.1,842.2,841.7,841.5,106.1,106.3,106.9,106.9,1.43,3.87,98,0.283,26.3,0.942,28.3,46.8,88.6,14.41,0,2.6,94.6,0.5837,-13.6,NONE,0,,,
153.10000000000565,0,0,,4828.227497523925,79.1491729506613,843.3,841.7,841,842.7,106.5,106.5,106.5,107.2,1.425,3.82,98.1,0.263,26.2,0.941,28.3,46.2,88.6,14.41,0,2.5,94.5,0.5836,-13.6,NONE,0,,,
153.20000000000556,0,0,,4833.1668360404365,79.11351977755594,841,840.7,842.2,841.5,106,106.7,105.8,106,1.427,3.85,98.2,0.274,26.3,0.945,28.4,45.9,88.8,14.39,0,2.5,94.7,0.5835,-13.6,NONE,0,,,
153.30000000000547,0,0,,4823.594053195172,79.11525450378807,841.2,841.8,843.5,843.5,106.1,106.1,106.6,106.5,1.432,3.83,98.2,0.284,26.2,0.942,28.4,45.5,88.5,14.42,0,2.5,94.5,0.5834,-13.7,NONE,0,,,
153.40000000000538,0,0,,4820.657940104086,79.19018882082808,843,844.8,841.3,841.5,106.3,106,106.4,106.6,1.417,3.85,98.1,0.295,26.2,0.938,28.4,45.6,88.3,14.44,0,2.6,94.5,0.5833,-13.7,NONE,0,,,
153.5000000000053,0,0,,4825.413677905678,79.09791245639356,841.6,842.5,841.5,842.7,106.1,106,106.1,106.3,1.428,3.88,98.1,0.276,26.2,0.946,28.4,45.2,88.6,14.41,0,2.5,94.5,0.5839,-13.4,NONE,0,,,
153.6000000000052,0,0,,4821.878038781576,78.9909330624562,842.7,842.3,841.7,840.8,105.7,105.8,106.2,105.9,1.432,3.86,98.3,0.274,26.2,0.94,28.5,45.8,88.4,14.4,0,2.4,94.5,0.5836,-13.9,NONE,0,,,
153.6900000000051,0,1,153.77000000000513,4824.215169117147,78.95193539426938,843.6,841.1,841.7,840.6,107,107,106.4,106.5,1.429,3.89,98.2,0.274,26.3,0.946,28.3,45.6,88.4,14.38,0,2.7,94.5,0.5834,-13.8,NONE,0,GENERATOR_FAILURE,87.2,87.4
153.7000000000051,0,0,,4819.218943177908,78.84953108621384,842.8,842.8,841.6,845.7,106.6,106,105.7,106.9,1.43,3.9,98.2,0.281,26.2,0.939,28.4,45.7,88.4,14.37,0,2.5,94.6,0.584,-13.8,NONE,0,,,
153.800000000005,0,0,,4817.684611221875,78.9161524264495,843.4,843.1,841.7,839.4,105.9,106.2,106.4,106.4,1.427,3.84,98,0.276,26.2,0.943,28.4,45.8,88.7,14.39,0,2.6,94.5,0.5835,-13.6,NONE,0,,,
153.90000000000492,0,0,,4817.230254107154,78.8486272751545,842.3,843.5,842.6,841.7,106.2,107,106,106.3,1.425,3.84,97.9,0.266,26.1,0.937,28.4,44.3,88.8,14.38,0,2.6,94.4,0.5833,-13.7,NONE,0,,,
154.00000000000483,0,0,,4818.691016125234,79.1022578082607,842.5,839.5,843.4,842.6,106.4,106.6,106.4,106.2,1.427,3.86,98.2,0.277,26.3,0.943,28.3,44.1,88.8,14.43,0,2.3,94.4,0.5846,-13.6,NONE,0,,,
154.10000000000474,0,0,,4818.322488683385,78.94412423656335,841.8,841,841.2,842.1,106.6,106.3,106.8,107,1.436,3.88,98.2,0.283,26.1,0.936,28.3,43.2,88.5,14.4,0,2.6,94.5,0.5831,-13.8,NONE,0,,,
154.20000000000465,0,0,,4810.334676691997,78.84702456152812,842.2,841.9,843.6,840.8,106.2,106.8,106.1,105.9,1.421,3.85,98.1,0.283,26.1,0.942,28.4,44,88.5,14.4,0,2.2,94.5,0.5835,-13.6,NONE,0,,,
154.30000000000456,0,0,,4811.38859250557,78.72564557484218,842.3,841,842.3,840.8,106.4,106.9,106.1,106.5,1.429,3.85,98.2,0.273,26.1,0.939,28.4,43.3,88.5,14.37,0,2.5,94.5,0.5836,-13.7,NONE,0,,,
154.40000000000447,0,0,,4816.292415237169,78.79908157069039,841.5,842.1,843.7,841.5,106.3,106.2,106.5,106.4,1.432,3.87,98,0.289,26.1,0.942,28.4,44,88.6,14.37,0,2.5,94.5,0.5837,-14,NONE,0,,,
154.50000000000438,0,0,,4815.396591791514,78.92361925112543,841.2,842.8,841.1,841.2,106,106.4,106.5,105.9,1.422,3.88,97.9,0.291,26.2,0.938,28.5,43.6,88.3,14.4,0,2.6,94.5,0.5842,-13.7,NONE,0,,,
154.6000000000043,0,0,,4801.863302188207,78.96608565713409,840.5,840.3,841.4,841.4,106.1,106.8,106.5,106.2,1.431,3.86,98,0.282,26.2,0.936,28.4,43.2,88.4,14.45,0,2.4,94.5,0.5839,-13.7,NONE,0,,,
154.7000000000042,0,0,,4816.261908499712,78.83420127301962,842.8,844.9,840.9,842.7,106.2,106.3,106.4,106.5,1.427,3.85,98,0.289,26.1,0.944,28.4,43.3,88.5,14.38,0,2.5,94.5,0.5842,-13.7,NONE,0,,,
154.73000000000417,0,1,154.81000000000418,4815.761924975887,78.78929930693083,839.2,845.4,840.4,839.4,106.4,107,106.5,106.4,1.429,3.85,97.9,0.291,26.1,0.939,28.4,43.8,88.7,14.37,0,2.3,94.5,0.583,-13.7,NONE,0,GENERATOR_FAILURE,85,87.3
154.8000000000041,0,0,,4808.090615369584,78.63355141903457,840.6,840.8,841.3,841.5,106.2,106.7,105.6,106.5,1.422,3.86,98,0.281,26,0.94,28.4,44.2,88.3,14.36,0,2.6,94.5,0.5834,-13.8,NONE,0,,,
154.900000000004,0,0,,4806.162265873338,79.05753487967874,840.7,839.5,843.4,841.3,106.1,106.7,106.3,106,1.43,3.86,98,0.268,26.2,0.936,28.4,43.5,88.5,14.45,0,2.3,94.5,0.5846,-13.8,NONE,0,,,
155.00000000000392,0,0,,4814.764986846861,79.05119770328646,840.8,840,840.6,842,106.2,105.9,105.7,106.2,1.427,3.83,98,0.275,26.2,0.936,28.4,44.5,88.7,14.43,0,2.5,94.5,0.5837,-13.8,NONE,0,,,
155.10000000000383,0,0,,4807.670296038059,78.64116652409139,841.1,841.1,842.6,840.8,105.8,106.6,105.4,106.3,1.422,3.86,98.2,0.271,26.1,0.938,28.5,43.7,88.5,14.36,0,2.5,94.4,0.5835,-13.6,NONE,0,,,
155.20000000000374,0,0,,4810.344020953314,78.8722348547235,841.3,841.9,841.2,841.5,106.7,106.6,106.2,106.2,1.422,3.87,98.1,0.29,26.2,0.941,28.3,44.6,88.5,14.4,0,2.5,94.5,0.5837,-13.9,NONE,0,,,
155.30000000000365,0,0,,4814.539734298561,78.70207505927519,842.8,842.3,839.3,840.6,106.2,106,106.3,106.5,1.428,3.88,98.1,0.277,26,0.947,28.5,43.4,88.8,14.36,0,2.4,94.5,0.5842,-13.7,NONE,0,,,
155.40000000000356,0,0,,4812.808165882149,78.73640752523133,842.7,838.8,841.8,839.4,105.6,106.1,106.4,106.7,1.432,3.88,98,0.275,26,0.945,28.4,43.9,88.7,14.37,0,2.3,94.5,0.5825,-13.7,NONE,0,,,
155.50000000000347,0,0,,4807.099017450353,78.80736777853924,842,841.3,840.3,842.8,106.1,106.8,106.5,106.4,1.424,3.86,98.2,0.287,26.1,0.939,28.4,43.5,88.6,14.4,0,2.5,94.5,0.5837,-13.8,NONE,0,,,
155.60000000000338,0,0,,4803.995925925811,78.62897136101378,841.2,841.2,838.3,842.1,106.5,106,106.1,106.3,1.423,3.82,98,0.289,26.1,0.94,28.4,42.6,88.5,14.37,0,2.6,94.5,0.584,-13.8,NONE,0,,,
155.70000000000329,0,0,,4803.810332536109,78.77201402315288,841.1,841.7,839.6,840.9,106.5,106.9,106.3,106.3,1.422,3.85,98.1,0.279,26.2,0.941,28.5,43.5,88.6,14.4,0,2.5,94.5,0.5839,-13.8,NONE,0,,,
155.75000000000324,0,1,155.83000000000325,4804.366783022323,78.68630472477744,840.1,840.8,842.5,840.3,106.3,106.5,106.5,106.3,1.434,3.86,98.1,0.28,26.1,0.942,28.5,43.5,88.5,14.38,0,2.6,94.5,0.5834,-13.6,NONE,0,GENERATOR_FAILURE,84,82.5
155.8000000000032,0,0,,4802.9347228443075,78.66065288525822,842,840,837.5,843.4,106,106.3,106.1,106.7,1.417,3.87,98,0.278,26.1,0.94,28.3,43.2,88.3,14.38,0,2.5,94.5,0.5832,-13.7,NONE,0,,,
155.9000000000031,0,0,,4807.979786828142,78.6836437916152,841.2,842.5,839.2,843,106.7,106.4,106.1,106.1,1.428,3.86,98.1,0.284,26,0.936,28.5,43.2,88.3,14.37,0,2,94.5,0.5835,-13.9,NONE,0,,,
156.000000000003,0,0,,4802.645498011326,78.67006511649096,838.6,841,839.5,838.6,106.4,106.1,106.4,106.5,1.425,3.8,98.1,0.281,26,0.944,28.3,43.6,88.5,14.38,0,2.1,94.5,0.5823,-13.7,NONE,0,,,
156.10000000000292,0,0,,4810.144832615831,78.5647572778489,839,842.2,842.2,841.9,105.8,106.4,106.3,106.6,1.421,3.88,97.9,0.293,26,0.94,28.4,42.9,88.6,14.34,0,2.3,94.5,0.5831,-13.7,NONE,0,,,
156.20000000000283,0,0,,4802.2281095458875,78.67130562034053,842.4,840.6,839.9,841.6,106.1,106.1,106.4,106.5,1.427,3.9,98.2,0.298,26.1,0.942,28.4,43.5,88.1,14.38,0,2.2,94.6,0.5835,-13.9,NONE,0,,,
156.30000000000274,0,0,,4807.799879324345,78.57097362077373,841.4,840.2,841.6,840.7,106.4,106.9,106.8,106.5,1.417,3.83,97.9,0.266,26.1,0.939,28.4,43.8,88.5,14.35,0,2.5,94.5,0.5829,-13.7,NONE,0,,,
156.40000000000265,0,0,,4800.246647708669,78.70168975056848,840.5,839,843.2,840.5,106.7,106.1,105.9,106.3,1.418,3.82,98.2,0.273,26.1,0.942,28.4,44.3,88.4,14.4,0,2.4,94.5,0.5832,-13.6,NONE,0,,,
156.50000000000256,0,0,,4799.290454321262,78.27126136926924,841.9,840.5,840.5,841.4,106,106.8,106.5,106.1,1.424,3.84,97.8,0.283,25.9,0.946,28.4,43.9,88.7,14.31,0,2.3,94.5,0.5827,-13.9,NONE,0,,,
156.60000000000247,0,0,,4800.039926359788,78.65533054325853,838.2,841.1,839.6,841.3,106.5,106.6,106.5,105.8,1.411,3.85,98.1,0.265,26.1,0.941,28.3,43.5,88.8,14.39,0,2.4,94.5,0.5826,-13.8,NONE,0,,,
156.70000000000238,0,0,,4803.4872208840225,78.63473862221167,843.4,840.4,839.2,840.2,106.7,106,106.6,106.4,1.422,3.84,98.2,0.271,26.1,0.938,28.4,44.2,88.3,14.37,0,2.4,94.5,0.5836,-13.9,NONE,0,,,
156.75000000000233,0,1,156.83000000000234,4805.671929660962,78.46159561110763,841.5,840.5,843.9,839.2,106.1,106.5,106.5,106.2,1.413,3.85,98.1,0.28,26,0.944,28.5,43.8,88.4,14.33,0,2.6,94.5,0.5831,-13.6,NONE,0,GENERATOR_FAILURE,88.5,85.3
156.80000000000229,0,0,,4805.585973575868,78.68969212419557,837.1,841.8,840.7,841.4,106.7,106.4,106.7,106.6,1.416,3.82,98.1,0.287,26.1,0.938,28.4,43,88.6,14.38,0,2.5,94.6,0.5838,-13.8,NONE,0,,,
156.9000000000022,0,0,,4791.984099164511,78.37214360915755,840,843,839.3,842.3,106.5,106,106.4,106.7,1.42,3.87,97.9,0.295,25.9,0.946,28.4,43.5,88.6,14.35,0,2.6,94.5,0.5844,-13.7,NONE,0,,,
157.0000000000021,0,0,,4799.850591822854,78.36013160284563,841.5,839.6,844.1,840.6,106.3,106,106.5,106.2,1.412,3.88,98,0.281,25.9,0.932,28.5,43,88.6,14.33,0,2.3,94.6,0.5833,-13.7,NONE,0,,,
157.100000000002,0,0,,4799.205258343441,78.54479078345229,839.4,841.4,837.7,840.2,106.5,106.6,105.6,106.1,1.421,3.9,98,0.277,26.1,0.939,28.4,43.4,88.2,14.37,0,2.4,94.5,0.5835,-13.7,NONE,0,,,
157.20000000000192,0,0,,4803.005324039682,78.5023811332044,839.9,840.7,839.2,840.4,106.6,106.2,106.7,105.7,1.426,3.86,98.1,0.285,26,0.943,28.4,43.5,88.4,14.35,0,2.5,94.5,0.5841,-13.9,NONE,0,,,
157.30000000000183,0,0,,4803.440277094802,78.45337228511207,840.8,839.6,839.9,841.4,106.5,105.9,106.5,106.4,1.418,3.83,98.1,0.273,25.9,0.939,28.3,43.4,88.7,14.34,0,2.5,94.6,0.5838,-13.6,NONE,0,,,
157.40000000000174,0,0,,4795.357312241268,78.43793203997294,839.2,840.2,842.8,840.2,106.1,106.4,105.8,106.1,1.425,3.86,98.1,0.284,25.9,0.939,28.3,43.5,88.2,14.36,0,2.7,94.6,0.5835,-13.5,NONE,0,,,
157.50000000000165,0,0,,4800.818333734006,78.36935601567083,839.3,839.6,841.9,843.1,105.8,106.7,106.8,107.2,1.42,3.86,98.2,0.276,26,0.944,28.4,43.2,88.9,14.33,0,2.6,94.5,0.583,-13.6,NONE,0,,,
157.60000000000156,0,0,,4791.355877904464,78.45692992995426,840.6,840.3,841.3,840.2,106.3,106.2,106.9,106,1.418,3.82,98.2,0.274,26,0.944,28.3,43.8,88.3,14.37,0,2.6,94.6,0.5841,-13.6,NONE,0,,,
157.70000000000147,0,0,,4795.934750107292,78.40468462272591,839.6,840.7,839.9,840.4,106.6,106,106.2,106.6,1.423,3.86,98,0.288,26,0.938,28.5,43.1,88.5,14.35,0,2.5,94.5,0.5839,-13.7,NONE,0,,,
157.7600000000014,0,1,157.84000000000142,4794.318467673245,78.45209418066251,841.3,842.9,838,838.3,106.3,106.1,106.1,106.2,1.422,3.84,98.2,0.281,26,0.943,28.4,43.8,88.4,14.36,0,2.4,94.6,0.5837,-13.6,NONE,0,GENERATOR_FAILURE,86.8,82.7
157.80000000000138,0,0,,4797.254527910161,78.40270834232567,839.8,839.8,841,838.3,106.5,106.4,106.2,106.3,1.424,3.84,98,0.277,25.9,0.945,28.4,44.1,88.6,14.34,0,2.4,94.6,0.5836,-13.7,NONE,0,,,
157.90000000000128,0,0,,4792.33400656068,78.36590966942862,840.6,837.9,840.5,838.9,106.4,106,106.2,106.1,1.419,3.82,98,0.282,26,0.94,28.4,43.8,88.9,14.35,0,2.5,94.5,0.5835,-13.6,NONE,0,,,
158.0000000000012,0,0,,4792.611699717932,78.28518898191241,839.8,839.4,840.8,840.9,106.5,106,105.7,106.5,1.418,3.86,98.1,0.292,26,0.935,28.4,43.8,88.3,14.33,0,2.3,94.5,0.5824,-13.7,NONE,0,,,
158.1000000000011,0,0,,4797.683731165922,78.35612481434764,839.9,839.1,840.4,841.6,105.8,106,106.4,106.3,1.414,3.83,98.1,0.284,25.9,0.94,28.4,43.7,88.7,14.33,0,2.3,94.5,0.5844,-13.8,NONE,0,,,
158.200000000001,0,0,,4794.627933487479,78.25511470551068,839.7,839.3,839.2,837.8,106.3,106.3,106.3,106.7,1.412,3.86,98.2,0.267,26,0.943,28.4,44.8,88.5,14.32,0,2.4,94.5,0.5832,-13.7,NONE,0,,,
158.30000000000092,0,0,,4790.305499244619,78.14611947088756,838,840.6,840.7,840,106.3,106.4,106.2,106.4,1.425,3.87,98,0.28,25.8,0.94,28.3,44.4,88.6,14.31,0,2.6,94.6,0.5834,-13.7,NONE,0,,,
158.40000000000083,0,0,,4796.599207203322,78.2207727359757,841.2,842.1,841.2,838.7,106.8,106.6,106.5,106.1,1.427,3.83,98.1,0.285,25.9,0.94,28.4,44.5,88.4,14.31,0,2.6,94.6,0.5836,-13.7,NONE,0,,,
158.50000000000074,0,0,,4792.892368639667,78.47352039783914,840.6,839.4,839.9,839.3,106.1,106.4,106.2,106.1,1.421,3.89,98,0.285,26.1,0.941,28.4,44,88.6,14.37,0,2.2,94.5,0.5836,-13.8,NONE,0,,,
158.60000000000065,0,0,,4790.270728674948,78.29611677938307,838.2,840.3,838.5,840.7,106.7,105.7,106.6,106.6,1.421,3.83,98.1,0.274,25.9,0.937,28.4,44.4,88.6,14.34,0,2.4,94.5,0.5836,-13.7,NONE,0,,,
158.70000000000056,0,0,,4792.583947850514,78.10408341768222,839.2,840.1,839.5,838.5,105.6,106.1,106,106.2,1.415,3.86,98.2,0.282,25.9,0.943,28.4,44.4,88.5,14.29,0,2.6,94.6,0.5839,-13.7,NONE,0,,,
158.7600000000005,0,1,158.84000000000052,4795.510760168033,78.22810993030372,839.1,840.4,837.3,838.6,106.2,106.6,106.2,106.4,1.411,3.83,98.1,0.271,25.9,0.94,28.5,44.2,88.4,14.31,0,2.5,94.6,0.5835,-13.6,NONE,0,GENERATOR_FAILURE,87.6,87
158.80000000000047,0,0,,4790.475635053595,78.22342447196323,842.4,840.3,839.9,839.9,105.8,105.8,106.3,106.3,1.414,3.85,98,0.278,25.9,0.938,28.5,44.4,88.7,14.32,0,2.5,94.5,0.5831,-13.6,NONE,0,,,
158.90000000000038,0,0,,4789.8613207518065,78.07084769213866,839.3,837.9,836.8,839.5,106.1,106,107.2,106.4,1.411,3.83,98.2,0.292,25.8,0.941,28.4,44.8,88.3,14.29,0,2.4,94.7,0.5833,-13.5,NONE,0,,,
159.00000000000028,0,0,,4790.484363863712,78.1528072936134,841.5,840,840.9,839.4,106.6,105.8,106.7,106.6,1.418,3.85,98.1,0.286,25.8,0.935,28.4,44.3,88.4,14.31,0,2.5,94.6,0.5834,-13.8,NONE,0,,,
159.1000000000002,0,0,,4784.176045297397,78.19592201880218,839.2,840.6,839.5,840.2,106.6,106.6,106.3,106.1,1.415,3.86,98,0.281,25.8,0.943,28.3,43.4,88.7,14.34,0,2.5,94.5,0.5838,-13.7,NONE,0,,,
159.2000000000001,0,0,,4782.187648755972,78.20577721705473,839.1,838.4,839.6,838.5,106.7,106,106.4,106.4,1.415,3.84,98.1,0.28,25.8,0.937,28.4,44.2,88.6,14.34,0,2.7,94.6,0.583,-13.8,NONE,0,,,
159.3,0,0,,4785.679970695133,78.1652235956585,840.1,839.4,840.4,839.2,106.7,106,106.5,106.2,1.417,3.85,98.1,0.29,25.8,0.938,28.4,44.2,88.4,14.33,0,2.6,94.6,0.5845,-13.9,NONE,0,,,
159.39999999999992,0,0,,4785.069194336726,78.03088857209444,841.3,838,840.3,839.4,106.6,106,106.6,106.1,1.413,3.86,98.1,0.298,25.9,0.94,28.3,44.6,88.3,14.3,0,2.5,94.6,0.5833,-13.7,NONE,0,,,
159.49999999999983,0,0,,4787.42197271986,78.11954523874645,838.7,839.5,838.1,838.8,106.5,106.1,106.2,106.4,1.412,3.87,98,0.27,25.8,0.94,28.5,44.4,88.5,14.31,0,2.6,94.5,0.5838,-13.7,NONE,0,,,
159.59999999999974,0,0,,4790.561107118808,78.24624044472112,838,841.4,837.9,838.1,106.2,106.3,106.4,106,1.411,3.86,98.1,0.276,25.8,0.941,28.4,44,88.9,14.33,0,2.5,94.5,0.5843,-13.6,NONE,0,,,
159.69999999999965,0,0,,4783.075493358683,77.96662216813726,839.6,839.6,839.7,838,106.1,106,106.3,105.9,1.413,3.87,98.1,0.291,25.8,0.938,28.4,44.8,88.6,14.29,0,2.5,94.5,0.5836,-13.7,NONE,0,,,
159.76999999999958,0,1,159.8499999999996,4785.629345390295,78.09963254357088,837.7,839.5,840.6,839.6,106.1,105.7,106.2,105.9,1.418,3.83,98.2,0.281,25.9,0.942,28.3,44.5,88.4,14.31,0,2.5,94.6,0.5837,-13.8,NONE,0,GENERATOR_FAILURE,95.6,87.2
159.79999999999956,0,0,,4781.981586843213,78.00734407084501,839.3,837.3,839.5,839.1,107,106.6,106.7,106.3,1.421,3.88,98.2,0.283,25.8,0.943,28.4,44.8,88.9,14.3,0,2.1,94.6,0.583,-13.8,NONE,0,,,
159.89999999999947,0,0,,4781.7818738942915,78.00573310874378,839.1,838.9,840.4,839.1,106,106,106,105.9,1.413,3.87,97.9,0.279,25.8,0.942,28.3,45.2,88.4,14.3,0,2.8,94.6,0.5831,-13.8,NONE,0,,,
159.99999999999937,0,0,,4786.080510265945,78.00818117716386,838.7,838.8,837.2,839.4,106.4,106.4,106.3,106,1.411,3.85,98.1,0.286,25.8,0.941,28.4,45.7,88.3,14.29,0,2.3,94.6,0.5836,-13.6,NONE,0,,,
160.09999999999928,0,0,,4783.994423773908,78.19540830586378,839.1,840.1,839.4,838.2,106.3,106.5,106.7,106,1.409,3.88,98,0.282,25.9,0.94,28.4,45.4,88.6,14.34,0,2.3,94.6,0.5844,-13.7,NONE,0,,,
160.1999999999992,0,0,,4784.86055634874,78.1113181413505,839.6,839.8,839,838.9,106.1,106.1,105.9,106.6,1.41,3.83,98.1,0.292,25.9,0.947,28.3,44.3,88.6,14.32,0,2.6,94.5,0.5843,-13.7,NONE,0,,,
160.2999999999991,0,0,,4789.05716363629,77.96220499884404,837.4,839.6,839.4,839.4,106.4,105.7,106.8,106.2,1.416,3.88,98,0.27,25.7,0.938,28.4,45.2,88.5,14.27,0,2.6,94.6,0.5831,-13.8,NONE,0,,,
160.399999999999,0,0,,4773.974580166775,77.96704490275597,842.1,839.2,842.3,839.8,106.7,106.2,106.1,106.4,1.411,3.84,98.1,0.283,25.8,0.933,28.4,45.5,88.6,14.32,0,2.6,94.6,0.5839,-13.9,NONE,0,,,
160.49999999999892,0,0,,4781.9613819578035,77.9246915031959,838.4,838.6,836.7,838.3,106.7,106.2,106.7,106.3,1.419,3.83,98.1,0.274,25.8,0.943,28.4,45.1,88.3,14.29,0,2.5,94.6,0.5841,-13.7,NONE,0,,,
160.59999999999883,0,0,,4780.180742634213,78.02094558524601,838.3,838.1,841.6,837.6,106,106.3,106.7,106.4,1.409,3.86,98.3,0.275,25.8,0.943,28.5,44.6,88.1,14.31,0,2.5,94.5,0.5836,-13.8,NONE,0,,,
160.69999999999874,0,0,,4774.687210144709,78.03180787284887,838.7,839.5,838.1,838.4,106.7,105.8,105.1,106.4,1.413,3.82,98.2,0.284,25.8,0.936,28.4,44.8,88.4,14.33,0,2.3,94.5,0.5837,-13.5,NONE,0,,,
160.77999999999867,0,1,160.85999999999868,4778.479078225171,77.8155818134543,840.6,837.7,838.3,836.9,105.9,106.1,106,106.6,1.413,3.85,98.1,0.291,25.6,0.939,28.3,44.6,88.5,14.27,0,2.4,94.5,0.5834,-13.6,NONE,0,NONE,100,751.4
160.79999999999865,0,0,,4776.901036448754,77.87997215576229,840.7,839.5,838.9,839.1,106.6,106.2,106.1,106.4,1.402,3.85,97.9,0.268,25.7,0.943,28.4,45.6,88.3,14.29,0,2.6,94.6,0.5833,-13.7,NONE,0,,,
160.89999999999856,0,0,,4781.467503640254,77.74984841109305,835.9,839.1,838.4,840.9,106.2,106,105.9,106.2,1.412,3.9,97.9,0.285,25.7,0.939,28.5,45,88.6,14.25,0,2.4,94.6,0.5838,-13.8,NONE,0,,,
160.99999999999847,0,0,,4777.517172555824,78.00043257569051,839.6,838.7,840.9,838.7,106.3,105.9,106.6,106.4,1.406,3.86,98,0.27,25.8,0.946,28.4,45.1,88.7,14.31,0,2.6,94.6,0.5831,-13.8,NONE,0,,,
161.09999999999837,0,0,,4778.352993787037,77.98705994578205,839.1,839.1,839.6,838.8,106.5,106.4,106.7,106.7,1.41,3.85,98.1,0.285,25.9,0.939,28.4,44.7,88.6,14.31,0,2.6,94.6,0.5834,-13.8,NONE,0,,,
161.19999999999828,0,0,,4773.619658228285,77.9468966148314,836.5,839.1,835.1,838.5,106.7,106.2,106.5,106.2,1.414,3.84,98,0.299,25.8,0.94,28.4,44.1,88.4,14.31,0,2.5,94.6,0.583,-13.7,NONE,0,,,
161.2999999999982,0,0,,4775.431702237769,77.87105386868093,837.7,840.7,839.4,838.2,106.6,106.5,105.8,106.7,1.41,2.36,121.7,1.606,25.8,0.937,28.4,44.8,88.4,14.29,0,2.6,94.6,0.5841,-13.6,OIL_PUMP_CAVITATION,0.95,,,
161.3999999999981,0,0,,4772.936244512968,77.81450818795808,837.4,837.2,838.8,838.2,106.5,106.5,105.9,106.4,1.406,1.64,121.7,0.868,25.7,0.937,28.4,44.5,88.6,14.29,0,2.4,94.6,0.5833,-13.5,OIL_PUMP_CAVITATION,0.95,,,
161.499999999998,0,0,,4771.486081293623,77.86626239721959,836.6,839,836.8,839.3,106.3,106.6,106.2,106.5,1.407,0.97,122,1.102,25.8,0.94,28.4,44.3,88.3,14.3,0,2.1,94.6,0.5832,-13.7,OIL_PUMP_CAVITATION,0.95,,,
161.59999999999792,0,0,,4781.970832097162,77.85882722735522,838.8,838.3,837.2,836.8,106.9,106.7,106.3,106.4,1.411,1.61,121.8,1.408,25.8,0.938,28.4,44.6,88.5,14.27,0,2.5,94.6,0.5839,-13.6,OIL_PUMP_CAVITATION,0.95,,,
161.69999999999783,0,0,,4775.584410562658,77.89732537745874,839.9,837.8,837.5,836.7,106.3,106.4,106.1,106.1,1.401,2.37,121.9,1.391,25.7,0.94,28.3,43.5,88.7,14.3,0,2.4,94.5,0.5836,-13.6,OIL_PUMP_CAVITATION,0.95,,,
161.79999999999774,0,0,,4772.503479460453,77.83699697428956,835.9,837.5,836.9,839.1,106.6,106.1,106.9,105.9,1.415,1.83,121.8,1.65,25.6,0.938,28.4,44.3,88.4,14.29,0,2.8,94.6,0.5827,-13.9,OIL_PUMP_CAVITATION,0.95,,,
161.8299999999977,0,1,161.90999999999772,4777.635539579673,77.72605862262452,838.7,838.5,839.5,837.5,106.2,106.3,106.4,106.5,1.412,1.48,121.9,1.807,25.8,0.94,28.4,44.2,88.7,14.26,0,2.5,94.6,0.5838,-13.8,OIL_PUMP_CAVITATION,0.95,NONE,12.6,751.4
161.89999999999765,0,0,,4766.350976800245,77.90342077871816,838.7,838.3,835.4,837.7,106.4,106.7,105.9,106.5,1.408,0.99,121.7,1.914,25.7,0.945,28.5,44.2,88.2,14.33,0,2.4,94.5,0.5829,-13.8,OIL_PUMP_CAVITATION,0.95,,,
161.99999999999756,0,0,,4772.750001427027,77.64893932257478,836.4,839.8,838.2,837.5,106.1,106.4,106.3,106.3,1.418,1.41,121.8,1.604,25.7,0.933,28.3,44.4,88.3,14.25,0,2.6,94.6,0.5835,-13.8,OIL_PUMP_CAVITATION,0.95,,,
162.09999999999746,0,0,,4770.667260347229,77.64984251089345,836.2,838.1,835.7,838.9,106.3,106.5,106,106.6,1.413,2.29,121.7,1.441,25.6,0.94,28.4,45.2,88.7,14.26,0,2.6,94.6,0.5838,-13.8,OIL_PUMP_CAVITATION,0.95,,,
162.19999999999737,0,0,,4768.738599598104,77.7747991224906,836.5,839.1,838.3,838.6,106.2,106.3,106.4,106.3,1.407,2.01,121.8,1.475,25.7,0.939,28.3,44.9,88.6,14.29,0,2.6,94.6,0.5835,-13.5,OIL_PUMP_CAVITATION,0.95,,,
162.29999999999728,0,0,,4769.715835798504,77.63865046344931,839,838.6,837.6,837.5,105.5,105.9,106.3,106.2,1.409,1.09,121.9,1.446,25.6,0.941,28.4,45.1,88.3,14.26,0,2.6,94.6,0.5846,-13.8,OIL_PUMP_CAVITATION,0.95,,,
162.3999999999972,0,0,,4776.090973759613,77.76923423203375,838.3,838.4,838.2,841,106.2,106.3,106,106,1.407,1.2,121.7,1.316,25.7,0.943,28.4,44.7,88.6,14.27,0,2.2,94.5,0.5832,-13.9,OIL_PUMP_CAVITATION,0.95,,,
162.4999999999971,0,0,,4771.619750243303,77.81297122700354,837.6,837.1,839.1,841.1,105.9,106.1,106.1,105.4,1.41,2.22,121.8,1.449,25.7,0.939,28.4,44.9,88.6,14.29,0,2.4,94.6,0.5839,-13.9,OIL_PUMP_CAVITATION,0.95,,,
162.599999999997,0,0,,4770.444883091576,77.55520905160444,839.2,837.3,836.8,838.9,106.4,106.1,106.3,106.2,1.41,2.18,121.6,1.386,25.7,0.942,28.4,44.9,88.7,14.24,0,2.4,94.7,0.5842,-13.8,OIL_PUMP_CAVITATION,0.95,,,
162.69999999999692,0,0,,4761.373755357897,77.65752483352752,837.4,836.5,838.9,838.7,106.5,106.2,106.5,106.6,1.404,1.2,121.6,1.63,25.7,0.936,28.4,44.8,88.4,14.29,0,2.2,94.6,0.5833,-13.6,OIL_PUMP_CAVITATION,0.95,,,
162.79999999999683,0,0,,4766.203421856945,77.6837521406843,840.2,838.9,836.8,838.9,105.5,106.2,106.4,106,1.406,1.1,121.7,1.48,25.6,0.941,28.4,44.7,88.8,14.28,0,2.7,94.6,0.5837,-13.7,OIL_PUMP_CAVITATION,0.95,,,
162.8399999999968,0,1,162.9199999999968,4763.172909178662,77.65937491640057,837.1,838.4,837.5,836.6,106.3,106.1,105.6,105.9,1.408,1.4,121.9,1.339,25.6,0.939,28.4,44.2,88.3,14.28,0,2.6,94.5,0.5833,-13.8,OIL_PUMP_CAVITATION,0.95,OIL_PUMP_CAVITATION,7.9,5.2
162.89999999999674,0,0,,4771.2604380438825,77.71921828073101,838.6,839,837,839.1,106.2,106.2,106.2,106.6,1.412,2.02,121.8,1.721,25.7,0.936,28.3,44.4,88.6,14.27,0,2.7,94.5,0.5842,-13.9,OIL_PUMP_CAVITATION,0.95,,,
162.99999999999665,0,0,,4759.170008932135,77.59336936388891,836.5,838.9,835.2,838,106.4,105.9,106.6,106.5,1.415,2.3,121.7,1.38,25.7,0.936,28.4,44.7,88.5,14.28,0,2.3,94.6,0.5837,-13.8,OIL_PUMP_CAVITATION,0.95,,,
163.09999999999656,0,0,,4759.687267237733,77.756947293227,838.9,835.7,838.2,839.1,106.3,106,105.8,105.8,1.413,1.41,121.9,1.513,25.7,0.943,28.4,44,88.5,14.31,0,2.4,94.6,0.5822,-13.7,OIL_PUMP_CAVITATION,0.95,,,
163.19999999999646,0,0,,4767.405817068916,77.53392624249848,835.5,838,835.7,838.5,106.5,106.4,105.8,106.5,1.409,1.01,121.8,1.488,25.6,0.937,28.4,43.6,88.5,14.25,0,2.2,94.6,0.5836,-13.6,OIL_PUMP_CAVITATION,0.95,,,
163.29999999999637,0,0,,4765.472079051827,77.63444102395165,837.7,835.6,837.8,837.8,106.3,106.6,106.4,106.6,1.415,1.85,121.8,1.432,25.7,0.937,28.4,44.1,88.4,14.27,0,2.6,94.6,0.5834,-13.8,OIL_PUMP_CAVITATION,0.95,,,
163.39999999999628,0,0,,4770.288164030403,77.61110444891344,837.2,839.6,838.3,838,106.4,106,105.8,106.1,1.403,2.4,121.7,1.41,25.8,0.942,28.3,43.9,88.4,14.25,0,2.7,94.6,0.5829,-13.9,OIL_PUMP_CAVITATION,0.95,,,
163.4999999999962,0,0,,4764.712805178661,77.62074826522623,839.9,835.8,834,837.5,106.1,106.1,106.4,106.3,1.414,1.6,121.9,1.319,25.7,0.943,28.4,44.4,88.9,14.27,0,2.6,94.6,0.584,-13.7,OIL_PUMP_CAVITATION,0.95,,,
163.5999999999961,0,0,,4762.819713572559,77.46702919284361,837.1,839,836.9,837.5,106.4,105.5,106,106.2,1.399,0.96,121.6,1.483,25.6,0.94,28.4,43.8,88.6,14.24,0,2.5,94.6,0.5835,-13.6,OIL_PUMP_CAVITATION,0.95,,,
163.699999999996,0,0,,4763.1107299781925,77.69586257001271,837.2,837.2,836.2,837.4,106.3,106.4,105.8,106.5,1.408,1.64,121.6,1.42,25.6,0.939,28.4,43.5,88.4,14.29,0,2.4,94.6,0.5834,-13.8,OIL_PUMP_CAVITATION,0.95,,,
163.79999999999592,0,0,,4763.257453387713,77.65556059074059,837.1,839.9,838.9,836.8,106.4,106.2,106.9,106.2,1.409,2.33,121.7,1.735,25.7,0.944,28.4,44.1,88.6,14.28,0,2.6,94.6,0.5839,-13.7,OIL_PUMP_CAVITATION,0.95,,,
163.83999999999588,0,1,163.9199999999959,4770.380232055394,77.73043281408145,836.3,835.8,837.2,837.8,105.9,105.7,106.4,105.6,1.412,2.33,121.9,1.419,25.7,0.937,28.4,44,89.2,14.28,0,2.7,94.6,0.583,-13.8,OIL_PUMP_CAVITATION,0.95,OIL_PUMP_CAVITATION,5.6,2.4
163.89999999999583,0,0,,4763.685947109355,77.33618566134433,838.8,839.3,836.5,837.1,106,105.8,105.9,106.5,1.399,1.76,121.9,1.95,25.5,0.939,28.4,43.6,88.8,14.21,0,2.6,94.5,0.5824,-13.7,OIL_PUMP_CAVITATION,0.95,,,
163.99999999999574,0,0,,4763.340226198794,77.62116282847911,836,837.4,837.8,838.1,106,105.9,106.3,106.4,1.402,0.98,121.8,2.042,25.7,0.933,28.4,44.4,88.8,14.27,0,2.5,94.6,0.584,-13.7,OIL_PUMP_CAVITATION,0.95,,,
164.09999999999565,0,0,,4759.59444014412,77.5343200191577,837,836.9,839,838.7,105.7,106.2,106.3,106,1.387,1.43,122,1.681,25.5,0.939,28.4,43.8,88.3,14.27,0,2.5,94.6,0.583,-13.7,OIL_PUMP_CAVITATION,0.95,,,
164.19999999999555,0,0,,4765.1192371363295,77.372396049036,838.3,837.4,837,838.9,106.7,106,106.7,105.7,1.407,2.32,121.8,1.485,25.6,0.939,28.4,42.4,88.4,14.22,0,2.4,94.6,0.5835,-13.8,OIL_PUMP_CAVITATION,0.95,,,
164.29999999999546,0,0,,4755.681276666491,77.37220715171684,835.7,837.2,838.3,837,105.9,105.7,105.6,106.1,1.401,1.96,121.8,1.636,25.5,0.943,28.3,41.2,88.6,14.24,0,2.6,94.5,0.5844,-13.7,OIL_PUMP_CAVITATION,0.95,,,
164.39999999999537,0,0,,4756.009717084899,77.37447109296363,834.9,839,834.4,837.9,105.9,105.8,106.1,106.7,1.41,1.07,121.9,1.323,25.7,0.94,28.4,42.8,88.2,14.24,0,2.4,94.6,0.5843,-13.7,OIL_PUMP_CAVITATION,0.95,,,
164.49999999999528,0,0,,4759.260123396797,77.51160526931241,837.1,834.8,837.7,835.6,106.1,106.2,106.8,106.2,1.403,1.26,121.9,1.621,25.6,0.939,28.4,42.7,88.4,14.26,0,2.4,94.6,0.5844,-13.8,OIL_PUMP_CAVITATION,0.95,,,
164.5999999999952,0,0,,4755.1407144170325,77.43084884018272,837.1,838.3,836.5,838.6,105.9,105.5,106.3,106.4,1.399,2.25,122,1.552,25.6,0.941,28.4,42.5,88.4,14.26,0,2.4,94.6,0.5837,-13.7,OIL_PUMP_CAVITATION,0.95,,,
164.6999999999951,0,0,,4760.187127866095,77.35552397966993,839.1,836.1,835.9,836.5,106.7,105.9,105.7,106.1,1.395,2.12,121.8,1.432,25.6,0.937,28.4,43,88.6,14.23,0,2.3,94.7,0.5835,-13.9,OIL_PUMP_CAVITATION,0.95,,,
164.799999999995,0,0,,4750.718729368708,77.24819697597295,836.5,837.1,834.6,836.4,106.2,105.9,105.7,105.8,1.394,1.17,121.8,1.563,25.5,0.943,28.4,42.4,88.3,14.23,0,2.5,94.6,0.5838,-13.7,OIL_PUMP_CAVITATION,0.95,,,
164.89999999999492,0,0,,4758.217734293382,77.30551103883711,839.6,838.1,837.1,836.5,106.4,106.3,106.2,105.7,1.404,1.16,121.9,1.463,25.5,0.937,28.5,41.9,88.6,14.22,0,2.3,94.6,0.5833,-13.8,OIL_PUMP_CAVITATION,0.95,,,
164.89999999999492,0,1,164.97999999999493,4758.217734293382,77.30551103883711,839.6,838.1,837.1,836.5,106.4,106.3,106.2,105.7,1.404,1.16,121.9,1.463,25.5,0.937,28.5,41.9,88.6,14.22,0,2.3,94.6,0.5833,-13.8,OIL_PUMP_CAVITATION,0.95,OIL_PUMP_CAVITATION,9.7,1.7
164.99999999999483,0,0,,4764.015148926025,77.22280398639796,837.4,836.6,834.3,835.8,106.5,106.5,106.4,106.2,1.405,2.11,121.6,1.953,25.4,0.943,28.4,42.6,88.5,14.19,0,2.6,94.6,0.5833,-13.7,OIL_PUMP_CAVITATION,0.95,,,
165.09999999999474,0,0,,4755.376687748751,77.63062513064622,837.6,836.5,836.6,836.5,106.1,106.1,106.1,106.1,1.399,2.26,121.8,1.393,25.7,0.939,28.3,42.3,88.5,14.3,0,2.6,94.5,0.5832,-13.8,OIL_PUMP_CAVITATION,0.95,,,
165.19999999999465,0,0,,4751.863996775321,77.37891430065815,838.4,836.7,836.9,837.4,106.2,106.4,105.9,106.2,1.406,1.33,121.8,1.554,25.6,0.94,28.4,42.1,88.5,14.26,0,2.4,94.6,0.5836,-13.8,OIL_PUMP_CAVITATION,0.95,,,
165.29999999999455,0,0,,4749.218658145876,77.33478183651944,837.2,836.4,837.5,838.9,106.5,106.4,106.2,105.6,1.407,1.05,121.8,1.26,25.7,0.939,28.4,42.4,88.5,14.25,0,2.6,94.6,0.584,-13.8,OIL_PUMP_CAVITATION,0.95,,,
165.39999999999446,0,0,,4753.643946418053,77.3106648137796,836.6,836.4,837.5,838.3,106.5,106.4,106.2,106.5,1.404,1.93,121.8,1.375,25.5,0.941,28.3,42.2,88.3,14.24,0,2.4,94.6,0.584,-13.6,OIL_PUMP_CAVITATION,0.95,,,
165.49999999999437,0,0,,4758.132958618994,77.20920215986546,835.6,837.3,838.7,835.3,106.1,106,106.1,106.4,1.399,2.39,121.8,1.725,25.5,0.936,28.4,42.8,88.7,14.2,0,2.4,94.6,0.5839,-13.7,OIL_PUMP_CAVITATION,0.95,,,
165.59999999999428,0,0,,4754.2803287216875,77.47070425350104,838.7,837.5,839.7,837.4,106.2,105.8,106.1,106.1,1.407,1.52,121.8,1.617,25.5,0.934,28.4,42.6,88.3,14.27,0,2.6,94.6,0.5838,-13.7,OIL_PUMP_CAVITATION,0.95,,,
165.6999999999942,0,0,,4748.864975746782,77.3679042872497,839.4,836.3,833.9,837.1,106.4,105.7,106.1,105.8,1.407,0.93,121.6,1.697,25.6,0.942,28.4,42.3,88.6,14.26,0,2.7,94.6,0.5834,-13.8,OIL_PUMP_CAVITATION,0.95,,,
165.7999999999941,0,0,,4754.7449437612795,77.25233522381639,835.6,839.5,837.9,836.3,105.7,106,106.5,106.7,1.408,1.69,121.7,1.855,25.5,0.941,28.3,41.7,88.6,14.22,0,2.5,94.6,0.5833,-13.6,OIL_PUMP_CAVITATION,0.95,,,
165.899999999994,0,0,,4750.092367316951,77.16242400355507,837.3,837.9,839.6,836.9,106.8,107,106,106.2,1.389,2.38,121.9,1.749,25.5,0.943,28.4,42.7,88.6,14.22,0,2.4,94.6,0.5828,-13.6,OIL_PUMP_CAVITATION,0.95,,,
165.93999999999397,0,1,166.01999999999398,4753.713317941339,77.55847315002262,836.9,836.5,837.1,834.5,106.1,105.9,106.3,106.2,1.401,2.25,121.9,1.216,25.7,0.94,28.4,42.3,88.8,14.29,0,2.3,94.6,0.5832,-13.7,OIL_PUMP_CAVITATION,0.95,OIL_PUMP_CAVITATION,8.1,2.4
165.99999999999392,0,0,,4755.517533097809,77.42076978539703,836.2,838.1,836.2,836,106.1,106.2,105.5,106.4,1.402,1.72,121.6,1.543,25.6,0.94,28.4,43.1,88.3,14.25,0,2.7,94.6,0.5836,-13.6,OIL_PUMP_CAVITATION,0.95,,,
166.09999999999383,0,0,,4753.717065840342,77.25846745831225,836.2,836.9,834.3,836.3,105.8,106.1,105.9,105.6,1.389,0.96,121.9,1.67,25.5,0.943,28.3,43.2,88.6,14.23,0,2.5,94.6,0.5838,-13.8,OIL_PUMP_CAVITATION,0.95,,,
166.19999999999374,0,0,,4749.212973188739,77.3945029814386,837.4,835.9,840.3,836.3,105.8,106.5,106,105.8,1.409,1.54,121.7,1.336,25.5,0.942,28.5,43.1,88.5,14.27,0,2.6,94.6,0.5841,-13.8,OIL_PUMP_CAVITATION,0.95,,,
166.29999999999364,0,0,,4749.228995095029,77.37280909949033,838.3,835.2,837.8,837.3,106,106,106.2,106.5,1.407,2.38,121.7,1.414,25.6,0.949,28.5,43,88.6,14.26,0,2.4,94.6,0.5833,-13.9,OIL_PUMP_CAVITATION,0.95,,,
166.39999999999355,0,0,,4755.427232052382,77.39883925579821,834.5,837.6,834.7,834.2,106.2,106.3,106.4,106.2,1.404,1.91,121.7,1.42,25.6,0.944,28.3,42.9,88.5,14.25,0,2.4,94.5,0.5837,-13.8,OIL_PUMP_CAVITATION,0.95,,,
166.49999999999346,0,0,,4747.78878229191,77.15990453989957,834.6,836.8,839.1,837.6,105.9,105.9,105.8,105.9,1.404,1.04,121.7,1.572,25.5,0.945,28.5,43.2,88.2,14.22,0,2.2,94.6,0.5837,-13.7,OIL_PUMP_CAVITATION,0.95,,,
166.59999999999337,0,0,,4753.645181341338,77.29158033494924,836.3,835.4,836.6,836.8,106,106.1,106.4,105.5,1.41,1.32,122.1,1.693,25.5,0.941,28.3,43.2,88.5,14.23,0,2.5,94.6,0.5837,-13.6,OIL_PUMP_CAVITATION,0.95,,,
166.69999999999328,0,0,,4750.251765583085,77.51772542084039,837.3,836.8,836.3,834.7,106,105.9,106,106.4,1.408,2.26,121.8,1.564,25.7,0.94,28.5,42.2,88.6,14.29,0,2.5,94.6,0.584,-13.9,OIL_PUMP_CAVITATION,0.95,,,
166.7999999999932,0,0,,4752.134345869568,77.13761344986928,836.1,836.6,837.4,837.4,106.2,106.1,106.4,106.1,1.403,2.09,121.7,1.576,25.4,0.936,28.4,41.8,88.7,14.2,0,2.5,94.6,0.583,-14,OIL_PUMP_CAVITATION,0.95,,,
166.8999999999931,0,0,,4754.1948249693,77.11362084437675,836.6,837.5,836,837.2,106.1,106.2,105.6,106.2,1.397,1.14,121.8,1.31,25.4,0.94,28.3,41.6,88.4,14.19,0,2.5,94.6,0.5833,-13.6,OIL_PUMP_CAVITATION,0.95,,,
166.98999999999302,0,1,167.06999999999303,4749.979439162039,77.28488725507937,837.2,836.1,836.2,837.2,106.3,105.8,106.1,106.2,1.409,1.1,121.9,1.355,25.6,0.937,28.4,42.7,88.3,14.24,0,2.3,94.6,0.583,-13.7,OIL_PUMP_CAVITATION,0.95,OIL_PUMP_CAVITATION,8.2,1.6
166.999999999993,0,0,,4750.402835747332,77.18161490327218,837.7,834.9,837.7,835.4,105.5,106.1,106.3,105.9,1.396,1.16,121.8,1.822,25.4,0.942,28.4,42.3,88.3,14.22,0,2.6,94.7,0.5823,-13.8,OIL_PUMP_CAVITATION,0.95,,,
167.09999999999292,0,0,,4756.017265998942,77.22205253852697,836.4,834.7,837,837.4,105.7,106.2,106.3,106.1,1.393,2.12,121.8,1.813,25.5,0.942,28.5,42.8,88.5,14.21,0,2.1,94.6,0.5836,-13.8,OIL_PUMP_CAVITATION,0.95,,,
167.19999999999283,0,0,,4749.120847225945,77.20474680339994,835.3,836.7,835.1,835.9,106,106.5,106.1,105.7,1.401,2.22,121.8,1.754,25.5,0.941,28.4,41.9,88.6,14.23,0,2.6,94.6,0.5828,-13.8,OIL_PUMP_CAVITATION,0.95,,,
167.29999999999274,0,0,,4750.108187276384,77.32880727370376,836.7,837.6,837.1,839,106,106.1,106.3,105.7,1.403,1.25,121.8,1.698,25.5,0.941,28.4,42.2,88.1,14.25,0,2.4,94.6,0.5833,-13.7,OIL_PUMP_CAVITATION,0.95,,,
167.39999999999264,0,0,,4751.3271989610785,77.0959753005334,837,837.5,837.9,837.4,106.3,106.6,106.4,106.2,1.411,1.03,121.8,1.834,25.5,0.94,28.3,43.3,88,14.2,0,2.7,94.6,0.5836,-13.7,OIL_PUMP_CAVITATION,0.95,,,
167.49999999999255,0,0,,4745.96938114282,77.0935451283249,836.5,835.9,835.7,835.9,106.7,106,105.8,105.9,1.402,1.96,121.8,1.686,25.4,0.939,28.5,42.5,88.1,14.21,0,2.5,94.6,0.583,-13.7,OIL_PUMP_CAVITATION,0.95,,,
167.59999999999246,0,0,,4748.318503703984,77.08680193597029,835.9,835,838.2,836.8,105.8,106.1,106.7,106.5,1.405,2.32,121.8,1.264,25.4,0.944,28.4,42.9,88.7,14.2,0,2.3,94.6,0.5831,-13.8,OIL_PUMP_CAVITATION,0.95,,,
167.69999999999237,0,0,,4744.282717694933,77.27370572520321,836.1,834.9,837.6,836.8,105.9,105.6,105.7,106.3,1.396,1.46,121.6,1.26,25.6,0.937,28.5,42.8,88.2,14.26,0,2.3,94.6,0.5834,-13.8,OIL_PUMP_CAVITATION,0.95,,,
167.79999999999228,0,0,,4748.794240702334,77.07939567936926,835.6,839,833.2,837.1,106.1,106.5,106.2,105.8,1.402,0.95,121.7,1.87,25.4,0.941,28.4,42.4,88.5,14.2,0,2.5,94.7,0.5837,-13.6,OIL_PUMP_CAVITATION,0.95,,,
167.8999999999922,0,0,,4742.880766188814,77.06472994615686,838.4,837.1,834.9,834.3,105.9,106,106.6,105.8,1.4,1.74,121.5,1.332,25.4,0.938,28.5,43.3,88.6,14.22,0,2.6,94.6,0.5831,-13.7,OIL_PUMP_CAVITATION,0.95,,,
167.9899999999921,0,1,168.06999999999212,4744.711930143883,77.16335250612661,835.8,836,836.4,836.6,105.8,106.4,105.5,105.9,1.407,2.38,121.9,1.447,25.5,0.94,28.5,42.8,88.5,14.23,0,2.4,94.6,0.5829,-13.7,OIL_PUMP_CAVITATION,0.95,OIL_PUMP_CAVITATION,6.5,1.4
167.9999999999921,0,0,,4741.213088342727,77.06594278017657,835.5,837.2,838.3,838.1,105.6,105.9,106.2,105.9,1.398,2.39,122,2.045,25.3,0.941,28.4,43.1,88.4,14.22,0,2.3,94.5,0.5846,-13.8,OIL_PUMP_CAVITATION,0.95,,,
168.099999999992,0,0,,4746.265771716042,77.21073879470075,836,834.6,836,835.3,106.4,106.3,106.1,106.2,1.395,1.66,121.7,1.62,25.5,0.946,28.4,42.4,88.4,14.24,0,2.8,94.5,0.5845,-13.7,OIL_PUMP_CAVITATION,0.95,,,
168.19999999999192,0,0,,4746.211389332263,77.2384683130593,837,836.7,835.9,838.1,106,105.8,106.6,105.5,1.4,0.95,121.9,1.461,25.5,0.936,28.4,42.9,88.6,14.24,0,2.6,94.6,0.5835,-13.7,OIL_PUMP_CAVITATION,0.95,,,
168.29999999999183,0,0,,4749.580477402421,77.10824688776194,837.6,835.1,834.4,834.7,106.5,106.2,105.8,106.1,1.402,1.54,121.7,1.39,25.4,0.94,28.4,43,88.5,14.21,0,2.6,94.6,0.5831,-13.7,OIL_PUMP_CAVITATION,0.95,,,
168.39999999999173,0,0,,4743.561676340865,77.07973035004564,834.6,836.3,837.1,837.1,106.1,105.6,106,106.3,1.399,2.38,121.6,1.658,25.4,0.945,28.4,43.4,88.5,14.22,0,2.5,94.6,0.5838,-13.9,OIL_PUMP_CAVITATION,0.95,,,
168.49999999999164,0,0,,4742.066250780642,77.19144955261808,837.2,836.7,835.6,836.4,106.1,105.8,105.7,105.9,1.409,1.87,121.6,1.397,25.4,0.938,28.4,43.7,89,14.24,0,2.7,94.6,0.5834,-13.6,OIL_PUMP_CAVITATION,0.95,,,
168.59999999999155,0,0,,4749.204439925143,76.99732442187043,837.8,834.8,837.6,837.7,105.8,106.2,106,105.8,1.4,0.97,121.7,1.653,25.5,0.937,28.4,43.6,88.5,14.18,0,2.4,94.6,0.5838,-13.7,OIL_PUMP_CAVITATION,0.95,,,
168.69999999999146,0,0,,4744.937034300114,77.01954504742585,838,837.3,839.5,836.2,105.8,106,106.3,105.9,1.401,1.36,121.9,1.249,25.4,0.945,28.5,43.9,88.7,14.2,0,2.9,94.5,0.5836,-13.8,OIL_PUMP_CAVITATION,0.95,,,
168.79999999999137,0,0,,4739.464082792517,77.16324401382678,836,835.9,831.8,837.5,106.7,105.6,106,106.1,1.399,2.29,121.9,1.679,25.5,0.94,28.4,43.1,88.4,14.25,0,2.3,94.6,0.5836,-13.6,OIL_PUMP_CAVITATION,0.95,,,
168.89999999999128,0,0,,4736.973926412571,77.15700166606425,836.8,835.1,835.7,834.8,106.3,105.8,106.4,105.7,1.396,2.02,121.8,1.779,25.5,0.939,28.4,43.5,88.4,14.25,0,2.5,94.6,0.5838,-13.9,OIL_PUMP_CAVITATION,0.95,,,
168.9999999999912,0,0,,4742.654540882838,77.08084704523965,835,836.1,836.5,835.7,106,106.2,105.9,105.5,1.398,1.1,121.9,1.344,25.4,0.936,28.3,42.9,88.5,14.22,0,2.4,94.7,0.5846,-13.8,OIL_PUMP_CAVITATION,0.95,,,
169.02999999999116,0,1,169.10999999999117,4744.754589137952,77.11379730110129,836.2,834.8,836.9,837.6,106.1,105.8,106.1,106.5,1.405,0.97,121.8,1.867,25.4,0.944,28.3,42.9,88.7,14.22,0,2.3,94.6,0.5839,-13.7,OIL_PUMP_CAVITATION,0.95,OIL_PUMP_CAVITATION,5.7,1.7
169.0999999999911,0,0,,4745.310325813794,77.17781210655893,836.2,837.3,835.2,836,106.2,106,106.6,105.9,1.397,1.23,122.1,1.313,25.5,0.939,28.4,43.5,88.4,14.23,0,2.5,94.6,0.5831,-13.7,OIL_PUMP_CAVITATION,0.95,,,
169.199999999991,0,0,,4743.697399526456,77.18079631073911,836.8,834.1,836.2,836.6,106,106,106.3,105.8,1.39,2.19,121.7,1.325,25.4,0.943,28.4,43.5,88.2,14.24,0,2.5,94.5,0.5833,-13.6,OIL_PUMP_CAVITATION,0.95,,,
169.29999999999092,0,0,,4750.7390886581225,77.10980751763911,835.7,835.2,837.8,836.6,105.6,105.7,105.9,105.9,1.41,2.21,121.8,1.9,25.4,0.943,28.6,42,88.5,14.2,0,2.4,94.6,0.5836,-13.7,OIL_PUMP_CAVITATION,0.95,,,
169.39999999999083,0,0,,4741.621444101315,76.83020896077011,835.2,836.6,834.8,835,105.9,106.6,106.2,105.9,1.396,1.24,121.9,1.394,25.3,0.943,28.5,42.7,88.8,14.17,0,2.4,94.6,0.5834,-13.7,OIL_PUMP_CAVITATION,0.95,,,
169.49999999999073,0,0,,4747.495328425949,77.02379212462145,838.3,836.6,838.2,838.1,105.8,105.5,105.6,106.4,1.395,1.07,121.6,1.686,25.4,0.938,28.4,42.9,88.7,14.19,0,2.5,94.7,0.584,-13.7,OIL_PUMP_CAVITATION,0.95,,,
169.59999999999064,0,0,,4743.065991249444,77.1037673197562,836,834.6,834.3,836.1,106.1,105.8,106.3,106,1.397,2.01,121.8,1.774,25.4,0.938,28.5,42.4,88.7,14.22,0,2.4,94.6,0.5843,-13.6,OIL_PUMP_CAVITATION,0.95,,,
169.69999999999055,0,0,,4746.519847185531,76.80955483821074,835.5,834.5,837.8,837.3,105.8,106,106.1,105.9,1.401,2.31,121.8,1.35,25.3,0.942,28.4,41.6,88.7,14.15,0,2.4,94.5,0.5834,-13.7,OIL_PUMP_CAVITATION,0.95,,,
169.79999999999046,0,0,,4742.737576900678,77.15887465795112,834.3,835.1,834.4,835.3,105.8,105.6,105.5,106.2,1.395,1.43,121.8,1.464,25.5,0.939,28.3,42.2,88.6,14.24,0,2.5,94.7,0.5838,-13.7,OIL_PUMP_CAVITATION,0.95,,,
169.89999999999037,0,0,,4741.418947459721,77.21027683281172,834.5,837.1,836.2,833.6,105.8,106.1,105.7,105.9,1.393,0.99,121.6,1.603,25.6,0.941,28.4,41.6,88.4,14.25,0,2.2,94.5,0.5837,-13.4,OIL_PUMP_CAVITATION,0.95,,,
169.99999999999028,0,0,,4737.510371425281,77.03661674918763,836.5,836.9,836.4,835.8,106.1,105.3,105.6,105.8,1.391,1.82,121.8,1.859,25.4,0.944,28.5,42.6,88.4,14.22,0,2.5,94.6,0.5835,-13.6,OIL_PUMP_CAVITATION,0.95,,,
170.03999999999024,0,1,170.11999999999026,4731.609265676059,77.01740688390143,837.3,835,838,836.5,105.9,106.3,105.9,105.6,1.399,2.16,121.8,1.559,25.3,0.942,28.4,41.7,88.4,14.24,0,2.6,94.5,0.5844,-13.8,OIL_PUMP_CAVITATION,0.95,OIL_PUMP_CAVITATION,6.3,1.5
170.0999999999902,0,0,,4740.67474461175,77.10704290276158,835.9,835.4,834.7,836.5,105.6,106.4,105.9,106,1.393,2.38,121.9,1.724,25.5,0.939,28.3,42,87.9,14.23,0,2.5,94.6,0.5835,-14,OIL_PUMP_CAVITATION,0.95,,,
170.1999999999901,0,0,,4743.298856933554,77.16400210824949,837,836.2,835.1,836.3,106,106.1,106,105.3,1.402,1.6,121.8,1.364,25.4,0.941,28.5,42.1,88.4,14.24,0,2.6,94.6,0.5839,-13.8,OIL_PUMP_CAVITATION,0.95,,,
170.29999999999,0,0,,4743.987598171909,77.16017897643175,836.8,837.8,835,836.3,106.2,106,105.8,105.4,1.401,0.98,121.6,1.901,25.4,0.943,28.4,42.1,88.6,14.23,0,2.6,94.7,0.5841,-13.6,OIL_PUMP_CAVITATION,0.95,,,
170.39999999998992,0,0,,4738.854429801821,77.12358279536326,838.1,837.3,836.1,836.3,105.9,106.2,105.4,105.9,1.393,1.67,121.9,1.675,25.6,0.94,28.3,41.9,88.7,14.24,0,2.3,94.5,0.584,-13.8,OIL_PUMP_CAVITATION,0.95,,,
170.49999999998983,0,0,,4744.319403857642,77.21073379499884,835.8,834,835.6,835.8,105.7,105.1,106.1,106.1,1.404,2.37,121.7,1.856,25.5,0.934,28.3,42.3,88.2,14.24,0,2.5,94.6,0.5833,-13.8,OIL_PUMP_CAVITATION,0.95,,,
170.59999999998973,0,0,,4740.563269007591,77.14963031042726,836.5,835.3,835.7,837,106.1,105.7,105.4,105.8,1.397,1.81,121.7,1.378,25.5,0.945,28.4,42.1,88.5,14.24,0,2.2,94.6,0.5837,-13.8,OIL_PUMP_CAVITATION,0.95,,,
170.69999999998964,0,0,,4741.102051909537,77.03950060346232,838,837.9,833.7,836,106.4,106.3,106.2,106.1,1.393,1,121.9,1.53,25.4,0.944,28.4,42.2,88.5,14.22,0,2.4,94.6,0.5831,-13.7,OIL_PUMP_CAVITATION,0.95,,,
170.79999999998955,0,0,,4738.472451541738,77.01622407964337,835.8,836,836.9,834.3,105.5,105.9,106,106.1,1.395,1.4,121.7,1.757,25.4,0.935,28.4,43,88.4,14.22,0,2.6,94.7,0.5828,-13.7,OIL_PUMP_CAVITATION,0.95,,,
170.89999999998946,0,0,,4742.966540277887,77.0706953298477,835.3,834.2,834,838.9,106.1,105.8,106.1,105.8,1.392,2.35,121.7,1.498,25.5,0.941,28.3,42.4,88.6,14.22,0,2.7,94.6,0.5835,-13.7,OIL_PUMP_CAVITATION,0.95,,,
170.99999999998937,0,0,,4738.29679035431,77.06400603647238,834.9,832.8,831.7,836.6,106.3,105.5,105.8,106.1,1.406,1.96,121.8,1.433,25.5,0.945,28.4,41.5,88.5,14.23,0,2.3,94.6,0.584,-13.6,OIL_PUMP_CAVITATION,0.95,,,
171.04999999998932,0,1,171.12999999998934,4738.653500003168,77.07813580780653,834.8,835.3,836.7,834,106.2,105.8,105.5,105.6,1.398,1.47,121.7,1.648,25.4,0.944,28.4,42.6,88.7,14.23,0,2.4,94.7,0.5833,-13.5,OIL_PUMP_CAVITATION,0.95,OIL_PUMP_CAVITATION,6.3,1.5
171.09999999998928,0,0,,4741.073999858019,77.02571418660423,831.3,836.9,831.9,835.7,105.9,105.8,106.2,106.2,1.396,1.06,121.8,1.57,25.4,0.944,28.4,43.2,88.6,14.21,0,2.4,94.6,0.5838,-13.6,OIL_PUMP_CAVITATION,0.95,,,
171.1999999999892,0,0,,4743.296479958107,77.00560918426645,833.1,834.8,833.9,837.7,105.6,105.8,105.6,105.8,1.394,1.26,121.7,1.735,25.5,0.937,28.4,42.4,88.6,14.2,0,2.3,94.6,0.5837,-13.8,OIL_PUMP_CAVITATION,0.95,,,
171.2999999999891,0,0,,4736.16754997345,77.15381787457744,836.7,835,835.7,834.7,105,105.5,105.5,106.1,1.398,2.2,121.7,1.501,25.6,0.934,28.4,42.9,88.5,14.25,0,2.4,94.6,0.5819,-13.8,OIL_PUMP_CAVITATION,0.95,,,
171.399999999989,0,0,,4743.230130567056,76.87009936302921,835.8,834.2,836.9,837.3,105.5,105.5,105.8,105.5,1.401,2.16,121.7,1.744,25.4,0.945,28.4,43.3,88.7,14.17,0,2.5,94.6,0.5836,-13.6,OIL_PUMP_CAVITATION,0.95,,,
171.49999999998892,0,0,,4738.721963804876,76.931636105436,833.5,834.1,836.8,835.1,105.8,105.4,105.7,106.6,1.398,1.19,121.6,1.449,25.3,0.944,28.5,43.3,89,14.2,0,2.6,94.6,0.5832,-13.6,OIL_PUMP_CAVITATION,0.95,,,
171.59999999998882,0,0,,4733.1085187270855,76.87470265626358,835.3,835.5,836.9,837.9,105.3,106.3,105.9,105.4,1.397,1.1,121.8,1.372,25.4,0.939,28.4,43.6,88.7,14.2,0,2.7,94.6,0.5838,-13.6,OIL_PUMP_CAVITATION,0.95,,,
171.69999999998873,0,0,,4745.911747072979,76.96356782957704,838.6,834.7,836.6,836.4,105.6,106.2,105.5,105.7,1.396,2.06,121.7,1.622,25.4,0.948,28.5,44.1,88.5,14.19,0,2.3,94.6,0.5831,-13.7,OIL_PUMP_CAVITATION,0.95,,,
171.79999999998864,0,0,,4742.111898495476,76.92764640953415,834.8,836,835.7,833.1,105.7,105.6,105.8,105.5,1.397,2.28,121.8,1.731,25.4,0.943,28.5,43.6,88.5,14.19,0,2.4,94.5,0.583,-13.8,OIL_PUMP_CAVITATION,0.95,,,
171.89999999998855,0,0,,4744.6263867988555,76.99626930473701,834.8,835.4,837.3,836.4,106.4,105.9,106.5,105.7,1.404,1.35,121.7,1.725,25.3,0.939,28.4,43.3,88.5,14.2,0,2.4,94.5,0.5832,-13.6,OIL_PUMP_CAVITATION,0.95,,,
171.99999999998846,0,0,,4737.541251217294,77.19940107815555,836.6,835.9,834.2,838.3,106.2,106.4,106.2,105.9,1.396,0.98,121.4,1.604,25.5,0.941,28.4,43.7,88.3,14.26,0,2.6,94.6,0.5832,-13.7,OIL_PUMP_CAVITATION,0.95,,,
172.09999999998837,0,0,,4748.83117479846,76.94083160911835,836.3,836.3,838.1,835.3,106.2,105.5,105.3,105.9,1.398,1.88,121.7,1.184,25.4,0.939,28.4,44.3,88.4,14.17,0,2.5,94.5,0.5832,-13.9,OIL_PUMP_CAVITATION,0.95,,,
172.09999999998837,0,1,172.17999999998838,4748.83117479846,76.94083160911835,836.3,836.3,838.1,835.3,106.2,105.5,105.3,105.9,1.398,1.88,121.7,1.184,25.4,0.939,28.4,44.3,88.4,14.17,0,2.5,94.5,0.5832,-13.9,OIL_PUMP_CAVITATION,0.95,OIL_PUMP_CAVITATION,6.2,1.5
172.19999999998828,0,0,,4739.269144191211,76.94423936913711,835.1,834.9,837.2,835.5,105.9,105.7,105.8,105.7,1.41,2.36,121.6,1.224,25.4,0.944,28.4,44.2,88.1,14.2,0,2.6,94.6,0.5831,-13.7,OIL_PUMP_CAVITATION,0.95,,,
172.2999999999882,0,0,,4734.5249301240465,76.95256445156325,835.4,836.1,838.2,835.3,105.3,106,105.9,106.1,1.394,1.52,121.9,1.599,25.3,0.94,28.4,44.3,88.2,14.22,0,2.4,94.6,0.5835,-13.8,OIL_PUMP_CAVITATION,0.95,,,
172.3999999999881,0,0,,4744.829757147203,76.94282931404943,834.5,836.6,834.1,836.6,105.4,106.2,106,106,1.396,0.99,121.8,1.53,25.4,0.937,28.4,44.8,88.3,14.18,0,2.6,94.6,0.5829,-13.6,OIL_PUMP_CAVITATION,0.95,,,
172.499999999988,0,0,,4744.112124081641,76.91271841511205,835.4,835,835.6,833.9,105.8,105.4,105.7,105.7,1.395,1.69,121.6,1.394,25.4,0.938,28.4,44.2,88.5,14.18,0,2.4,94.6,0.5835,-13.8,OIL_PUMP_CAVITATION,0.95,,,
172.59999999998792,0,0,,4741.043640718759,77.06514418498809,834.2,835.8,834,836.3,106,106,105.9,106,1.392,2.36,121.7,1.584,25.3,0.939,28.5,43.5,88.3,14.22,0,2.4,94.7,0.5837,-13.7,OIL_PUMP_CAVITATION,0.95,,,
172.69999999998782,0,0,,4738.830228665304,77.00004494334173,837.7,834.7,837.7,836.5,106,106.2,105.5,105.5,1.391,1.73,121.6,1.367,25.3,0.946,28.4,42.8,88.6,14.21,0,2.6,94.6,0.5835,-13.5,OIL_PUMP_CAVITATION,0.95,,,
172.79999999998773,0,0,,4740.376375273992,77.10317853885184,836.6,835.3,835.6,836.1,106,105.8,105.8,105.4,1.402,0.96,121.7,1.417,25.5,0.941,28.4,44.4,88.2,14.23,0,2.2,94.6,0.5836,-13.9,OIL_PUMP_CAVITATION,0.95,,,
172.89999999998764,0,0,,4739.959193622955,76.91380313718695,836.4,835,833.6,835.6,106.3,106,105.5,105.8,1.397,1.46,121.7,1.459,25.4,0.94,28.4,43.5,88.3,14.19,0,2.3,94.6,0.5829,-13.7,OIL_PUMP_CAVITATION,0.95,,,
172.99999999998755,0,0,,4735.7331896551395,77.049731572385,833.8,838.2,836.4,835.3,106.1,105.7,105.6,105.4,1.386,2.34,121.7,1.712,25.5,0.936,28.3,43.2,88.5,14.23,0,2.5,94.6,0.583,-13.6,OIL_PUMP_CAVITATION,0.95,,,
173.09999999998746,0,0,,4742.4927214012705,77.0523302133024,834.7,835.1,834.8,834.9,105.6,105.6,106.1,105.5,1.397,1.94,121.8,1.787,25.4,0.944,28.5,42.9,88.4,14.21,0,2.4,94.6,0.5842,-13.8,OIL_PUMP_CAVITATION,0.95,,,
173.10999999998745,0,1,173.18999999998746,4742.485820656789,76.89097794777844,837.1,835.3,836.7,836.2,105.6,105.5,105.4,105.5,1.4,1.85,121.6,1.35,25.4,0.94,28.4,43.1,88.8,14.18,0,2.8,94.6,0.5838,-13.6,OIL_PUMP_CAVITATION,0.95,OIL_PUMP_CAVITATION,6.2,1.5
173.19999999998737,0,0,,4735.666686402937,77.01426005466746,836.4,835.2,835.1,834.7,105.6,105.6,105.8,106.3,1.403,1.03,121.7,1.569,25.5,0.937,28.5,43.1,88.4,14.23,0,2.3,94.6,0.5839,-13.7,OIL_PUMP_CAVITATION,0.95,,,
173.29999999998728,0,0,,4740.138299125726,76.97484413339909,833.5,836.3,835.9,837.7,105.7,105.4,106,105.8,1.403,1.3,121.8,1.557,25.4,0.943,28.4,42.3,88.7,14.2,0,2.4,94.7,0.5835,-13.7,OIL_PUMP_CAVITATION,0.95,,,
173.3999999999872,0,0,,4741.38462462026,76.98013859812511,834.4,837.2,835.8,836.7,106.1,105.6,105.7,105.6,1.397,2.26,121.7,1.717,25.4,0.944,28.4,42.3,88.2,14.2,0,2.3,94.6,0.5831,-13.6,OIL_PUMP_CAVITATION,0.95,,,
173.4999999999871,0,0,,4739.636009338149,77.16876566877625,834.8,834.9,834.9,835.4,106.1,106,106.1,105.7,1.398,2.12,121.7,1.666,25.4,0.938,28.4,43.4,88.5,14.25,0,2.2,94.6,0.5828,-13.8,OIL_PUMP_CAVITATION,0.95,,,
173.599999999987,0,0,,4731.855540495804,77.0388123900258,835.6,837.5,834.4,835,105.5,105.9,106.2,105.7,1.398,1.15,121.5,1.599,25.4,0.943,28.4,42.6,88.6,14.24,0,2.4,94.6,0.5844,-13.6,OIL_PUMP_CAVITATION,0.95,,,
173.69999999998691,0,0,,4750.486318617536,76.86566006439678,835.8,834.7,833.6,836.2,105.9,106.3,106.1,105.9,1.397,1.15,121.6,1.717,25.4,0.939,28.4,42.1,88.6,14.15,0,2.5,94.6,0.5835,-13.6,OIL_PUMP_CAVITATION,0.95,,,
173.79999999998682,0,0,,4740.4230427503635,77.20513353261023,836.4,833.5,836.5,837.4,106.3,105.9,106.4,106,1.404,2.11,121.7,1.486,25.5,0.942,28.3,42.1,88.4,14.25,0,2.3,94.6,0.5838,-13.6,OIL_PUMP_CAVITATION,0.95,,,
173.89999999998673,0,0,,4743.180348861678,77.05073608846106,834.6,835.1,838.4,835,105.4,105.2,105.4,105.6,1.403,2.24,121.8,1.551,25.4,0.945,28.5,42.4,88.4,14.21,0,2.5,94.6,0.5835,-13.7,OIL_PUMP_CAVITATION,0.95,,,
173.99999999998664,0,0,,4741.257165741628,77.00384491670991,837.5,835.2,834.5,837.2,105.6,105.5,106.1,105.7,1.398,1.32,121.6,1.431,25.4,0.937,28.5,42.7,88.7,14.21,0,2.5,94.5,0.5837,-13.7,OIL_PUMP_CAVITATION,0.95,,,
174.09999999998655,0,0,,4736.503708942169,77.04965726881197,835.3,836,835.9,836.4,105.5,105.7,105.9,105.7,1.395,1.05,121.8,0.963,25.4,0.943,28.4,43.4,88.5,14.23,0,2.6,94.6,0.5835,-13.5,OIL_PUMP_CAVITATION,0.95,,,
174.1599999999865,0,1,174.2399999999865,4741.556750735113,77.01920654061782,837.2,834.6,835.8,836.4,106,105.8,105.4,105.6,1.392,1.51,121.6,1.59,25.4,0.941,28.4,42.7,88.6,14.21,0,2.6,94.5,0.5844,-13.7,OIL_PUMP_CAVITATION,0.95,OIL_PUMP_CAVITATION,7.3,1.5
174.19999999998646,0,0,,4740.5988239566395,76.86749245363906,837.7,836.4,835.4,833.8,106,105.7,105.4,106.1,1.388,1.94,121.6,1.418,25.3,0.939,28.4,43.3,88.6,14.18,0,2.8,94.6,0.5838,-13.5,OIL_PUMP_CAVITATION,0.95,,,
174.29999999998637,0,0,,4734.436576098953,76.98974642476837,836.2,837.2,836.6,836.5,105.6,105.9,106,105.5,1.403,2.35,121.8,1.597,25.4,0.942,28.4,43.4,88.5,14.22,0,2.5,94.6,0.5836,-13.8,OIL_PUMP_CAVITATION,0.95,,,
174.39999999998628,0,0,,4740.443355018659,77.03975508906738,835.1,835,833.4,835.9,105.3,105.7,105.5,105.7,1.397,1.5,121.6,1.383,25.4,0.94,28.5,43.7,88.6,14.22,0,2.7,94.6,0.5836,-13.8,OIL_PUMP_CAVITATION,0.95,,,
174.4999999999862,0,0,,4743.588771545028,77.03045169716786,836.1,836.3,833,836.5,105.4,105.9,106.2,105.9,1.398,0.99,121.7,1.629,25.4,0.943,28.2,43.6,88.3,14.21,0,2.3,94.7,0.5846,-13.7,OIL_PUMP_CAVITATION,0.95,,,
174.5999999999861,0,0,,4737.602029858023,76.94472616993592,834.6,834.5,836.3,836.1,105.6,105.1,106,105.3,1.399,1.73,121.7,1.5,25.4,0.941,28.5,43.5,88.6,14.21,0,2.3,94.7,0.5848,-13.9,OIL_PUMP_CAVITATION,0.95,,,
174.699999999986,0,0,,4736.690750348127,77.05483072969085,837.2,834.2,834.8,835,106.1,105.9,105.8,106,1.396,2.39,121.8,1.512,25.5,0.941,28.4,43.5,89,14.23,0,2.2,94.6,0.5837,-13.6,OIL_PUMP_CAVITATION,0.95,,,
174.7999999999859,0,0,,4738.70687778551,77.06029789205846,837.4,835.4,834.4,834.9,105.7,105.7,105.6,105.7,1.395,1.67,121.8,1.192,25.5,0.938,28.4,44.2,88.8,14.23,0,2.3,94.6,0.5832,-13.5,OIL_PUMP_CAVITATION,0.95,,,
174.89999999998582,0,0,,4743.053173166037,77.02653442461326,836.7,834.9,836.1,837.8,105.6,105.3,105.3,106.1,1.398,0.96,121.8,1.113,25.4,0.938,28.4,44.4,88.5,14.21,0,2.5,94.5,0.5836,-13.5,OIL_PUMP_CAVITATION,0.95,,,
174.99999999998573,0,0,,4735.139900846098,77.12063744906288,835.1,835.5,835.5,836.9,105.7,105.8,105.8,105.9,1.398,1.53,121.7,1.518,25.5,0.938,28.5,44.1,88.5,14.25,0,2.4,94.6,0.5841,-13.9,OIL_PUMP_CAVITATION,0.95,,,
175.09999999998564,0,0,,4740.323795274857,77.07719868511403,833.8,836.1,836.4,835.7,105.9,105.2,105.9,105.7,1.396,2.36,121.6,1.149,25.4,0.937,28.4,44,88.7,14.23,0,2.5,94.6,0.5833,-13.5,OIL_PUMP_CAVITATION,0.95,,,
175.18999999998556,0,1,175.26999999998557,4743.688695391824,77.0025506407459,836.5,836.1,835,834.1,105.5,106.2,105.4,105.3,1.394,1.98,121.6,1.609,25.4,0.941,28.3,43.2,88.2,14.2,0,2.6,94.7,0.5826,-13.6,OIL_PUMP_CAVITATION,0.95,OIL_PUMP_CAVITATION,7.5,1.7
175.19999999998555,0,0,,4744.023692764394,76.98069931719084,835,834.8,836.3,835.7,105.6,105.6,105.4,105.6,1.396,1.89,121.8,1.694,25.3,0.942,28.4,44.2,88.5,14.19,0,2.3,94.7,0.5834,-13.7,OIL_PUMP_CAVITATION,0.95,,,
175.29999999998546,0,0,,4741.314176926595,77.05619985860169,834.5,834.7,835.5,836,105.2,106,105.4,105.4,1.402,1.01,121.7,2.055,25.4,0.945,28.4,43.8,88.6,14.22,0,2.6,94.6,0.5837,-13.7,OIL_PUMP_CAVITATION,0.95,,,
175.39999999998537,0,0,,4750.57502422223,76.96222292560464,835.7,837.2,839.4,836.9,105.5,105.8,105.6,105.6,1.39,1.33,121.8,1.511,25.3,0.942,28.5,43.7,88.7,14.17,0,2.3,94.7,0.5838,-13.8,OIL_PUMP_CAVITATION,0.95,,,
175.49999999998528,0,0,,4744.154712665135,76.99726109861258,834.8,835.5,835.1,835.8,105.7,105.4,104.9,106.1,1.401,2.25,121.6,2.19,25.4,0.942,28.4,44,88.1,14.2,0,2.6,94.7,0.5839,-13.8,OIL_PUMP_CAVITATION,0.95,,,
175.5999999999852,0,0,,4734.448666187524,76.96090675471888,835.1,835.3,835.7,835.2,105.6,105.6,106,106.3,1.396,2.05,121.7,1.617,25.4,0.939,28.4,43.9,88.5,14.22,0,2.6,94.7,0.584,-13.7,OIL_PUMP_CAVITATION,0.95,,,
175.6999999999851,0,0,,4745.382314911114,77.03830895968153,836.4,836.9,836.3,835.7,106,105.8,105.6,106.1,1.393,1.16,121.6,1.354,25.4,0.939,28.4,44.4,88.1,14.2,0,2.6,94.7,0.5829,-13.7,OIL_PUMP_CAVITATION,0.95,,,
175.799999999985,0,0,,4744.069510481685,77.02261550837075,835.7,835.8,835.6,837.1,105.7,105.6,105.5,106.4,1.402,1.19,121.7,1.32,25.4,0.937,28.4,44.2,88.7,14.2,0,2.5,94.6,0.5847,-13.7,OIL_PUMP_CAVITATION,0.95,,,
175.8999999999849,0,0,,4744.303584533721,77.20310209693662,834.4,837.2,833.3,836.2,106.1,106.5,105.3,105.4,1.394,2.15,121.8,1.253,25.5,0.943,28.4,44.3,88.3,14.24,0,2.3,94.7,0.5827,-13.7,OIL_PUMP_CAVITATION,0.95,,,
175.99999999998482,0,0,,4735.098146966899,77.1422977418589,833.8,834.8,833.4,834.9,105.8,106,106,106,1.393,2.22,121.7,1.404,25.5,0.938,28.3,44.3,88.5,14.25,0,2.2,94.6,0.5834,-13.4,OIL_PUMP_CAVITATION,0.95,,,
176.09999999998473,0,0,,4748.3481407180925,77.1180416802993,834.5,836.5,836.3,835.9,105.8,106,105.3,105.8,1.407,1.28,121.6,1.316,25.5,0.938,28.4,44.3,88.6,14.21,0,2.5,94.6,0.5834,-13.9,OIL_PUMP_CAVITATION,0.95,,,
176.19999999998464,0,0,,4740.390734397762,76.98475943596966,836.1,834.3,832.2,835.6,105.8,105.7,105.9,105.9,1.405,1.04,121.9,1.595,25.4,0.941,28.4,44.4,88.6,14.21,0,2.5,94.6,0.5844,-13.8,OIL_PUMP_CAVITATION,0.95,,,
176.2499999999846,0,1,176.3299999999846,4747.100154265579,77.22557973659093,835.8,834.3,834.7,837.7,105.8,105,105.7,105.2,1.404,1.47,121.8,1.267,25.5,0.937,28.4,44.4,88.4,14.24,0,2.3,94.7,0.5844,-13.6,OIL_PUMP_CAVITATION,0.95,OIL_PUMP_CAVITATION,6.7,1.7
176.29999999998455,0,0,,4742.001015758969,76.96575222901868,835.9,832.8,833,834.4,105.8,106.2,106.4,105.9,1.396,1.96,121.7,1.584,25.4,0.946,28.4,44.2,88.3,14.2,0,2.2,94.6,0.5828,-13.8,OIL_PUMP_CAVITATION,0.95,,,
176.39999999998446,0,0,,4745.7773801712065,77.06816130438422,835.9,833.3,838.2,835.9,105.6,105.6,105.8,105.7,1.4,2.32,121.7,1.448,25.3,0.939,28.4,44.6,88.7,14.21,0,2.6,94.6,0.5832,-13.7,OIL_PUMP_CAVITATION,0.95,,,
176.49999999998437,0,0,,4738.627193371902,77.16488361572019,836.9,836.3,833.8,836,105.6,105.6,106.2,105.4,1.398,1.43,121.7,1.82,25.5,0.939,28.4,43,88.3,14.25,0,2.4,94.6,0.5831,-13.8,OIL_PUMP_CAVITATION,0.95,,,
176.59999999998428,0,0,,4753.230937616179,77.13513447249807,834.2,837.5,835.8,834.5,105.8,105.7,105.2,105.7,1.398,0.96,121.8,1.566,25.4,0.938,28.4,44.2,88.4,14.2,0,2.4,94.7,0.5829,-13.7,OIL_PUMP_CAVITATION,0.95,,,
176.6999999999842,0,0,,4744.889831094083,77.10954227919666,837.6,835.9,836.3,836.7,105.4,105.8,105.7,105.7,1.403,1.78,121.6,1.827,25.5,0.944,28.4,44,88.1,14.22,0,2.3,94.6,0.5827,-13.7,OIL_PUMP_CAVITATION,0.95,,,
176.7999999999841,0,0,,4743.849257970472,77.06765567442,836.2,836.1,836.1,837.5,105.7,106.3,105.7,105,1.399,2.39,121.6,1.167,25.4,0.943,28.3,42.9,88.5,14.21,0,2.3,94.5,0.5843,-13.9,OIL_PUMP_CAVITATION,0.95,,,
176.899999999984,0,0,,4754.295530734882,77.08228203020231,834.9,836.4,837.3,835.8,105.7,105.4,106,106,1.405,1.61,121.7,1.943,25.5,0.946,28.4,43.5,88.5,14.19,0,2.3,94.6,0.5847,-13.8,OIL_PUMP_CAVITATION,0.95,,,
176.9999999999839,0,0,,4739.587173054771,77.22276454430246,834.9,835.8,837.3,835.8,105.8,105.3,105.4,105.9,1.397,0.98,121.6,1.555,25.5,0.94,28.5,42.9,88.4,14.26,0,2.4,94.7,0.5829,-13.6,OIL_PUMP_CAVITATION,0.95,,,
177.09999999998382,0,0,,4744.3506630674,77.08454757708189,835.3,836.2,836.2,835.8,105.5,105.5,106.2,105.8,1.401,1.61,121.6,1.97,25.4,0.941,28.4,42.4,87.9,14.22,0,2.6,94.6,0.5838,-13.9,OIL_PUMP_CAVITATION,0.95,,,
177.19999999998373,0,0,,4749.019740223212,77.09827668438213,835.4,836.4,836.5,835.8,105.6,105.7,105.9,105.6,1.398,2.33,121.8,1.708,25.3,0.935,28.5,43.1,88.8,14.21,0,2.7,94.6,0.5829,-13.6,OIL_PUMP_CAVITATION,0.95,,,
177.26999999998367,0,1,177.34999999998368,4743.232523827203,77.01062317355942,835.6,834,836,835.4,105.7,105.8,105.6,105.6,1.393,2.09,121.7,0.882,25.4,0.935,28.4,43.2,88.5,14.2,0,2.5,94.6,0.5837,-13.6,OIL_PUMP_CAVITATION,0.95,OIL_PUMP_CAVITATION,10.4,2.3
177.29999999998364,0,0,,4743.802186689132,77.24984300198419,837.7,835.5,837.5,834.9,105.6,105.9,105.4,105.4,1.392,1.81,121.6,1.443,25.6,0.939,28.4,43.3,88.5,14.25,0,2.4,94.6,0.584,-13.9,OIL_PUMP_CAVITATION,0.95,,,
177.39999999998355,0,0,,4745.003496877547,77.16586122023745,836,835.9,833.3,835.2,105.5,105.8,105.5,105.4,1.397,0.97,121.7,1.22,25.5,0.94,28.4,43.4,88.3,14.23,0,2.4,94.6,0.584,-13.8,OIL_PUMP_CAVITATION,0.95,,,
177.49999999998346,0,0,,4743.391187903117,76.96971052710826,834.3,836,835.8,836.4,105.8,106,106.3,106,1.407,1.43,121.6,1.691,25.4,0.935,28.3,42.8,88.5,14.19,0,2.3,94.7,0.583,-13.6,OIL_PUMP_CAVITATION,0.95,,,
177.59999999998337,0,0,,4748.963241770934,77.30151727563523,836.4,834.9,835.7,837.2,106,105.5,105.9,105.3,1.401,2.31,121.8,1.582,25.5,0.936,28.4,43.3,88.5,14.25,0,2.3,94.7,0.5829,-13.6,OIL_PUMP_CAVITATION,0.95,,,
177.69999999998328,0,0,,4747.515343843517,77.12759783146997,835.4,835.4,839.5,836.3,105.7,105.6,106.1,105.4,1.4,2,121.8,1.872,25.5,0.934,28.4,42.8,88.4,14.22,0,2.5,94.6,0.5838,-13.5,OIL_PUMP_CAVITATION,0.95,,,
177.79999999998319,0,0,,4743.4919693887205,77.11729262355395,835.1,833.7,834.2,835.9,105.8,105.5,105.6,105.4,1.404,1.06,121.7,1.526,25.4,0.936,28.5,43.5,88.5,14.22,0,2.4,94.6,0.5839,-13.8,OIL_PUMP_CAVITATION,0.95,,,
177.8999999999831,0,0,,4750.80730438188,77.1800315200743,835.1,836.5,834.8,833.8,105.7,105.6,105.3,105.7,1.403,1.22,121.6,1.951,25.4,0.936,28.4,43.8,88.4,14.22,0,2.5,94.7,0.5831,-13.8,OIL_PUMP_CAVITATION,0.95,,,
177.999999999983,0,0,,4749.698303420999,77.20240988283122,836.9,835.1,836.6,835.2,105.8,106.1,106,105.3,1.4,2.22,121.8,1.671,25.5,0.941,28.4,44,88.4,14.23,0,2.5,94.6,0.5835,-13.7,OIL_PUMP_CAVITATION,0.95,,,
178.0999999999829,0,0,,4752.9584324326615,77.30973258219339,838.2,836.2,833.2,837.5,105.7,105.6,106.2,105.9,1.397,2.19,121.9,1.561,25.5,0.938,28.3,44.1,88.7,14.24,0,2.5,94.6,0.5836,-13.7,OIL_PUMP_CAVITATION,0.95,,,
178.19999999998282,0,0,,4745.811799744052,77.37338806153987,835.2,835.8,835.9,839.2,106,105.6,105.6,105.7,1.412,1.19,121.5,1.335,25.5,0.94,28.4,44.9,88.2,14.27,0,2.4,94.6,0.5843,-13.9,OIL_PUMP_CAVITATION,0.95,,,
178.28999999998274,0,1,178.36999999998275,4756.408587934632,77.23019084056773,836.6,834.7,838.9,836.4,105.7,105.7,105.5,105.9,1.41,1.03,121.7,1.635,25.6,0.937,28.4,44,88.5,14.21,0,2.8,94.7,0.5833,-13.8,OIL_PUMP_CAVITATION,0.95,OIL_PUMP_CAVITATION,7.5,1.5
178.29999999998273,0,0,,4749.2210191638405,77.15382028394824,835,836.1,836,837,105.4,105.2,105.9,105.9,1.4,1.08,121.7,1.469,25.5,0.943,28.4,44.4,88.7,14.22,0,2.4,94.7,0.5836,-14,OIL_PUMP_CAVITATION,0.95,,,
178.39999999998264,0,0,,4746.0558690054495,77.36769949031452,833.4,834.9,835.9,835.9,105.8,105,105.5,105.8,1.401,2.02,121.7,1.456,25.5,0.939,28.4,44.3,88.8,14.27,0,2.8,94.7,0.583,-13.7,OIL_PUMP_CAVITATION,0.95,,,
178.49999999998255,0,0,,4754.714860341833,77.21341043793261,835.7,837.9,835.2,835.3,105.6,105.9,105.4,105.5,1.401,2.33,121.6,1.373,25.5,0.939,28.4,44.7,88.7,14.21,0,2.6,94.7,0.584,-13.7,OIL_PUMP_CAVITATION,0.95,,,
178.59999999998246,0,0,,4750.481923763095,77.40715041323095,835.4,836.3,835.9,835,105.4,105.2,105.6,105.9,1.401,1.41,121.7,1.442,25.5,0.939,28.3,44.3,89,14.27,0,2.2,94.7,0.5835,-13.7,OIL_PUMP_CAVITATION,0.95,,,
178.69999999998237,0,0,,4751.710553193322,77.20098886209489,836.6,835.7,834.7,837.4,105.3,105.6,105.3,106.6,1.394,0.97,121.6,1.73,25.5,0.937,28.4,44.1,88.4,14.22,0,2.6,94.6,0.5832,-13.8,OIL_PUMP_CAVITATION,0.95,,,
178.79999999998228,0,0,,4752.085168186282,77.33860939990193,836,836.4,837.8,835.8,105.9,105.8,105.4,105.5,1.4,1.87,121.7,1.455,25.5,0.935,28.4,44.1,88.3,14.25,0,2.5,94.6,0.5834,-13.9,OIL_PUMP_CAVITATION,0.95,,,
178.89999999998219,0,0,,4754.06353129837,77.14897603371176,834.9,837.6,834,835.9,106,105.8,105.2,105.5,1.402,2.36,121.6,1.751,25.5,0.94,28.4,43.5,88.5,14.2,0,2.4,94.5,0.5837,-13.5,OIL_PUMP_CAVITATION,0.95,,,
178.9999999999821,0,0,,4753.938007632429,77.36744547751496,837,836,835.7,835.6,105.6,105.3,105.4,105.5,1.401,1.56,121.8,1.355,25.6,0.944,28.4,43.9,88.5,14.25,0,2.5,94.7,0.5834,-13.7,OIL_PUMP_CAVITATION,0.95,,,
179.099999999982,0,0,,4740.836776090964,77.43176942998085,837,837.2,836.7,834.5,105.5,105.5,105.8,106,1.399,0.94,121.6,1.714,25.6,0.94,28.4,43.7,88.3,14.3,0,2.4,94.6,0.584,-13.8,OIL_PUMP_CAVITATION,0.95,,,
179.1999999999819,0,0,,4749.510251437346,77.29971668757219,835,836.6,834.1,836.8,105.6,105.8,106.1,105.3,1.397,1.68,121.9,1.645,25.6,0.94,28.4,43.1,88.4,14.25,0,2.5,94.7,0.5838,-13.7,OIL_PUMP_CAVITATION,0.95,,,
179.29999999998182,0,0,,4743.481011580419,77.39879821004216,835.6,838.9,835.6,836.8,105.9,106,105.1,105.6,1.4,2.37,121.6,1.813,25.5,0.943,28.4,44.5,88.4,14.28,0,2.4,94.7,0.5842,-13.8,OIL_PUMP_CAVITATION,0.95,,,
179.3299999999818,0,1,179.4099999999818,4753.165966752201,77.29804809023364,835.3,834.2,835.7,835.2,105.5,105.6,105.5,105.7,1.401,2.31,121.4,1.511,25.5,0.94,28.4,43.6,88.7,14.24,0,2.5,94.6,0.5833,-13.9,OIL_PUMP_CAVITATION,0.95,OIL_PUMP_CAVITATION,8.2,1.7
179.39999999998173,0,0,,4755.623667810753,77.36687995310601,838.5,836.9,837.2,834.8,105.5,105.5,105.8,105.4,1.412,1.77,121.6,1.518,25.6,0.943,28.4,43.9,88.6,14.24,0,2.3,94.6,0.5832,-13.6,OIL_PUMP_CAVITATION,0.95,,,
179.49999999998164,0,0,,4751.140158907421,77.362028690642,833.9,834,836.3,836.1,105.2,105.8,105.6,105.9,1.4,0.98,121.8,1.43,25.6,0.939,28.5,42.6,88.5,14.25,0,2.4,94.6,0.5833,-13.8,OIL_PUMP_CAVITATION,0.95,,,
179.59999999998155,0,0,,4759.244453558041,77.53109984518225,836.6,835,835.6,837.1,105.2,106.1,105.4,105.2,1.405,1.48,121.5,1.145,25.7,0.939,28.4,42.9,88.8,14.27,0,2.7,94.7,0.5828,-13.7,OIL_PUMP_CAVITATION,0.95,,,
179.69999999998146,0,0,,4749.385654893324,77.49206727528575,835.6,835.2,836.1,836.8,105.5,106,105.6,105,1.401,2.3,121.7,1.824,25.6,0.941,28.4,43.1,88.6,14.29,0,2.5,94.5,0.584,-13.7,OIL_PUMP_CAVITATION,0.95,,,
179.79999999998137,0,0,,4755.3965000412845,77.31181096315972,836.5,836.3,835.3,836.9,105.8,105.4,105.7,105.8,1.395,1.99,121.7,1.749,25.5,0.939,28.3,43.4,88.6,14.23,0,2.6,94.6,0.5831,-13.8,OIL_PUMP_CAVITATION,0.95,,,
179.89999999998128,0,0,,4754.666208706687,77.30004161655201,839.6,836.4,834.3,838.6,105.6,105.6,105.2,105.8,1.4,1.04,121.7,1.465,25.6,0.94,28.5,42.8,88,14.23,0,2.5,94.6,0.5832,-13.6,OIL_PUMP_CAVITATION,0.95,,,
179.99999999998118,0,0,,4752.345192537181,77.31412860509023,834.7,838.2,835.6,835.4,105.9,105.8,106,105.2,1.407,1.32,121.8,1.184,25.4,0.935,28.5,42.4,88.8,14.24,0,2.4,94.6,0.5828,-13.6,OIL_PUMP_CAVITATION,0.95,,,
180.0999999999811,0,0,,4759.309062370418,77.40790241171705,836.7,835.4,834.3,838.2,105.8,105.2,105.6,105.7,1.395,2.24,121.8,1.55,25.5,0.945,28.4,42.2,89,14.24,0,2.3,94.6,0.5833,-13.7,OIL_PUMP_CAVITATION,0.95,,,
180.199999999981,0,0,,4747.343527761078,77.38771449440651,837.5,836.2,835.1,836.6,105.7,105.8,105.7,105.4,1.401,2.14,121.7,1.745,25.6,0.939,28.4,42.3,88.7,14.27,0,2.4,94.7,0.5839,-13.7,OIL_PUMP_CAVITATION,0.95,,,
180.2999999999809,0,0,,4758.5951166838295,77.47154758161203,836.1,838.2,836.7,835.8,105.6,105.5,105.7,105.4,1.407,1.15,121.6,1.212,25.6,0.939,28.5,42.9,88.4,14.26,0,2.4,94.6,0.5836,-13.8,OIL_PUMP_CAVITATION,0.95,,,
180.32999999998088,0,1,180.4099999999809,4759.051984917035,77.32462366433609,836.6,836.5,836,836.7,105.6,105.3,105.1,105.7,1.404,0.99,121.8,1.474,25.5,0.941,28.4,42.4,88.6,14.22,0,2.6,94.6,0.5834,-13.8,OIL_PUMP_CAVITATION,0.95,OIL_PUMP_CAVITATION,6.5,1.6
180.39999999998082,0,0,,4755.089550914863,77.23704835716084,837.6,834.9,836.8,836.1,105.4,105.8,105.8,105.9,1.404,1.15,121.6,1.604,25.5,0.941,28.4,42.5,88.5,14.22,0,2.6,94.6,0.5838,-13.6,OIL_PUMP_CAVITATION,0.95,,,
180.49999999998073,0,0,,4762.5400894581235,77.48900571150388,837.4,835.4,837.5,836.5,105.8,105.6,105.4,106,1.418,2.1,121.8,1.691,25.7,0.938,28.4,42.8,88.8,14.25,0,2.4,94.6,0.5827,-13.8,OIL_PUMP_CAVITATION,0.95,,,
180.59999999998064,0,0,,4751.368594391658,77.43752017767365,834.8,834.3,834.4,835.3,105.7,105.7,105.2,105.7,1.403,2.27,121.8,1.54,25.5,0.932,28.4,42.3,88.4,14.27,0,2.4,94.6,0.5842,-13.7,OIL_PUMP_CAVITATION,0.95,,,
180.69999999998055,0,0,,4760.86486003698,77.5166720673325,834.9,834.6,837.3,837.4,105.6,105.6,105.9,105.9,1.407,1.33,121.8,1.708,25.5,0.94,28.5,43.2,88.6,14.26,0,2.4,94.7,0.5838,-13.8,OIL_PUMP_CAVITATION,0.95,,,
180.79999999998046,0,0,,4752.611674108645,77.43084874042363,836.7,836.5,835.6,835.9,105.6,106.3,105.1,105.6,1.402,1.01,121.6,1.799,25.5,0.945,28.3,42.6,88.6,14.27,0,2.3,94.7,0.5838,-13.8,OIL_PUMP_CAVITATION,0.95,,,
180.89999999998037,0,0,,4751.657584927153,77.34261141766382,837.5,835.8,834.8,836.4,105.5,106,105.5,105.3,1.41,1.92,121.6,1.664,25.6,0.938,28.4,42.5,88.7,14.25,0,2.4,94.7,0.584,-13.9,OIL_PUMP_CAVITATION,0.95,,,
180.99999999998028,0,0,,4756.955097724326,77.6019245787825,836.4,835.9,839.3,836.3,105.6,105.4,105.2,105.7,1.409,2.35,121.7,1.537,25.6,0.941,28.4,42.2,88.6,14.29,0,2.4,94.6,0.5831,-13.8,OIL_PUMP_CAVITATION,0.95,,,
181.09999999998018,0,0,,4760.717392698163,77.41959526691986,837.7,837.8,837.7,838.9,105.5,105.7,105.6,105.8,1.398,1.5,121.6,1.764,25.6,0.939,28.4,41.5,88.7,14.24,0,2.5,94.7,0.5842,-13.8,OIL_PUMP_CAVITATION,0.95,,,
181.1999999999801,0,0,,4759.23198181824,77.63792833715792,836.4,835.8,836.5,837,105.7,105.3,105.4,105,1.397,0.94,121.6,1.46,25.6,0.937,28.4,42.1,88.5,14.29,0,2.6,94.6,0.5841,-13.6,OIL_PUMP_CAVITATION,0.95,,,
181.29999999998,0,0,,4763.916041618445,77.52053452629791,835.2,837.9,836.9,835.8,105.4,105.8,105.8,105.7,1.403,1.7,121.7,1.782,25.6,0.939,28.4,42.7,88.6,14.25,0,2.2,94.7,0.5829,-13.7,OIL_PUMP_CAVITATION,0.95,,,
181.33999999997997,0,1,181.41999999997998,4758.043135469958,77.55265750378906,836.8,836.7,837,837.3,105.8,105.2,105.8,105.3,1.403,2.11,121.8,1.557,25.5,0.945,28.4,42.5,88.8,14.28,0,2.5,94.7,0.5836,-13.8,OIL_PUMP_CAVITATION,0.95,OIL_PUMP_CAVITATION,6.8,1.8
181.3999999999799,0,0,,4759.962088637403,77.4529101761624,835.1,834.2,837.8,837.1,105.5,105.8,105.8,106.1,1.403,2.38,121.7,1.291,25.6,0.944,28.4,42.4,88.7,14.25,0,2.4,94.7,0.5823,-13.6,OIL_PUMP_CAVITATION,0.95,,,
181.49999999997982,0,0,,4756.010933228523,77.62981257367908,838.2,835,836,835,106,105.5,104.9,105.5,1.415,1.72,121.7,1.843,25.7,0.939,28.4,42.5,88.5,14.3,0,2.4,94.7,0.5833,-13.6,OIL_PUMP_CAVITATION,0.95,,,
181.59999999997973,0,0,,4763.168992140693,77.59132511680598,835.4,836.6,837.3,836.4,105.6,105.3,105.5,105.5,1.395,0.95,121.7,1.616,25.6,0.939,28.4,43.1,88.5,14.27,0,2.5,94.7,0.5831,-13.7,OIL_PUMP_CAVITATION,0.95,,,
181.69999999997964,0,0,,4759.955510814398,77.39477423084185,838.6,837.8,839.1,834.9,105.8,105.5,105.5,105.6,1.407,1.55,121.7,1.217,25.7,0.943,28.4,43.6,88.4,14.24,0,2.5,94.7,0.5837,-13.7,OIL_PUMP_CAVITATION,0.95,,,
181.79999999997955,0,0,,4764.771281306339,77.72746949337166,836.3,836.8,835.7,837.3,105.3,105.6,105.4,105.3,1.407,2.35,121.4,1.614,25.8,0.939,28.4,42.9,88.8,14.29,0,2.2,94.7,0.5834,-13.7,OIL_PUMP_CAVITATION,0.95,,,
181.89999999997946,0,0,,4763.370585630269,77.62667379293482,836,837.1,836.8,837.5,105.9,105.1,105.6,105.8,1.41,1.91,121.6,1.523,25.7,0.943,28.5,43.5,88.8,14.28,0,2.6,94.6,0.5828,-13.7,OIL_PUMP_CAVITATION,0.95,,,
181.99999999997937,0,0,,4762.334576769075,77.66985937034082,836.9,835.1,836.7,834.9,105.5,105.3,105.7,105.9,1.406,1.03,121.6,1.551,25.7,0.946,28.3,43.3,88.5,14.29,0,2.5,94.6,0.5831,-13.6,OIL_PUMP_CAVITATION,0.95,,,
182.09999999997927,0,0,,4764.660947721414,77.65361762494314,836,837.6,835.9,837.1,105.8,105.5,105.5,106.5,1.418,1.33,121.7,1.476,25.6,0.944,28.5,43.6,88.2,14.28,0,2.4,94.6,0.584,-13.8,OIL_PUMP_CAVITATION,0.95,,,
182.19999999997918,0,0,,4769.765134563264,77.69441609456732,837.1,837.3,837.9,835.2,105.3,105.7,105.5,106.4,1.409,2.24,121.7,1.736,25.7,0.943,28.3,43.8,88.5,14.27,0,2.4,94.6,0.5833,-13.7,OIL_PUMP_CAVITATION,0.95,,,
182.2999999999791,0,0,,4768.302972322082,77.57865420572377,836.1,836.5,837.4,839.5,105.5,105.3,105.4,105.5,1.406,2.09,121.6,1.515,25.6,0.942,28.4,43.1,88.3,14.25,0,2.7,94.6,0.5843,-13.8,OIL_PUMP_CAVITATION,0.95,,,
182.34999999997905,0,1,182.42999999997906,4769.197987431395,77.73152819619902,838.3,836.1,838.8,836.1,105.5,104.9,105.7,105.5,1.404,1.6,121.7,1.64,25.7,0.94,28.4,43.1,88.2,14.28,0,2.2,94.7,0.584,-13.8,OIL_PUMP_CAVITATION,0.95,OIL_PUMP_CAVITATION,7,1.6
182.399999999979,0,0,,4774.477441940488,77.68893920429429,837.5,835.4,836.7,837.1,105.7,105.3,105.2,105.7,1.404,1.14,121.7,1.356,25.7,0.94,28.5,44.1,88.6,14.26,0,2.7,94.6,0.5834,-13.9,OIL_PUMP_CAVITATION,0.95,,,
182.4999999999789,0,0,,4769.623313214104,77.72602556249304,836.4,838.8,837.2,837.1,105.3,106.1,105.8,105.6,1.408,1.17,121.8,1.795,25.7,0.938,28.4,43.4,88.5,14.28,0,2.4,94.6,0.5837,-13.6,OIL_PUMP_CAVITATION,0.95,,,
182.59999999997882,0,0,,4767.403070702296,77.56019384252423,836,838.9,836.7,836.8,105.8,105.2,105.5,105.9,1.405,2.12,121.4,1.683,25.7,0.937,28.5,44.3,88.6,14.25,0,2.4,94.6,0.5844,-13.6,OIL_PUMP_CAVITATION,0.95,,,
182.69999999997873,0,0,,4766.764378247317,77.53056751906944,836.6,838.2,836,836.8,105.4,105.7,105.7,105.7,1.416,2.24,121.6,1.249,25.6,0.94,28.4,44.1,88.5,14.25,0,2.5,94.6,0.5835,-13.9,OIL_PUMP_CAVITATION,0.95,,,
182.79999999997864,0,0,,4771.5757674353445,77.76639029511898,837.1,836.3,834.7,837.4,105.4,105.5,106,106.1,1.409,1.25,121.6,1.319,25.6,0.943,28.3,43.8,88.6,14.28,0,2.1,94.7,0.5836,-13.6,OIL_PUMP_CAVITATION,0.95,,,
182.89999999997855,0,0,,4767.06515430172,77.74345774723626,835.3,836.6,836.4,837,106,106.1,105.6,105.8,1.41,1.02,121.7,1.467,25.8,0.94,28.4,44.5,88.2,14.29,0,2.5,94.6,0.584,-13.6,OIL_PUMP_CAVITATION,0.95,,,
182.99999999997846,0,0,,4767.744513218497,77.65379614164068,838,837.5,836.3,837,105.9,105.7,105.7,105.9,1.416,1.94,121.7,1.613,25.7,0.936,28.5,44.4,88.5,14.27,0,2.3,94.6,0.5834,-13.8,OIL_PUMP_CAVITATION,0.95,,,
183.09999999997837,0,0,,4763.093041265369,77.89946307054494,838.2,838.3,839.4,836.8,105,105.7,106.1,105.6,1.41,2.36,121.6,1.668,25.7,0.939,28.4,44.7,88.4,14.33,0,2.6,94.5,0.5829,-13.9,OIL_PUMP_CAVITATION,0.95,,,
183.19999999997827,0,0,,4767.134643715596,77.81951891703004,837.1,835.9,837,836.7,105.7,105.5,105.2,105.1,1.415,1.46,121.7,1.37,25.6,0.933,28.5,44.4,88.3,14.31,0,2.6,94.6,0.5837,-13.7,OIL_PUMP_CAVITATION,0.95,,,
183.29999999997818,0,0,,4770.969656995593,77.71754523067852,837.4,837.1,837,835.7,105.3,104.9,106,105.1,1.42,0.98,121.6,1.571,25.6,0.941,28.4,45.2,88.8,14.27,0,2.4,94.6,0.5835,-13.8,OIL_PUMP_CAVITATION,0.95,,,
183.35999999997813,0,1,183.43999999997814,4770.273978653641,77.7095211743112,838.7,837.3,838.6,837.9,105.7,105.5,105.6,106,1.404,1.36,121.7,1.667,25.6,0.947,28.4,44.8,88.8,14.27,0,2.5,94.6,0.5846,-13.9,OIL_PUMP_CAVITATION,0.95,OIL_PUMP_CAVITATION,7.9,1.7
183.3999999999781,0,0,,4765.031537619478,77.86189673100544,836.9,837.7,839.7,838.3,106.3,105.2,105.7,105.5,1.4,1.76,121.6,1.298,25.8,0.942,28.4,44.8,88.4,14.32,0,2.4,94.6,0.5842,-13.7,OIL_PUMP_CAVITATION,0.95,,,
183.499999999978,0,0,,4765.017901486901,77.8378538482599,835.9,836.5,836.1,838.2,105.8,105.6,106.3,105.9,1.408,2.36,121.6,1.643,25.7,0.938,28.5,45.1,88.6,14.32,0,2.5,94.6,0.5837,-13.7,OIL_PUMP_CAVITATION,0.95,,,
183.5999999999779,0,0,,4765.67974072985,77.8552865374085,839.1,836.1,839.7,837.4,105.7,105.6,105.6,106,1.416,1.61,121.9,1.335,25.8,0.939,28.4,45.2,88.5,14.32,0,2.5,94.6,0.583,-13.7,OIL_PUMP_CAVITATION,0.95,,,
183.69999999997782,0,0,,4771.712297567464,77.8008779797485,839.1,837,838.1,838,105.8,105.5,106,104.7,1.4,0.97,121.8,1.244,25.8,0.937,28.5,44.6,88.6,14.29,0,2.4,94.6,0.5824,-13.9,OIL_PUMP_CAVITATION,0.95,,,
183.79999999997773,0,0,,4773.396403198669,77.67269350281263,835.4,835.8,835.1,837.2,105.1,105.7,106,105.6,1.408,1.6,121.8,1.37,25.7,0.934,28.3,45.4,88.2,14.26,0,2.5,94.7,0.5838,-13.6,OIL_PUMP_CAVITATION,0.95,,,
183.89999999997764,0,0,,4772.2766657345055,77.92369845326843,838.6,835.8,838.7,837.6,105.8,105.9,105.6,105.7,1.409,2.37,121.8,1.819,25.8,0.943,28.4,45.8,88.3,14.31,0,2.2,94.7,0.5837,-13.8,OIL_PUMP_CAVITATION,0.95,,,
183.99999999997755,0,0,,4770.549182191247,77.82089293900248,837.6,837.9,835.9,838.8,105.7,105.7,105.9,105.6,1.413,1.86,121.6,1.804,25.8,0.941,28.4,45.1,88.4,14.3,0,2.4,94.6,0.5824,-13.8,OIL_PUMP_CAVITATION,0.95,,,
184.09999999997746,0,0,,4769.03140837117,77.88972307224458,837.8,838.4,838.2,836.8,106.2,105.7,105.6,105.8,1.402,1,121.6,1.603,25.8,0.944,28.4,46.2,88.4,14.32,0,2.5,94.7,0.5836,-13.7,OIL_PUMP_CAVITATION,0.95,,,
184.19999999997736,0,0,,4766.119100436311,77.93133764462019,835.8,835.8,838.3,837.3,105.7,105.4,105.7,105.2,1.411,1.4,121.8,1.425,25.7,0.937,28.5,46.1,88.4,14.33,0,2.6,94.6,0.5838,-13.6,OIL_PUMP_CAVITATION,0.95,,,
184.29999999997727,0,0,,4777.118811174721,77.64838903937193,836.9,838.9,839.4,836.6,105.7,105.7,105,105,1.407,2.31,121.8,1.689,25.6,0.939,28.3,45.9,88.6,14.24,0,2.4,94.7,0.5833,-13.7,OIL_PUMP_CAVITATION,0.95,,,
184.35999999997722,0,1,184.43999999997723,4773.498002722314,77.96163932489345,837.4,838.8,838.9,838.1,106,105.2,106.1,105.9,1.415,2.3,121.6,1.438,25.8,0.934,28.5,45.3,88.4,14.32,0,2.6,94.6,0.5835,-14,OIL_PUMP_CAVITATION,0.95,OIL_PUMP_CAVITATION,7.2,1.7
184.39999999997718,0,0,,4777.3292027609905,77.96595896457082,837.1,838,839,839,106.1,105.9,105.9,105.5,1.415,2.05,121.7,1.214,25.7,0.935,28.4,45.8,88.4,14.31,0,2.6,94.6,0.5831,-13.7,OIL_PUMP_CAVITATION,0.95,,,
184.4999999999771,0,0,,4776.60723229549,77.97892753981574,838.2,837.2,837.7,836.6,106.1,106.2,105.5,105.5,1.414,1.11,121.7,1.705,25.7,0.942,28.3,45,88.4,14.31,0,2.7,94.6,0.5836,-13.8,OIL_PUMP_CAVITATION,0.95,,,
184.599999999977,0,0,,4780.9163865668315,78.01714935485728,835.8,836.8,836.2,837.6,105.4,105.2,105.5,105.7,1.409,1.22,121.8,1.243,25.8,0.945,28.4,44.9,88.4,14.31,0,2.5,94.6,0.5833,-13.8,OIL_PUMP_CAVITATION,0.95,,,
184.6999999999769,0,0,,4778.1693111752575,78.00578808198044,840.1,837,837.3,837,106,105.4,105.7,105.7,1.414,2.18,121.6,1.862,25.8,0.938,28.4,44.3,88.8,14.31,0,2.5,94.7,0.5837,-13.7,OIL_PUMP_CAVITATION,0.95,,,
184.79999999997682,0,0,,4775.652312261842,77.91656960299073,837.1,838.2,836.7,836.1,105.7,105.8,105.3,105.5,1.406,2.19,121.7,1.547,25.7,0.938,28.4,44.8,88.2,14.3,0,2.3,94.7,0.5846,-13.8,OIL_PUMP_CAVITATION,0.95,,,
184.89999999997673,0,0,,4776.670610277447,78.05825267487461,838.2,837.6,838.1,838.4,105.8,105.3,105.7,105.5,1.409,1.22,121.7,1.411,25.7,0.936,28.4,44.5,88.1,14.33,0,2.4,94.7,0.5834,-13.7,OIL_PUMP_CAVITATION,0.95,,,
184.99999999997664,0,0,,4781.096214011297,78.0783841813153,838.4,837.3,840.2,839.5,105.9,106,105.5,105.3,1.407,1.1,121.6,1.566,25.9,0.94,28.4,44.9,88.2,14.32,0,2.3,94.6,0.5848,-13.6,OIL_PUMP_CAVITATION,0.95,,,
185.09999999997655,0,0,,4777.242335290711,77.99323547269638,837.5,836.8,839.4,837.6,105.4,105.1,105.6,105.3,1.419,2.01,121.7,1.665,25.8,0.938,28.4,44.8,88.1,14.31,0,2.4,94.6,0.5825,-13.9,OIL_PUMP_CAVITATION,0.95,,,
185.19999999997646,0,0,,4779.691989934536,77.92095194985738,837.2,840.3,838.6,838.6,106.1,105.2,105.6,105.5,1.41,2.33,121.4,1.819,25.7,0.936,28.4,45.2,88.3,14.29,0,2.4,94.6,0.5838,-13.6,OIL_PUMP_CAVITATION,0.95,,,
185.29999999997636,0,0,,4786.774480189806,77.8881660343592,837.5,838.8,838.5,838.1,105.6,106,105.8,105.4,1.416,1.42,121.9,1.584,25.9,0.941,28.4,43.6,88.2,14.26,0,2.4,94.7,0.5833,-13.5,OIL_PUMP_CAVITATION,0.95,,,
185.3799999999763,0,1,185.4599999999763,4790.895079338839,78.05451424293747,837.9,838.4,836.6,838.8,105.7,105.9,105.8,105.9,1.412,0.94,121.8,1.858,25.8,0.941,28.4,43,88.7,14.29,0,2.7,94.7,0.5832,-13.9,OIL_PUMP_CAVITATION,0.95,OIL_PUMP_CAVITATION,5.9,1.7
185.39999999997627,0,0,,4783.763756143105,77.95990289714044,838.6,839.7,840.3,838.6,105.6,105.4,105.1,105.7,1.402,0.97,121.7,1.536,25.8,0.943,28.3,43.6,88.7,14.29,0,2.6,94.6,0.584,-13.7,OIL_PUMP_CAVITATION,0.95,,,
185.49999999997618,0,0,,4787.613913035162,78.00257256607769,839.5,837,836.5,838.9,105.5,106.4,105.6,106,1.423,1.8,121.7,1.426,25.8,0.936,28.4,44.4,88.5,14.29,0,2.4,94.6,0.5842,-13.7,OIL_PUMP_CAVITATION,0.95,,,
185.5999999999761,0,0,,4785.035493440431,78.06158865378812,837,837.8,837.9,836.2,105.4,105.7,105.8,105.5,1.419,2.37,121.7,1.629,25.8,0.944,28.4,43.8,88.5,14.31,0,2.4,94.6,0.5835,-13.8,OIL_PUMP_CAVITATION,0.95,,,
185.699999999976,0,0,,4783.0941028329735,78.02344589689015,836.6,837.1,841.2,838.5,105.5,105.3,106.3,105.7,1.414,1.62,121.8,1.667,25.8,0.943,28.4,45.1,88.4,14.3,0,2.6,94.7,0.583,-13.7,OIL_PUMP_CAVITATION,0.95,,,
185.7999999999759,0,0,,4783.898929642241,78.06490399842221,837.7,838.9,839.7,837.7,105.6,105.4,105.6,105.9,1.418,0.92,121.7,1.519,25.8,0.947,28.4,44.4,88.6,14.31,0,2.4,94.6,0.583,-13.8,OIL_PUMP_CAVITATION,0.95,,,
185.89999999997582,0,0,,4780.438149459708,78.3130860702305,836.4,834.4,836.4,839,105.8,105.8,106,106,1.411,1.64,121.7,1.516,26,0.943,28.3,43.9,88.5,14.37,0,2.4,94.6,0.5841,-14,OIL_PUMP_CAVITATION,0.95,,,
185.99999999997573,0,0,,4784.892565097903,78.3408798835885,839.1,837.2,839.3,841.2,105.6,105.8,105.2,105.8,1.418,2.36,121.8,1.795,26,0.944,28.5,43.3,88.7,14.36,0,2.5,94.7,0.584,-13.8,OIL_PUMP_CAVITATION,0.95,,,
186.09999999997564,0,0,,4786.384450212434,78.2139734129874,837.1,839.2,836.3,840.3,105.5,106,105.2,104.9,1.414,1.84,121.6,1.637,25.9,0.942,28.3,42.9,88.8,14.33,0,2.1,94.6,0.5842,-13.8,OIL_PUMP_CAVITATION,0.95,,,
186.19999999997555,0,0,,4777.576144739569,78.13289124585286,837.7,840.4,839.1,838.1,105.5,105.5,105.7,105.8,1.413,0.98,121.7,1.627,25.8,0.934,28.3,44.3,88.6,14.34,0,2.3,94.7,0.5838,-13.7,OIL_PUMP_CAVITATION,0.95,,,
186.29999999997546,0,0,,4793.361050794815,78.23602680792239,839.9,838.2,838.9,841.7,105.2,105.5,105.8,105.7,1.421,1.47,121.7,1.738,25.9,0.945,28.4,43.8,88.6,14.32,0,2.7,94.6,0.5841,-13.9,OIL_PUMP_CAVITATION,0.95,,,
186.39999999997536,0,0,,4789.133134796313,78.07185963814116,838.4,837.5,837.4,840.5,105.2,105,105.3,105.6,1.417,2.31,121.7,1.767,25.8,0.942,28.4,44.2,88.4,14.3,0,2.3,94.7,0.5834,-13.8,OIL_PUMP_CAVITATION,0.95,,,
186.42999999997534,0,1,186.50999999997535,4792.005708849509,78.04440524161352,839.9,840.1,840.5,838.9,105.3,105.6,105.4,105.6,1.411,2.37,121.6,1.578,25.9,0.935,28.4,43.6,88.4,14.28,0,2.4,94.6,0.5827,-13.9,OIL_PUMP_CAVITATION,0.95,OIL_PUMP_CAVITATION,6.6,1.5
186.49999999997527,0,0,,4793.795449847236,78.10084552627714,838.2,839.2,839.1,839.9,105.5,105.4,105.5,105.7,1.42,1.97,121.7,1.429,25.8,0.939,28.4,43.7,88.6,14.29,0,2.3,94.6,0.5833,-13.8,OIL_PUMP_CAVITATION,0.95,,,
186.59999999997518,0,0,,4786.049961460311,78.15375405236182,838,839.2,840.4,836.3,105.2,105.5,105.2,106.1,1.418,1.05,121.7,1.624,25.8,0.937,28.4,43.5,88.5,14.32,0,2.4,94.8,0.5833,-13.6,OIL_PUMP_CAVITATION,0.95,,,
186.6999999999751,0,0,,4792.261797235194,78.41673277761458,839.6,839.8,836.9,838.7,105.2,105.1,106.1,106.3,1.406,1.28,121.6,1.487,25.9,0.945,28.4,43.9,88.2,14.36,0,2.2,94.6,0.5833,-13.7,OIL_PUMP_CAVITATION,0.95,,,
186.799999999975,0,0,,4796.636358902754,78.21908883939369,839.4,838.5,838,840.2,105.5,105.7,105.6,105.4,1.411,2.24,121.5,1.584,25.8,0.943,28.4,44,88.5,14.31,0,2.4,94.7,0.5839,-13.8,OIL_PUMP_CAVITATION,0.95,,,
186.8999999999749,0,0,,4784.684313531258,78.35585774918992,838,839.1,836.4,839.1,105.8,105.4,105.7,105.5,1.428,2.16,121.8,1.494,26,0.938,28.3,43.8,88.3,14.37,0,2.4,94.7,0.5832,-13.7,OIL_PUMP_CAVITATION,0.95,,,
186.99999999997482,0,0,,4796.911583420947,78.3792804770943,838.9,837.8,838.2,839.4,105.5,105.5,106.1,105.4,1.421,1.17,121.6,1.565,26.1,0.937,28.4,44.1,88.2,14.34,0,2.4,94.7,0.5838,-13.7,OIL_PUMP_CAVITATION,0.95,,,
187.09999999997473,0,0,,4790.57478826854,78.25368182209618,838,837.9,838.7,840.5,105.5,105.8,105.9,105.1,1.419,1.12,121.6,1.768,25.9,0.943,28.4,44.3,88.7,14.33,0,2.2,94.7,0.5841,-13.6,OIL_PUMP_CAVITATION,0.95,,,
187.19999999997464,0,0,,4799.449621411433,78.20522187485668,840.8,837.9,839.3,839.8,105.2,105.4,105.7,105.6,1.417,2.11,121.7,1.444,25.9,0.941,28.4,44.2,88.7,14.3,0,2.5,94.7,0.5836,-13.5,OIL_PUMP_CAVITATION,0.95,,,
187.29999999997455,0,0,,4793.241029740942,78.4027336250091,838.6,838.8,838,837.9,106.2,105.8,105.1,105.4,1.421,2.28,121.6,1.826,26,0.944,28.4,43.1,88.5,14.35,0,2.4,94.7,0.5832,-13.7,OIL_PUMP_CAVITATION,0.95,,,
187.39999999997445,0,0,,4795.227817683323,78.39573345225506,837.4,839.2,840.7,838.7,105.4,105.5,105.9,105.1,1.423,1.32,121.8,1.464,25.9,0.941,28.4,41.7,88.2,14.35,0,2.6,94.7,0.583,-13.7,OIL_PUMP_CAVITATION,0.95,,,
187.48999999997437,0,1,187.56999999997439,4786.544059677878,78.22788965407686,839.4,838.9,837.3,838.4,105.6,105.2,105.8,105.5,1.416,0.95,121.6,1.304,25.9,0.938,28.4,43.6,88.5,14.34,0,2.2,94.6,0.5832,-13.8,OIL_PUMP_CAVITATION,0.95,OIL_PUMP_CAVITATION,4.4,1.7
187.49999999997436,0,0,,4789.449703805671,78.38526563741314,840,840.3,838.7,838.9,105.4,105,105.7,105.6,1.423,1.01,121.8,1.804,25.9,0.942,28.4,43.7,88.7,14.36,0,2.5,94.7,0.5836,-13.7,OIL_PUMP_CAVITATION,0.95,,,
187.59999999997427,0,0,,4800.773340882195,78.36149083448706,838.8,840.7,841,838.5,105.7,105.5,105.4,105.4,1.408,1.89,121.7,1.47,26,0.938,28.3,43,88.7,14.32,0,2.3,94.7,0.584,-13.7,OIL_PUMP_CAVITATION,0.95,,,
187.69999999997418,0,0,,4800.022921574874,78.56750527056668,839.5,837.9,840.8,840,105.3,105.7,105.4,105.8,1.425,2.35,121.8,1.226,26,0.94,28.4,44.1,88.6,14.37,0,2.2,94.7,0.5836,-13.7,OIL_PUMP_CAVITATION,0.95,,,
187.7999999999741,0,0,,4791.965408610081,78.28151000044133,837.9,840.9,838.5,839.7,105.5,105.4,105.9,105.7,1.421,1.52,121.6,1.476,25.9,0.946,28.3,43.4,88.7,14.33,0,2.6,94.6,0.5841,-13.5,OIL_PUMP_CAVITATION,0.95,,,
187.899999999974,0,0,,4793.407429226461,78.24832036025867,839.4,839.5,839.1,838.1,105.8,106,106.1,105.9,1.416,0.97,121.6,1.826,25.9,0.938,28.5,43.7,88.4,14.32,0,2.4,94.6,0.583,-13.7,OIL_PUMP_CAVITATION,0.95,,,
187.9999999999739,0,0,,4797.281462051587,78.4169435251386,840.1,840.3,841.5,841.9,104.9,105.4,106.4,105.6,1.414,1.72,121.9,1.441,26,0.939,28.4,43.6,88.6,14.35,0,2.5,94.7,0.5836,-13.7,OIL_PUMP_CAVITATION,0.95,,,
188.09999999997382,0,0,,4801.635082918383,78.28199515087583,838.1,840.4,839.1,840.5,105.4,105.1,105.2,105.2,1.426,2.36,121.6,1.649,25.9,0.943,28.5,42.8,88.4,14.31,0,2.1,94.6,0.5843,-13.8,OIL_PUMP_CAVITATION,0.95,,,
188.19999999997373,0,0,,4801.577911452317,78.29265836756667,841.2,838.9,839.3,840.1,106.2,105.7,105.4,105.8,1.421,1.75,121.6,1.511,26,0.939,28.3,43.5,88.6,14.31,0,2.3,94.6,0.5834,-13.7,OIL_PUMP_CAVITATION,0.95,,,
188.29999999997364,0,0,,4796.646388355528,78.52104433945004,839.4,840.1,836.5,840.4,106.1,106.2,105.9,105.7,1.424,0.96,121.5,1.557,26.1,0.943,28.4,43,88.4,14.37,0,2.5,94.7,0.5837,-13.7,OIL_PUMP_CAVITATION,0.95,,,
188.39999999997355,0,0,,4808.490472938614,78.62499351610401,837.2,839.8,839.1,839.2,105.7,105.7,106.2,105.8,1.423,1.49,121.8,1.646,26.1,0.943,28.4,42.2,88.5,14.36,0,2.7,94.6,0.5831,-13.7,OIL_PUMP_CAVITATION,0.95,,,
188.49999999997345,0,0,,4804.813550666129,78.70181325861026,839.5,840.4,842,839.2,106,105.7,104.9,105.6,1.425,2.39,121.6,1.321,26.1,0.943,28.3,42.3,88.6,14.38,0,2.4,94.7,0.5831,-13.8,OIL_PUMP_CAVITATION,0.95,,,
188.52999999997343,0,1,188.60999999997344,4797.33830571907,78.53947271305628,839.2,840.4,839.9,839.5,105.3,105.9,106.2,105.3,1.421,2.39,121.8,1.359,26.1,0.942,28.4,42.3,88.8,14.37,0,2.4,94.6,0.5837,-13.7,OIL_PUMP_CAVITATION,0.95,OIL_PUMP_CAVITATION,7.5,1.8
188.59999999997336,0,0,,4802.011481891095,78.70432570299361,840,839.1,840.8,839.6,105.7,105.7,105.3,105.7,1.411,1.95,121.7,1.362,26.1,0.947,28.5,42.2,88.3,14.39,0,1.9,94.7,0.5843,-13.7,OIL_PUMP_CAVITATION,0.95,,,
188.69999999997327,0,0,,4809.637212174148,78.5156124573719,841.6,840.6,838.7,839.5,105.6,105.7,105.7,106,1.421,1.03,121.9,1.452,26,0.943,28.4,41.8,88.5,14.33,0,2.5,94.7,0.5831,-13.7,OIL_PUMP_CAVITATION,0.95,,,
188.79999999997318,0,0,,4798.540564998241,78.32334382248315,840.3,840.2,840.8,839.3,105.6,105.5,105.6,105.5,1.418,1.29,121.8,1.3,26,0.94,28.4,42.1,88.5,14.32,0,2.5,94.7,0.5831,-13.6,OIL_PUMP_CAVITATION,0.95,,,
188.8999999999731,0,0,,4800.660860754971,78.4976687923856,840.6,840,838,837.9,105.7,105.3,105.9,105.4,1.415,2.27,121.8,1.342,26,0.941,28.4,42.5,88.7,14.35,0,2.5,94.7,0.5836,-13.8,OIL_PUMP_CAVITATION,0.95,,,
188.999999999973,0,0,,4803.941078627031,78.5766202181601,839.7,840,839.7,838.1,105.9,105.6,105.8,105.4,1.425,2.08,121.6,1.58,26,0.94,28.3,41.5,88.3,14.36,0,2.3,94.7,0.5832,-13.6,OIL_PUMP_CAVITATION,0.95,,,
189.0999999999729,0,0,,4808.507661369055,78.78249613872757,838,840.4,840.5,839.5,105.2,105.6,105.6,105.6,1.426,1.13,121.8,1.321,26.1,0.937,28.4,42,88.2,14.39,0,2.6,94.7,0.5833,-13.7,OIL_PUMP_CAVITATION,0.95,,,
189.19999999997282,0,0,,4807.362316797653,78.55729525270047,840,841,843.4,840,105.4,106,105.7,105.3,1.423,1.14,121.7,1.713,26.1,0.937,28.4,42.3,88.6,14.35,0,2.2,94.7,0.5843,-13.9,OIL_PUMP_CAVITATION,0.95,,,
189.29999999997273,0,0,,4809.4814214106655,78.57064945930122,840.3,840.2,839.4,841.2,105.6,105.6,105.7,105.7,1.42,2.14,121.7,1.482,26,0.943,28.3,42.7,88.8,14.34,0,2.4,94.7,0.5829,-13.8,OIL_PUMP_CAVITATION,0.95,,,
189.39999999997264,0,0,,4806.002747830275,78.67966669388868,839.3,841.7,838.8,839.8,105.6,105.6,105,105.6,1.426,2.23,121.7,1.428,26.1,0.94,28.4,42.9,88,14.38,0,2.5,94.7,0.5846,-14,OIL_PUMP_CAVITATION,0.95,,,
189.49999999997254,0,0,,4800.1103782890605,78.76103339783725,839.9,841.1,838.9,839,105.9,105.1,105.7,105.8,1.42,1.27,121.7,1.607,26.1,0.941,28.4,41.7,88.4,14.41,0,2.3,94.6,0.5845,-13.7,OIL_PUMP_CAVITATION,0.95,,,
189.5399999999725,0,1,189.61999999997252,4808.231130561237,78.71096894198567,837.3,839.1,835.6,838.5,105.6,105.7,105.3,105.8,1.423,1.05,121.7,1.688,26.1,0.944,28.3,42.6,88.3,14.38,0,2.6,94.6,0.5828,-13.9,OIL_PUMP_CAVITATION,0.95,OIL_PUMP_CAVITATION,5.7,1.7
189.59999999997245,0,0,,4797.845535946114,78.76056083464316,840.8,839.7,839.1,840.3,105.2,106.1,105.7,105.4,1.426,1.01,121.5,1.465,26.1,0.941,28.4,42,88.3,14.42,0,2.5,94.6,0.5831,-13.8,OIL_PUMP_CAVITATION,0.95,,,
189.69999999997236,0,0,,4809.100774048955,78.71542221001775,840.9,839.7,840.8,839,105.1,105.3,105.8,105.3,1.422,1.97,121.7,1.865,26.2,0.937,28.4,41.4,88.6,14.37,0,2.7,94.7,0.5831,-13.6,OIL_PUMP_CAVITATION,0.95,,,
189.79999999997227,0,0,,4813.567210472386,78.6644896305566,839.9,840.8,837,839.4,105.2,105.5,105.5,106,1.418,2.35,121.8,1.416,26,0.941,28.4,42.6,88.5,14.35,0,2.4,94.7,0.5826,-13.7,OIL_PUMP_CAVITATION,0.95,,,
189.89999999997218,0,0,,4812.972475375905,78.81500058068195,840,840.9,840.3,841.3,105.7,105.8,104.9,105.4,1.422,1.49,121.9,1.564,26.1,0.936,28.4,42,88.7,14.38,0,2.5,94.9,0.5841,-13.6,OIL_PUMP_CAVITATION,0.95,,,
189.9999999999721,0,0,,4809.924759945677,78.836273223638,839.8,837.4,840.3,839,106,104.9,105.7,105.7,1.438,0.98,121.7,1.554,26.2,0.94,28.4,41.4,88.8,14.4,0,2.4,94.7,0.5836,-13.8,OIL_PUMP_CAVITATION,0.95,,,
190.099999999972,0,0,,4812.564503301895,78.89974790312806,838.8,838.8,843.1,840.7,106,106,105.4,105.5,1.419,1.79,121.7,1.763,26.2,0.942,28.4,42.4,88.5,14.4,0,2.3,94.6,0.5833,-13.8,OIL_PUMP_CAVITATION,0.95,,,
190.1999999999719,0,0,,4811.075179792024,78.74813928502873,840.4,839,839.8,840.9,105.3,106,105.1,105.8,1.418,2.42,121.5,1.063,26,0.943,28.4,41.6,88.5,14.38,0,2.3,94.6,0.5821,-13.8,OIL_PUMP_CAVITATION,0.95,,,
190.29999999997182,0,0,,4817.23171247362,78.76007222657114,841.9,839.8,842.3,838.5,106.2,106,105.5,105.6,1.423,1.67,121.6,1.671,26.1,0.939,28.4,42.4,88.5,14.36,0,2.4,94.6,0.5838,-13.8,OIL_PUMP_CAVITATION,0.95,,,
190.39999999997173,0,0,,4811.668550427069,78.77095000319355,841.9,840.2,841.2,841.1,105.2,106,105.3,105.9,1.423,0.98,121.5,1.312,26,0.944,28.3,42.6,88.6,14.38,0,2.6,94.7,0.5832,-13.8,OIL_PUMP_CAVITATION,0.95,,,
190.49999999997164,0,0,,4810.956256916761,78.81397164894987,842.7,839.4,840.7,843.3,106,105.4,105.3,105.5,1.422,1.58,121.7,1.758,26.1,0.939,28.4,42.7,88.2,14.39,0,2.6,94.7,0.5842,-13.7,OIL_PUMP_CAVITATION,0.95,,,
190.5399999999716,0,1,190.6199999999716,4813.779618055963,78.85391062706083,839.9,840.4,841.1,839.6,105.9,105.8,106.2,105.4,1.431,1.94,121.7,1.287,26.1,0.936,28.4,42.2,88.4,14.39,0,2.4,94.7,0.5835,-13.8,OIL_PUMP_CAVITATION,0.95,OIL_PUMP_CAVITATION,5.4,1.9
190.59999999997154,0,0,,4815.0151847892175,78.7816187639438,841.6,840.5,842.1,840.5,105.7,106.2,105.6,105.8,1.424,2.35,121.6,1.776,26,0.944,28.4,43.1,88.6,14.37,0,2.6,94.8,0.5837,-13.9,OIL_PUMP_CAVITATION,0.95,,,
190.69999999997145,0,0,,4817.710685445435,79.17762431080571,841.3,839.5,838.6,840.6,106.2,105.9,105.8,105.6,1.424,1.86,121.6,1.882,26.2,0.936,28.3,43.5,88.3,14.45,0,2.4,94.6,0.5841,-13.7,OIL_PUMP_CAVITATION,0.95,,,
190.79999999997136,0,0,,4812.441896658735,78.72233159487568,841.3,839.9,842.1,843.3,105.3,105.1,105.4,106.3,1.423,0.98,121.8,1.604,26.1,0.934,28.4,43.1,88.7,14.37,0,2.5,94.7,0.5821,-13.7,OIL_PUMP_CAVITATION,0.95,,,
190.89999999997127,0,0,,4816.330616850067,78.7913972820293,840.2,838.9,841.5,842.3,105.4,105.9,105.4,105.4,1.423,1.36,121.7,1.708,26.1,0.937,28.4,43.3,88.5,14.37,0,2.7,94.7,0.5834,-13.7,OIL_PUMP_CAVITATION,0.95,,,
190.99999999997118,0,0,,4811.1254893743335,78.79727458214693,838.6,840.4,840.5,839,105.6,105.9,105.5,106,1.434,2.29,121.8,1.662,26.1,0.942,28.4,43.4,87.8,14.39,0,2.2,94.6,0.5843,-13.8,OIL_PUMP_CAVITATION,0.95,,,
191.0999999999711,0,0,,4816.663706747613,78.9004437918187,841.3,839.8,840.4,839.6,105.6,105.9,105.5,105.7,1.421,2.05,121.8,1.493,26.2,0.94,28.4,43.1,88.7,14.39,0,2.7,94.7,0.5838,-13.8,OIL_PUMP_CAVITATION,0.95,,,
191.199999999971,0,0,,4818.792380800144,78.68012352492097,842.2,841,841.1,839.8,106.1,105.7,105.9,105.3,1.417,1.11,121.5,1.682,25.9,0.938,28.3,42.7,88.5,14.34,0,2.3,94.7,0.5841,-13.7,OIL_PUMP_CAVITATION,0.95,,,
191.2999999999709,0,0,,4818.663127656876,79.00468771529319,839.7,840.9,838.8,841.3,105.8,105.3,105.9,105.5,1.428,1.22,121.9,1.488,26.1,0.942,28.3,43.1,88.6,14.41,0,2.6,94.7,0.5836,-13.5,OIL_PUMP_CAVITATION,0.95,,,
191.39999999997082,0,0,,4816.645875360477,78.98680532039735,840.5,841.7,838.6,839,105.9,106.1,105.7,105.8,1.424,2.19,121.6,1.771,26.1,0.936,28.4,42.7,88.5,14.41,0,2.5,94.8,0.5835,-13.7,OIL_PUMP_CAVITATION,0.95,,,
191.49999999997073,0,0,,4818.545619160253,78.82113026950395,839.9,840,843,839.9,105.6,105.9,105.9,105.7,1.424,2.17,121.7,1.509,26.1,0.937,28.4,42.7,88.5,14.37,0,2.5,94.7,0.5837,-13.8,OIL_PUMP_CAVITATION,0.95,,,
191.57999999997065,0,1,191.65999999997067,4826.003981928787,78.98038092284374,843.2,839.1,840.8,841.8,105.8,106.4,105.6,105.9,1.428,1.43,121.5,1.779,26.2,0.943,28.4,42.2,88.2,14.38,0,2.4,94.7,0.5838,-13.8,OIL_PUMP_CAVITATION,0.95,OIL_PUMP_CAVITATION,5.4,1.8
191.59999999997063,0,0,,4815.526204047527,78.97180516281801,840.7,841,842,839.3,105.9,105.6,105.9,105.9,1.417,1.26,121.7,1.97,26.2,0.939,28.5,42.9,88.2,14.41,0,2.3,94.6,0.5837,-14.1,OIL_PUMP_CAVITATION,0.95,,,
191.69999999997054,0,0,,4818.404715028215,78.91909286572974,838.5,840.2,841.4,840.5,106.2,105.8,106.1,105.7,1.422,1.09,121.6,1.716,26.2,0.937,28.5,42,88.8,14.39,0,2.4,94.7,0.5828,-13.9,OIL_PUMP_CAVITATION,0.95,,,
191.79999999997045,0,0,,4817.8868158716095,78.87261326911998,841,841,840.3,842.8,106,105.6,105.3,105.8,1.431,2,121.7,0.979,26.2,0.942,28.4,42.2,88.4,14.38,0,2.5,94.6,0.5838,-13.7,OIL_PUMP_CAVITATION,0.95,,,
191.89999999997036,0,0,,4817.33996947878,79.03959316754516,841.1,842.1,843.8,842.1,105.3,105.8,105.5,105.9,1.439,2.32,121.6,1.281,26.2,0.94,28.4,41.4,88.3,14.42,0,2.3,94.7,0.5829,-13.8,OIL_PUMP_CAVITATION,0.95,,,
191.99999999997027,0,0,,4820.992776521263,79.08255397606955,843,841.1,841.2,838.8,106,106.2,105.8,105.5,1.436,1.42,121.6,1.849,26.3,0.942,28.4,42.6,88.7,14.42,0,2.5,94.6,0.5827,-13.9,OIL_PUMP_CAVITATION,0.95,,,
192.09999999997018,0,0,,4818.7848261123045,78.9065640773793,841.3,840.2,843,840.5,105.7,105.5,106.1,105.7,1.434,0.98,121.6,1.538,26.1,0.943,28.5,42,88.5,14.39,0,2.3,94.8,0.5832,-13.7,OIL_PUMP_CAVITATION,0.95,,,
192.1999999999701,0,0,,4816.613990942928,79.14519062360232,841.1,841.2,843.6,839.7,105.5,105,106.5,106,1.432,1.81,121.8,1.846,26.2,0.937,28.3,43.5,88,14.44,0,2.5,94.6,0.5842,-13.7,OIL_PUMP_CAVITATION,0.95,,,
192.29999999997,0,0,,4822.218933637361,79.14241234599515,842.7,839.5,844.2,839.4,105.7,105.2,106.1,105.9,1.431,2.38,121.6,1.744,26.3,0.943,28.3,42.3,88.5,14.43,0,1.9,94.6,0.5833,-13.7,OIL_PUMP_CAVITATION,0.95,,,
192.3999999999699,0,0,,4826.388388795809,79.11546939426526,842,842.6,841,840.9,105.7,105.8,105.8,105.8,1.428,1.62,122,1.54,26.2,0.94,28.5,43,88.4,14.41,0,2.5,94.7,0.5834,-13.8,OIL_PUMP_CAVITATION,0.95,,,
192.49999999996982,0,0,,4829.101835876748,79.32581699366602,839.8,843.4,842.8,843,106,106,106.1,105.8,1.434,0.99,121.7,1.623,26.3,0.939,28.3,43.2,88.3,14.44,0,2.4,94.7,0.5833,-13.9,OIL_PUMP_CAVITATION,0.95,,,
192.58999999996973,0,1,192.66999999996975,4832.361469196415,79.24745278054056,840.8,842.1,842.1,842,105.7,105.7,105.7,105.9,1.436,1.47,121.8,1.455,26.3,0.938,28.4,43.2,88.4,14.42,0,2.3,94.6,0.584,-13.8,OIL_PUMP_CAVITATION,0.95,OIL_PUMP_CAVITATION,5.6,1.8
192.59999999996973,0,0,,4825.94514091197,79.00637689163321,841.7,840.6,839.5,840.1,105.2,105.7,105.5,106,1.424,1.63,121.6,1.641,26.2,0.939,28.5,42.4,88.2,14.39,0,2.5,94.6,0.5827,-13.8,OIL_PUMP_CAVITATION,0.95,,,
192.69999999996963,0,0,,4825.558382509467,79.09719063639875,842.3,842,843.2,839.9,105.8,105.8,105.7,106.1,1.426,2.39,121.5,1.717,26.2,0.935,28.3,42.2,88.8,14.41,0,2.5,94.6,0.584,-13.7,OIL_PUMP_CAVITATION,0.95,,,
192.79999999996954,0,0,,4819.990450334478,79.11992892922888,842,841.9,839.2,839.2,106.4,105.8,105.8,106,1.435,1.82,121.7,1.562,26.2,0.94,28.4,42.5,88.8,14.43,0,2.6,94.7,0.5832,-13.6,OIL_PUMP_CAVITATION,0.95,,,
192.89999999996945,0,0,,4824.100398085186,79.25106871649199,842.4,842.3,843.2,841.4,105.7,105.8,105.5,105.8,1.434,1,121.8,1.315,26.3,0.94,28.5,43.4,88.2,14.44,0,2.5,94.8,0.5843,-13.6,OIL_PUMP_CAVITATION,0.95,,,
192.99999999996936,0,0,,4823.554379120541,79.18679452179889,840.4,843.3,842.8,840.4,106,105.9,105.7,106,1.445,1.42,121.9,1.679,26.3,0.937,28.5,43.2,88.3,14.43,0,2.4,94.7,0.5838,-13.6,OIL_PUMP_CAVITATION,0.95,,,
193.09999999996927,0,0,,4826.411651059551,79.17737849093122,842.5,840.2,844.9,841.2,106.1,105.6,105.9,106,1.435,2.34,121.7,1.499,26.2,0.939,28.4,42.2,88.4,14.42,0,2.4,94.7,0.5829,-13.8,OIL_PUMP_CAVITATION,0.95,,,
193.19999999996918,0,0,,4831.518493277453,79.38076995616964,842,841.5,842.2,840.4,106,105.7,105.4,105.6,1.433,1.99,121.7,1.596,26.4,0.939,28.4,42.5,88.6,14.45,0,2.5,94.7,0.5833,-13.6,OIL_PUMP_CAVITATION,0.95,,,
193.2999999999691,0,0,,4827.573671546211,79.3755309040977,841.2,840.8,841.3,842,105.8,105.7,105.5,105.9,1.435,1.06,121.7,1.201,26.4,0.943,28.5,43.7,88.4,14.46,0,2.2,94.7,0.584,-13.8,OIL_PUMP_CAVITATION,0.95,,,
193.399999999969,0,0,,4824.511837770756,79.06173976336977,843.7,840.3,843.4,842.7,105.4,105.6,105.8,106.1,1.43,1.23,121.6,1.433,26.2,0.946,28.4,43.5,88.3,14.4,0,2.5,94.8,0.5833,-13.5,OIL_PUMP_CAVITATION,0.95,,,
193.4999999999689,0,0,,4828.334775069166,79.1571427338274,841.8,843.3,840.7,843.7,106.1,105.4,105.7,105.9,1.441,2.2,121.7,1.623,26.3,0.937,28.5,42.5,88.6,14.41,0,2.2,94.6,0.5842,-13.7,OIL_PUMP_CAVITATION,0.95,,,
193.59999999996882,0,0,,4837.7973533426,79.34841527797778,841,840.1,841.6,840.5,105.7,105.8,106,106,1.43,2.14,121.7,1.575,26.3,0.941,28.4,42.2,88.3,14.42,0,2.2,94.6,0.5835,-13.8,OIL_PUMP_CAVITATION,0.95,,,
193.6299999999688,0,1,193.7099999999688,4825.455115730369,79.3015650463264,841.5,841.7,840.5,840.6,105.6,105.5,105.6,105.6,1.425,1.92,121.7,1.724,26.4,0.935,28.4,42.3,88.3,14.45,0,2.5,94.8,0.5828,-13.7,OIL_PUMP_CAVITATION,0.95,OIL_PUMP_CAVITATION,6.6,1.8
193.69999999996872,0,0,,4827.018842550778,79.23714266371726,840.5,843.1,840.1,842.4,105.8,105.5,105.8,105.5,1.425,1.16,121.7,1.522,26.3,0.937,28.4,42.5,88.4,14.43,0,2.4,94.7,0.5839,-13.5,OIL_PUMP_CAVITATION,0.95,,,
193.79999999996863,0,0,,4832.594771202444,79.55577118369065,841.9,842,843.7,842.8,105.8,105.7,105.5,105.7,1.431,1.1,121.8,1.82,26.4,0.939,28.4,42.5,88.6,14.48,0,2.4,94.7,0.5833,-13.8,OIL_PUMP_CAVITATION,0.95,,,
193.89999999996854,0,0,,4827.096114729124,79.18490443539677,840.3,841.4,841.8,841.4,105.8,106.4,105.6,105.7,1.431,2.08,121.8,1.559,26.2,0.942,28.5,42.1,88.5,14.42,0,2.8,94.7,0.5839,-13.7,OIL_PUMP_CAVITATION,0.95,,,
193.99999999996845,0,0,,4837.246511881257,79.32554123126957,840.1,844.2,842.3,842.2,105.9,105.8,106,106,1.441,2.31,121.8,1.48,26.3,0.936,28.4,41.6,88.5,14.42,0,2.1,94.7,0.5838,-13.7,OIL_PUMP_CAVITATION,0.95,,,
194.09999999996836,0,0,,4830.013004019064,79.26000045313236,841.2,841.6,844.4,841.3,105.5,105.9,105.8,105.6,1.431,1.36,121.8,1.36,26.4,0.943,28.4,42.8,88.7,14.43,0,2.3,94.8,0.5834,-13.7,OIL_PUMP_CAVITATION,0.95,,,
194.19999999996827,0,0,,4833.32596056725,79.45937465074904,842.8,842.7,844.4,843.5,105.9,106.3,105.3,106,1.433,1.05,121.6,1.407,26.4,0.936,28.4,43,88.6,14.46,0,2.3,94.7,0.5838,-13.7,OIL_PUMP_CAVITATION,0.95,,,
194.29999999996818,0,0,,4827.58711094473,79.09195680864217,840.6,841.8,839.1,839.8,105.7,105.6,106,106,1.428,1.84,121.7,1.699,26.2,0.946,28.4,42.2,88.4,14.4,0,2.2,94.7,0.5834,-13.8,OIL_PUMP_CAVITATION,0.95,,,
194.3999999999681,0,0,,4836.74809577386,79.18816860039388,843.4,843.4,844.8,844.1,105.9,106.2,105.3,105.9,1.433,2.34,121.7,1.206,26.1,0.938,28.3,42.7,88.7,14.39,0,2.2,94.7,0.5825,-13.5,OIL_PUMP_CAVITATION,0.95,,,
194.499999999968,0,0,,4828.723692327064,79.20212957390359,842.8,843.6,842.6,844.6,105.5,106.2,105.4,105.6,1.439,1.59,121.5,1.405,26.3,0.939,28.4,41.6,88.7,14.42,0,2.4,94.7,0.5839,-13.7,OIL_PUMP_CAVITATION,0.95,,,
194.5999999999679,0,0,,4837.000945438537,79.4712482667856,843.1,840.3,840,842.9,106,105.6,105.5,105.6,1.424,0.98,121.6,1.501,26.3,0.94,28.5,40.8,88.7,14.45,0,2.2,94.7,0.5833,-13.7,OIL_PUMP_CAVITATION,0.95,,,
194.62999999996788,0,1,194.7099999999679,4833.509693010944,79.28721215556521,843.1,844,840.2,842.5,106.4,106.1,106.1,106,1.436,1.09,121.7,1.685,26.3,0.937,28.4,41.2,88.7,14.42,0,2.1,94.7,0.583,-13.8,OIL_PUMP_CAVITATION,0.95,OIL_PUMP_CAVITATION,8.8,2
194.69999999996782,0,0,,4835.795674882804,79.48294798833533,842.3,840.9,844.5,840.5,106.3,106,106.1,106.1,1.441,1.64,121.6,1.633,26.3,0.939,28.5,40.8,88.3,14.46,0,2.4,94.7,0.5835,-13.7,OIL_PUMP_CAVITATION,0.95,,,
194.79999999996772,0,0,,4830.673429157427,79.4088715049135,844.8,842.1,842.9,841.1,105.6,105.8,105.5,106.7,1.43,2.36,121.7,1.847,26.4,0.938,28.3,40.5,88.4,14.46,0,2.6,94.6,0.5833,-13.7,OIL_PUMP_CAVITATION,0.95,,,
194.89999999996763,0,0,,4834.075244167865,79.35792958959628,842.1,840.5,840.4,842.4,104.7,105.3,106.1,105.5,1.433,1.76,121.7,1.393,26.4,0.947,28.4,40.5,88.6,14.44,0,2.2,94.7,0.5841,-13.7,OIL_PUMP_CAVITATION,0.95,,,
194.99999999996754,0,0,,4840.910151722639,79.32903246975256,844.1,842.8,845.2,842.7,106.2,105.4,105.9,105.8,1.432,0.95,121.7,1.261,26.3,0.939,28.4,40.8,88.4,14.41,0,2.7,94.7,0.5836,-13.9,OIL_PUMP_CAVITATION,0.95,,,
195.09999999996745,0,0,,4836.084845636047,79.46815046250714,843.9,842.6,843.9,844.7,106,105.9,106.4,105.9,1.424,1.46,121.7,1.766,26.3,0.944,28.4,40.9,88.6,14.45,0,2.3,94.8,0.5831,-13.9,OIL_PUMP_CAVITATION,0.95,,,
195.19999999996736,0,0,,4832.265655228623,79.37163551712126,843.7,841.1,843,843.3,105.8,105.7,105.2,106.2,1.435,2.34,121.7,1.493,26.4,0.94,28.4,41.5,88.4,14.45,0,2.3,94.7,0.5841,-13.8,OIL_PUMP_CAVITATION,0.95,,,
195.29999999996727,0,0,,4836.672570365699,79.38611588034806,840.2,843.5,841.6,843.9,106.5,105.7,105.4,105.6,1.437,1.95,121.7,1.447,26.3,0.94,28.3,41.3,88.7,14.44,0,2.6,94.7,0.5837,-13.9,OIL_PUMP_CAVITATION,0.95,,,
195.39999999996718,0,0,,4837.560821849912,79.42518698869159,841.8,842.5,845.3,840.7,105.8,105.4,106.4,106.1,1.437,1.02,121.8,1.896,26.4,0.941,28.4,41.6,88.3,14.44,0,2.5,94.8,0.5839,-13.8,OIL_PUMP_CAVITATION,0.95,,,
195.4999999999671,0,0,,4836.226389771812,79.53442537233902,842.8,840.7,843.7,842.7,105.6,105.6,105.9,105.8,1.432,1.26,121.7,1.164,26.4,0.935,28.4,41.1,88.4,14.47,0,2.4,94.7,0.5839,-13.5,OIL_PUMP_CAVITATION,0.95,,,
195.599999999967,0,0,,4835.867369708281,79.50655967187444,843.6,841.4,842.8,842.8,105.5,105.5,105.4,105.5,1.44,2.25,121.8,1.434,26.4,0.941,28.4,41.6,88.4,14.46,0,2.5,94.7,0.5834,-13.8,OIL_PUMP_CAVITATION,0.95,,,
195.66999999996693,0,1,195.74999999996695,4836.188898351685,79.64333008235693,843.3,843.1,844.6,843.2,105.8,106.1,105.9,105.6,1.433,2.29,121.8,1.014,26.5,0.942,28.4,41.1,88.3,14.49,0,2.5,94.7,0.5829,-13.9,OIL_PUMP_CAVITATION,0.95,OIL_PUMP_CAVITATION,8.3,2.7
195.6999999999669,0,0,,4847.646996513671,79.56105636256004,843.7,840.3,840.9,843.2,105.6,105.8,106.1,105.9,1.433,2.11,121.7,1.654,26.5,0.935,28.4,40.8,88,14.44,0,2.2,94.7,0.5839,-13.8,OIL_PUMP_CAVITATION,0.95,,,
195.79999999996681,0,0,,4836.090744580173,79.49532480104799,844.3,843.2,843,844.2,105.3,105.9,105.8,106.6,1.429,1.14,121.8,1.882,26.4,0.942,28.3,41.2,88.8,14.46,0,2.3,94.7,0.583,-13.5,OIL_PUMP_CAVITATION,0.95,,,
195.89999999996672,0,0,,4836.421639845693,79.71591737579382,841.9,842.9,842,840.6,105.7,106.6,105.4,105.8,1.432,1.16,121.7,1.382,26.5,0.938,28.4,41.1,88.5,14.5,0,2.3,94.7,0.5834,-13.7,OIL_PUMP_CAVITATION,0.95,,,
195.99999999996663,0,0,,4843.565757745206,79.58078632890408,841.8,843,843.5,840.8,105.9,105.4,105.6,105.7,1.424,2.11,121.8,1.561,26.5,0.944,28.4,41.2,88.5,14.46,0,2.5,94.7,0.5837,-13.6,OIL_PUMP_CAVITATION,0.95,,,
196.09999999996654,0,0,,4834.4805661424625,79.57078611751488,843.9,841.8,843.1,842.3,106.4,106,105.3,105.8,1.432,2.24,121.8,1.699,26.5,0.938,28.5,41.2,88.7,14.48,0,2.2,94.7,0.5834,-13.6,OIL_PUMP_CAVITATION,0.95,,,
196.19999999996645,0,0,,4835.299303048573,79.6128208199648,843.9,842.9,845,841.4,105.8,106.2,105.7,105.4,1.428,1.28,121.7,1.57,26.4,0.94,28.4,41.2,88.9,14.49,0,2.4,94.7,0.5829,-13.7,OIL_PUMP_CAVITATION,0.95,,,
196.29999999996636,0,0,,4838.161647361171,79.63550428347561,844.5,844.3,844.1,841.8,106.1,106,106.4,105.6,1.427,1.04,121.8,1.408,26.5,0.944,28.5,41.2,88.5,14.48,0,2.2,94.7,0.5838,-13.8,OIL_PUMP_CAVITATION,0.95,,,
196.39999999996627,0,0,,4842.290378466382,79.60536305186096,844.7,842.6,841.2,844.5,105.9,106,106.2,106.5,1.429,1.97,121.5,1.508,26.4,0.938,28.3,42,88.5,14.47,0,2.4,94.6,0.5838,-13.7,OIL_PUMP_CAVITATION,0.95,,,
196.49999999996618,0,0,,4852.230663056508,79.53220091772239,844.3,843.1,844.1,844.3,106.2,106.3,105.6,105.8,1.43,2.39,121.6,1.748,26.4,0.938,28.4,40.7,88.4,14.42,0,2.2,94.8,0.584,-13.6,OIL_PUMP_CAVITATION,0.95,,,
196.5999999999661,0,0,,4844.3436552433295,79.63175165033103,841.5,845,839.6,842.3,105.7,105.6,105.6,106.3,1.439,1.5,121.7,1.471,26.4,0.94,28.5,40.8,88.5,14.46,0,2.3,94.7,0.5841,-13.6,OIL_PUMP_CAVITATION,0.95,,,
196.689999999966,0,1,196.76999999996602,4848.019945828673,79.67889637036782,842.8,842.8,844.5,843.1,106,106.2,105.4,105.9,1.436,0.96,121.7,1.635,26.5,0.94,28.4,40.8,88.4,14.46,0,2.6,94.7,0.5843,-13.7,OIL_PUMP_CAVITATION,0.95,OIL_PUMP_CAVITATION,6.4,1.8
196.699999999966,0,0,,4843.51231287553,79.44755790760749,841.3,842,843.7,841,105.8,106.5,106,105.7,1.431,0.95,121.6,1.834,26.3,0.941,28.3,41,88.5,14.43,0,2.3,94.7,0.5834,-13.6,OIL_PUMP_CAVITATION,0.95,,,
196.7999999999659,0,0,,4844.582278437176,79.52926556969109,841.8,843.9,843.4,843.9,105.8,106.3,105.7,106,1.436,1.74,121.8,1.603,26.4,0.944,28.4,40.2,88.3,14.44,0,2.1,94.7,0.5833,-13.7,OIL_PUMP_CAVITATION,0.95,,,
196.89999999996581,0,0,,4846.562114343689,79.67895415089562,842.3,842.8,843.2,841.4,106,106.1,106,105.8,1.44,2.39,121.7,1.595,26.5,0.938,28.4,41.1,88.4,14.47,0,2.2,94.7,0.5834,-13.8,OIL_PUMP_CAVITATION,0.95,,,
196.99999999996572,0,0,,4847.331825374061,79.50535122788801,844.3,840.8,844.6,843,106,106.4,105.6,106.1,1.434,1.65,121.7,1.291,26.5,0.938,28.4,40.4,88.6,14.43,0,2.2,94.7,0.5841,-13.8,OIL_PUMP_CAVITATION,0.95,,,
197.09999999996563,0,0,,4844.71502366431,79.57283598368083,844.2,843.6,843,842,105.6,106.4,105.7,106,1.444,0.95,121.7,1.265,26.4,0.941,28.3,41,88.3,14.45,0,2.4,94.7,0.5845,-13.7,OIL_PUMP_CAVITATION,0.95,,,
197.19999999996554,0,0,,4851.375827172769,79.4985228544985,843.9,844.6,842.2,842.9,105.2,105.4,105.8,105.7,1.445,1.55,121.6,1.524,26.4,0.939,28.5,40.5,88.2,14.42,0,2.4,94.7,0.5832,-13.8,OIL_PUMP_CAVITATION,0.95,,,
197.29999999996545,0,0,,4850.871329502706,79.58820479888266,842.4,842.5,843.2,842.4,105.5,105.7,105.5,105.8,1.443,2.37,121.8,1.31,26.4,0.937,28.4,40.7,88.9,14.44,0,2.6,94.7,0.5839,-13.8,OIL_PUMP_CAVITATION,0.95,,,
197.39999999996536,0,0,,4849.96430712734,79.67483506554863,842.3,845.8,842.9,842.8,105.8,105.8,106.1,105.8,1.435,1.89,121.7,1.616,26.5,0.937,28.4,40.5,88.6,14.46,0,2.4,94.6,0.5833,-13.7,OIL_PUMP_CAVITATION,0.95,,,
197.49999999996527,0,0,,4842.341589817761,79.6912599207168,843.7,842,845.3,843.6,105.6,106.1,106.1,106.3,1.437,0.99,121.7,1.38,26.5,0.939,28.4,39.9,88.4,14.48,0,2.5,94.7,0.5838,-13.7,OIL_PUMP_CAVITATION,0.95,,,
197.59999999996518,0,0,,4850.333085726203,79.70862712066301,842.3,844.2,843.1,843.6,105.4,106.3,105.8,106.4,1.437,1.36,121.6,1.782,26.4,0.94,28.4,40.3,88.6,14.46,0,2.5,94.8,0.5835,-13.6,OIL_PUMP_CAVITATION,0.95,,,
197.6999999999651,0,0,,4848.460021885122,79.77168267835005,843.2,842.7,843.3,843,105.7,106,106,105.9,1.437,2.28,121.8,1.421,26.5,0.945,28.5,40.3,88.4,14.48,0,2.4,94.7,0.5832,-13.8,OIL_PUMP_CAVITATION,0.95,,,
197.72999999996506,0,1,197.80999999996507,4852.222313991263,79.6705945303835,844.3,843.6,845.7,843.3,106.1,105.9,105.8,105.6,1.442,2.39,121.8,1.331,26.4,0.94,28.4,40.8,88.7,14.45,0,2.2,94.8,0.5842,-13.8,OIL_PUMP_CAVITATION,0.95,OIL_PUMP_CAVITATION,6.7,1.9
197.799999999965,0,0,,4848.200888309412,79.65097405401465,841.9,845.4,843.3,842.9,105.7,106.2,105.9,106.1,1.442,2.07,121.9,1.602,26.5,0.942,28.3,40.3,88.3,14.46,0,2.3,94.7,0.5836,-13.9,OIL_PUMP_CAVITATION,0.95,,,
197.8999999999649,0,0,,4850.489772243572,79.82313425632586,841.3,844,842.6,844.6,106,105.8,105.7,106.1,1.437,1.1,121.8,1.425,26.6,0.942,28.5,39.9,88.5,14.49,0,2.3,94.7,0.5828,-13.8,OIL_PUMP_CAVITATION,0.95,,,
197.9999999999648,0,0,,4850.978588220392,79.73418648273295,843.9,842.8,841.8,844.2,106.2,105.2,106,106.2,1.447,1.17,121.9,1.882,26.5,0.94,28.5,40.2,88.2,14.47,0,2.7,94.8,0.5831,-13.7,OIL_PUMP_CAVITATION,0.95,,,
198.09999999996472,0,0,,4848.5072563790145,79.76881323246668,845.4,841.9,846.1,841.9,106.2,106,106,105.8,1.441,2.14,121.7,1.473,26.5,0.945,28.4,40.4,88.5,14.48,0,2.3,94.7,0.5834,-13.7,OIL_PUMP_CAVITATION,0.95,,,
198.19999999996463,0,0,,4846.711385639275,79.82388230984506,845,842.3,841.2,845.6,105.7,106.1,106,105.9,1.449,2.25,121.8,1.752,26.5,0.939,28.4,41.8,88.4,14.5,0,2.2,94.7,0.5829,-13.8,OIL_PUMP_CAVITATION,0.95,,,
198.29999999996454,0,0,,4852.716770413597,79.7192114439179,843.3,843.7,846.4,841.7,105.4,106.1,106.2,106.2,1.435,1.26,121.7,1.506,26.5,0.939,28.5,40.9,88.5,14.46,0,2.5,94.8,0.5836,-13.6,OIL_PUMP_CAVITATION,0.95,,,
198.39999999996445,0,0,,4847.226469047917,79.59250660586686,843.4,844.8,841.3,845.4,105.7,105.8,106.5,106,1.433,1.02,121.7,1.6,26.4,0.938,28.4,40,88.6,14.45,0,2.6,94.7,0.5836,-13.7,OIL_PUMP_CAVITATION,0.95,,,
198.49999999996436,0,0,,4849.74137910199,79.64127623446865,842.3,842.4,839.2,843.3,105.8,106,105.3,106.5,1.43,1.98,121.8,1.732,26.6,0.939,28.3,40,88.6,14.45,0,2.2,94.7,0.5842,-13.7,OIL_PUMP_CAVITATION,0.95,,,
198.59999999996427,0,0,,4854.036682558976,79.63402238296052,844.1,841.5,844.8,842.2,106.2,105.5,105.8,105.4,1.433,2.32,121.9,1.573,26.5,0.939,28.4,40,88.4,14.44,0,2.5,94.7,0.5832,-13.7,OIL_PUMP_CAVITATION,0.95,,,
198.69999999996418,0,0,,4848.118595933912,79.78606044903988,841.5,842.9,842.2,846.8,106.4,105.6,105.9,106.4,1.435,1.44,121.7,1.402,26.5,0.941,28.4,39.9,88.5,14.49,0,2.4,94.6,0.5827,-13.7,OIL_PUMP_CAVITATION,0.95,,,
198.7799999999641,0,1,198.85999999996412,4849.877038121211,79.80863034755436,843.2,842.9,840.6,843.1,106.4,105.5,106.1,106.5,1.437,0.96,121.8,1.813,26.5,0.942,28.2,40,88.6,14.49,0,2.4,94.7,0.5837,-13.6,OIL_PUMP_CAVITATION,0.95,OIL_PUMP_CAVITATION,7.1,1.6
198.7999999999641,0,0,,4852.356009089204,79.7100795505437,844.1,845,844.9,842.6,106,106,106.1,106.6,1.44,0.98,121.8,1.631,26.4,0.94,28.4,40,88.8,14.46,0,2.5,94.8,0.5841,-13.7,OIL_PUMP_CAVITATION,0.95,,,
198.899999999964,0,0,,4856.000485192893,79.76827358917892,843.9,843.3,846.3,844.9,106,106,105.9,106.2,1.442,1.81,121.8,1.659,26.5,0.938,28.4,40.1,88.6,14.46,0,2.5,94.7,0.583,-13.7,OIL_PUMP_CAVITATION,0.95,,,
198.9999999999639,0,0,,4842.739888993693,79.79296446213458,842.3,844.7,842.9,844.1,105.3,105.7,106.2,106,1.435,2.39,121.7,1.475,26.5,0.937,28.4,39.1,88.3,14.5,0,2.4,94.6,0.5841,-13.7,OIL_PUMP_CAVITATION,0.95,,,
199.0999999999638,0,0,,4847.48015185997,79.5946722880037,844.9,842.9,844.1,844.9,106.1,106,105.4,106.6,1.435,1.63,121.7,1.878,26.5,0.943,28.4,40,88.2,14.45,0,2.5,94.7,0.5833,-13.8,OIL_PUMP_CAVITATION,0.95,,,
199.19999999996372,0,0,,4852.109071616715,79.86921488470638,843.1,843.9,845.3,844.2,105.6,106.5,105.9,105.5,1.441,0.93,121.5,1.661,26.6,0.939,28.4,40,88.4,14.49,0,2.7,94.8,0.5835,-13.5,OIL_PUMP_CAVITATION,0.95,,,
199.29999999996363,0,0,,4849.126009542978,79.787735988479,846,842.1,843.1,841.9,105.7,105.5,105.9,106,1.433,1.59,121.7,1.917,26.5,0.942,28.4,39.4,88.1,14.48,0,2.4,94.7,0.5832,-13.6,OIL_PUMP_CAVITATION,0.95,,,
199.39999999996354,0,0,,4850.1813764332765,79.70574130903665,843.7,845.2,844.2,842.8,106.5,105.6,106.5,106.1,1.443,2.38,121.7,1.507,26.5,0.941,28.4,39.4,88.3,14.46,0,2.4,94.7,0.5839,-13.8,OIL_PUMP_CAVITATION,0.95,,,
199.49999999996345,0,0,,4848.020883675066,79.7466734639785,842.9,844.6,842.6,846.4,106.4,105.7,105.9,105.8,1.439,1.82,121.8,1.598,26.5,0.934,28.4,40.7,88.4,14.48,0,2.6,94.7,0.5831,-13.7,OIL_PUMP_CAVITATION,0.95,,,
199.59999999996336,0,0,,4859.414807467124,80.04257495188183,843.5,842.1,845.7,844.1,106.3,105.9,106,105.9,1.444,1,121.7,1.432,26.5,0.933,28.5,40.2,88.3,14.51,0,2.2,94.6,0.5832,-13.8,OIL_PUMP_CAVITATION,0.95,,,
199.69999999996327,0,0,,4863.1595521826985,79.85515435814638,843.4,842.4,845.4,842.9,106.3,106.1,106.2,105.6,1.439,1.41,121.6,1.651,26.5,0.936,28.4,39.1,88.7,14.46,0,2.4,94.7,0.5833,-13.6,OIL_PUMP_CAVITATION,0.95,,,
199.79999999996318,0,0,,4856.973782368373,79.74024666209408,843.4,843.5,841,844.3,106,106.4,106.4,105.3,1.434,2.3,121.9,1.435,26.5,0.942,28.4,39.6,88.9,14.45,0,2.3,94.7,0.584,-13.8,OIL_PUMP_CAVITATION,0.95,,,
199.80999999996317,0,1,199.88999999996318,4858.81527061511,79.89707816946967,844.9,842.9,845.7,840.8,106.1,106.1,105.9,105.9,1.447,2.3,121.7,1.337,26.6,0.941,28.4,39.7,88.2,14.48,0,2.6,94.8,0.5838,-13.9,OIL_PUMP_CAVITATION,0.95,OIL_PUMP_CAVITATION,6,1.9
199.8999999999631,0,0,,4855.39554041696,79.9456976867696,843.2,842.1,846.5,845.4,105.7,105.6,105.9,105.9,1.439,2.03,121.7,1.424,26.6,0.94,28.4,40,88.1,14.5,0,2.2,94.7,0.5839,-13.7,OIL_PUMP_CAVITATION,0.95,,,
199.999999999963,0,0,,4851.023980978254,79.82093849938136,844.8,845.8,843.7,845.7,105.5,105.6,106.3,106.1,1.445,1.08,121.7,1.297,26.5,0.943,28.4,40.3,88.6,14.49,0,2.2,94.6,0.5831,-13.6,OIL_PUMP_CAVITATION,0.95,,,
200.0999999999629,0,0,,4853.412025878587,79.86389640983964,841.5,843.2,843.5,845.3,106.2,106.1,106.4,105.9,1.441,1.2,121.8,1.394,26.7,0.943,28.3,38.9,88.2,14.49,0,2.4,94.8,0.584,-13.7,OIL_PUMP_CAVITATION,0.95,,,
200.1999999999628,0,0,,4854.175233534279,79.92150038165913,845.7,843.7,844.2,842.4,105.8,105.8,106,105.4,1.439,2.21,121.8,1.427,26.5,0.948,28.4,40.9,88.4,14.5,0,2.4,94.8,0.5829,-13.7,OIL_PUMP_CAVITATION,0.95,,,
200.29999999996272,0,0,,4862.627222397323,79.92961784676109,843.9,843.3,845.8,843.5,106.2,105.9,105.5,106.5,1.441,2.17,121.7,1.671,26.6,0.938,28.4,39.7,88.8,14.47,0,2.3,94.7,0.5838,-13.6,OIL_PUMP_CAVITATION,0.95,,,
200.39999999996263,0,0,,4854.277123535551,79.89383821399146,844.7,847.4,843.5,843.4,106.2,106.1,106.1,106,1.447,1.19,121.8,1.351,26.6,0.938,28.4,40.6,88.4,14.49,0,2.6,94.7,0.5828,-13.7,OIL_PUMP_CAVITATION,0.95,,,
200.49999999996254,0,0,,4856.310353952237,79.93947796947567,843.7,843.5,843.1,842.9,105.7,106.3,106.4,106.1,1.445,1.1,121.8,1.696,26.6,0.94,28.4,39.9,88.4,14.49,0,2.2,94.8,0.5831,-13.6,OIL_PUMP_CAVITATION,0.95,,,
200.59999999996245,0,0,,4854.726745212739,79.84731100422438,843.4,845,842.8,844.3,106.5,106.5,106.3,105.8,1.44,2.04,121.7,1.855,26.5,0.94,28.4,39.8,88.2,14.48,0,2.4,94.7,0.5827,-13.8,OIL_PUMP_CAVITATION,0.95,,,
200.69999999996236,0,0,,4852.993736357704,79.79833656737576,843.1,842.3,845.1,843.7,106,105.7,106.4,105.5,1.442,2.31,121.8,1.694,26.5,0.943,28.4,40.7,88.3,14.48,0,2.7,94.7,0.584,-13.9,OIL_PUMP_CAVITATION,0.95,,,
200.79999999996227,0,0,,4857.198493777916,79.9655029709072,842.9,842.2,844.9,843.1,106.2,106.3,106.6,106.1,1.446,1.37,121.9,1.524,26.6,0.942,28.4,40.6,88.9,14.5,0,2.4,94.7,0.5842,-13.6,OIL_PUMP_CAVITATION,0.95,,,
200.8699999999622,0,1,200.94999999996222,4854.378632439473,79.82450645535182,844.1,843,844.7,845.6,106.2,105.9,105.7,105.7,1.449,0.97,121.6,1.366,26.5,0.942,28.4,40.2,88.3,14.48,0,2.5,94.8,0.5839,-13.8,OIL_PUMP_CAVITATION,0.95,OIL_PUMP_CAVITATION,5.6,1.5
200.89999999996218,0,0,,4851.995222034571,79.78559760183799,844.9,845.4,843,843.6,106.1,105.9,105.9,106.1,1.44,0.97,121.7,1.291,26.5,0.939,28.3,40.6,88.7,14.48,0,2.4,94.7,0.5828,-13.7,OIL_PUMP_CAVITATION,0.95,,,
200.99999999996209,0,0,,4857.115747791424,79.80328500913268,845.2,843.8,844.6,844.4,106.5,106.1,106.1,106.1,1.442,1.85,121.6,1.589,26.5,0.938,28.4,40.9,88.1,14.46,0,2.5,94.7,0.583,-13.8,OIL_PUMP_CAVITATION,0.95,,,
201.099999999962,0,0,,4859.865399404975,79.84918511828336,843.6,843.1,845.3,844.2,106,106.2,105.3,106.5,1.442,2.37,121.7,1.499,26.5,0.944,28.4,41,88.9,14.47,0,2.4,94.7,0.5827,-13.9,OIL_PUMP_CAVITATION,0.95,,,
201.1999999999619,0,0,,4852.985840307069,79.92795330676022,843.2,845.9,845.7,844,106.1,106.1,106.1,106.3,1.441,1.56,121.7,1.777,26.6,0.938,28.4,41.3,88.6,14.5,0,2.2,94.7,0.5842,-13.6,OIL_PUMP_CAVITATION,0.95,,,
201.2999999999618,0,0,,4857.677501972947,79.87939881721192,844.5,844.6,844.9,844.5,106.6,106.3,105.8,106.1,1.439,0.93,121.6,1.433,26.5,0.944,28.4,40.3,88.5,14.48,0,2.3,94.7,0.5834,-13.9,OIL_PUMP_CAVITATION,0.95,,,
201.39999999996172,0,0,,4853.2372152565395,79.91205694593118,845,844.8,842.7,840,106.1,105.6,105.5,105.4,1.444,3.82,97.9,0.28,26.5,0.943,28.5,40,88.3,14.5,0,2.3,94.8,0.584,-13.7,NONE,0,,,
201.49999999996163,0,0,,4858.2295605534355,80.00911883331207,845.6,843.4,845.6,842.4,106.1,106.3,105.9,105.5,1.451,3.84,97.9,0.277,26.6,0.936,28.4,39.7,88.3,14.5,0,2.2,94.7,0.5836,-13.9,NONE,0,,,
201.59999999996154,0,0,,4856.7787360482025,79.71019630996307,844.4,843.4,845.2,843.8,106.1,106.1,106,106.2,1.439,3.86,97.9,0.284,26.5,0.942,28.4,40.3,88.3,14.45,0,2.3,94.8,0.5839,-13.6,NONE,0,,,
201.69999999996145,0,0,,4850.945198260821,79.98013257818626,845.4,843,845.5,843.4,106.6,105.8,106.3,106.6,1.439,3.85,98.1,0.276,26.5,0.939,28.4,40.2,88.7,14.52,0,2.2,94.8,0.5842,-13.7,NONE,0,,,
201.79999999996136,0,0,,4860.415026818607,79.9226739525758,843.4,843.5,840.5,844.5,106.4,106.4,106,106.3,1.437,3.85,98,0.292,26.5,0.937,28.4,40.8,88.4,14.48,0,2.3,94.8,0.583,-13.8,NONE,0,,,
201.89999999996127,0,0,,4858.774700673333,79.99074241923691,843.2,844.4,841.5,843.5,106.1,106.1,106.1,106.2,1.44,3.87,97.8,0.286,26.5,0.94,28.4,39.7,88.6,14.5,0,2.8,94.7,0.5835,-13.6,NONE,0,,,
201.90999999996126,0,1,201.98999999996127,4855.856649205316,80.1474801215833,843.1,844.6,843.9,843.3,105.7,106.3,106,106.3,1.45,3.85,98.1,0.266,26.6,0.943,28.3,40.7,88.6,14.54,0,2.3,94.7,0.583,-13.5,NONE,0,OIL_PUMP_CAVITATION,50.4,30
201.99999999996118,0,0,,4857.237963076252,79.91757382421312,843.8,843.6,847.1,842.6,106.1,106.5,106.2,106.5,1.44,3.87,98.1,0.285,26.6,0.938,28.4,40.1,88.6,14.49,0,2.7,94.7,0.5834,-13.8,NONE,0,,,
202.09999999996108,0,0,,4854.592396852818,79.8882908848578,843.1,843.8,841,841.9,105.6,105.8,106.1,105.8,1.444,3.83,98.1,0.271,26.5,0.938,28.5,40.4,88.4,14.49,0,2.4,94.7,0.584,-13.7,NONE,0,,,
202.199999999961,0,0,,4855.582398955116,79.94045234481163,842.2,843.4,843,841.4,106.4,106,106.6,106.3,1.447,3.86,97.8,0.29,26.6,0.939,28.4,40.8,88,14.5,0,2.7,94.7,0.5835,-13.9,NONE,0,,,
202.2999999999609,0,0,,4855.543028853934,80.00935605556796,845,846.1,844.4,842.8,106.3,105.7,105.8,105.6,1.444,3.83,97.9,0.273,26.5,0.935,28.3,41.4,88.3,14.51,0,2.5,94.7,0.5837,-13.8,NONE,0,,,
202.3999999999608,0,0,,4853.240201192502,80.11834949960101,843.9,845.6,844.5,843.8,106.1,106.2,106.5,105.9,1.439,3.86,98.1,0.288,26.7,0.944,28.4,40.8,88.8,14.54,0,2.1,94.7,0.5837,-13.8,NONE,0,,,
202.49999999996072,0,0,,4858.527967375195,79.75812117744172,844.4,843.9,844.4,844.6,105.9,106.6,106,106,1.451,3.83,97.9,0.276,26.5,0.942,28.3,41.3,88.6,14.45,0,2.3,94.7,0.5834,-13.9,NONE,0,,,
202.59999999996063,0,0,,4858.8363582638785,79.99262927192852,845.4,842.5,845.2,843.1,106.2,106.2,105.9,106.3,1.449,3.86,97.9,0.282,26.6,0.943,28.4,40.9,87.9,14.5,0,2.3,94.8,0.5834,-13.6,NONE,0,,,
202.69999999996054,0,0,,4853.393539061019,80.06344118004068,842.4,844.2,844.8,844.8,105.9,106.4,106.6,106.4,1.439,3.82,98,0.285,26.6,0.944,28.5,40.6,88.8,14.53,0,2.2,94.8,0.5834,-13.6,NONE,0,,,
202.79999999996045,0,0,,4861.891301481907,79.69800490288632,845.2,844,844.5,846.3,105.8,105.9,106.3,106.1,1.438,3.86,97.9,0.285,26.4,0.934,28.3,40.6,88.4,14.43,0,2.4,94.6,0.5841,-13.6,NONE,0,,,
202.89999999996036,0,0,,4865.353543455843,80.2436680932064,844.7,842.2,844.2,844.1,106,106,106.3,106.7,1.439,3.85,97.9,0.276,26.7,0.938,28.5,41.5,88.6,14.53,0,2.6,94.7,0.5834,-13.8,NONE,0,,,
202.9499999999603,0,1,203.02999999996032,4864.438735357765,80.0201183601611,843.4,843.6,843.6,844,105.8,105.9,106.3,106.2,1.43,3.82,98.1,0.279,26.6,0.941,28.5,41.1,88.4,14.49,0,2.3,94.7,0.5832,-13.8,NONE,0,OIL_PUMP_CAVITATION,55,50.5
202.99999999996027,0,0,,4851.9723871111155,79.96615073931561,846.4,843.5,843.9,845.1,106.6,106.3,105.9,105.8,1.444,3.86,98,0.279,26.5,0.936,28.4,41.2,88.7,14.51,0,2.2,94.6,0.5843,-13.5,NONE,0,,,
203.09999999996018,0,0,,4864.21951304372,79.99718020914123,845.2,843.4,842.6,845.3,106.4,106.1,106.2,106.3,1.437,3.84,98.1,0.283,26.6,0.942,28.4,40.6,88.3,14.48,0,2.6,94.7,0.5825,-13.9,NONE,0,,,
203.19999999996008,0,0,,4859.567095368178,79.91208771109416,844.3,845.8,845.9,844.6,106.1,106,105.7,106.1,1.44,3.85,97.9,0.276,26.7,0.94,28.3,40.8,88.1,14.48,0,2.5,94.7,0.5832,-13.8,NONE,0,,,
203.29999999996,0,0,,4854.502913484678,79.86051800477004,844.9,844,844.3,843.8,106.4,106.2,106.3,105.9,1.451,3.83,98,0.283,26.6,0.94,28.4,41.5,88.5,14.48,0,2.4,94.8,0.583,-13.7,NONE,0,,,
203.3999999999599,0,0,,4855.036763356904,79.93007596442907,845,843.3,842.3,844.3,106,105.8,106.1,106,1.436,3.85,98,0.279,26.6,0.938,28.4,41.2,88.5,14.5,0,2.6,94.8,0.5843,-13.6,NONE,0,,,
203.4999999999598,0,0,,4860.208926031359,80.09821923257236,843.5,844.5,847.2,844.6,106.1,106,106.3,106.2,1.44,3.86,98.1,0.27,26.6,0.938,28.4,41,89,14.52,0,2.5,94.8,0.5823,-13.8,NONE,0,,,
203.59999999995972,0,0,,4863.363669498119,80.09620319494108,842.9,843.2,847.7,844.4,106.5,106.1,106,106.1,1.435,3.83,97.9,0.28,26.6,0.943,28.4,41.2,88.4,14.51,0,2.2,94.8,0.5836,-14,NONE,0,,,
203.69999999995963,0,0,,4862.518512217257,79.82125361134224,844,843.9,845.6,845.2,105.6,105.9,106.1,106.4,1.449,3.87,98.2,0.284,26.4,0.94,28.3,41.5,88.4,14.45,0,2.5,94.8,0.5833,-13.8,NONE,0,,,
203.79999999995954,0,0,,4863.871688292138,79.98355418353427,844.2,846.6,843.3,845.3,106.3,106,106.3,105.9,1.438,3.9,97.9,0.281,26.6,0.94,28.4,41.4,88.3,14.48,0,2.4,94.6,0.5843,-13.7,NONE,0,,,
203.89999999995945,0,0,,4857.090027088452,80.02432499766692,844,844.6,844,844.8,105.8,106.6,106,105.5,1.45,3.84,97.9,0.277,26.5,0.934,28.4,41,88.6,14.51,0,2.4,94.8,0.5839,-13.7,NONE,0,,,
203.99999999995936,0,0,,4859.875476687963,79.89711225823581,845.1,841.8,844.9,843.4,105.6,106.4,105.9,106.4,1.444,3.85,98,0.283,26.6,0.94,28.4,41.5,88.4,14.48,0,2.6,94.7,0.5829,-13.6,NONE,0,,,
204.00999999995935,0,1,204.08999999995936,4859.578901330073,80.01532495039906,844.6,842.3,845.9,841.8,106.3,106.5,106.5,106.1,1.432,3.84,98,0.273,26.6,0.942,28.5,41.5,88.6,14.5,0,2.3,94.8,0.5833,-13.7,NONE,0,NONE,48.9,751.4
204.09999999995927,0,0,,4862.64821420302,80.10822989789379,843.5,844.4,844.6,846.4,106,106.1,106.3,106.1,1.437,3.81,97.9,0.279,26.6,0.937,28.4,41.1,88.5,14.51,0,2.5,94.7,0.5832,-13.8,NONE,0,,,
204.19999999995918,0,0,,4862.161520986704,80.01466502938354,842.2,845.6,846.8,843,106.2,106.4,106.2,106.3,1.439,3.89,98,0.274,26.5,0.941,28.4,41.2,88.1,14.49,0,2.5,94.7,0.5832,-13.7,NONE,0,,,
204.29999999995908,0,0,,4858.371164432718,80.12610868863005,844,843.6,843.7,845.4,106.2,106.4,106.1,106.5,1.434,3.83,98.2,0.291,26.6,0.94,28.4,41,88.4,14.53,0,2.3,94.8,0.5828,-13.7,NONE,0,,,
204.399999999959,0,0,,4857.966357710942,79.9685699173467,845.3,845.9,844.6,845.3,106.7,106.3,106.2,105.9,1.441,3.85,98,0.275,26.6,0.94,28.3,41.5,88.6,14.5,0,2.4,94.8,0.5839,-13.6,NONE,0,,,
204.4999999999589,0,0,,4863.412921423288,80.19981181791698,843.6,844.6,843.8,843.5,106.4,106.4,106.3,106.6,1.434,3.87,98,0.285,26.7,0.939,28.4,41,88.6,14.53,0,2.3,94.7,0.5827,-13.7,SENSOR_DRIFT,0.8,,,
204.5999999999588,0,0,,4854.08889366893,79.85766373402397,843.8,845.2,842.4,845.1,106.3,106.6,106,106,1.442,3.84,98.2,0.28,26.6,0.935,28.3,41.1,88.5,14.48,0,2.3,94.7,0.5839,-13.9,SENSOR_DRIFT,0.8,,,
204.69999999995872,0,0,,4859.237754027059,79.90757983104945,844.7,844.1,844.9,841.8,106.3,106.8,105.9,106.3,1.444,3.84,98.1,0.283,26.6,0.932,28.4,41.3,88.4,14.48,0,2.4,94.8,0.5836,-13.4,SENSOR_DRIFT,0.8,,,
204.79999999995863,0,0,,4867.8915347417,80.07484155379153,845.1,843.4,844.5,845,106.1,106.8,106.4,105.8,1.441,3.86,98.1,0.285,26.6,0.938,28.4,41.2,88.5,14.49,0,2.2,94.7,0.584,-13.5,SENSOR_DRIFT,0.8,,,
204.89999999995854,0,0,,4858.731358930462,79.77749369861499,845.7,845.1,847.4,842.9,106.3,106.7,106,106.1,1.444,3.85,97.9,0.299,26.6,0.942,28.3,39.6,88.7,14.45,0,2.5,94.8,0.5831,-13.8,SENSOR_DRIFT,0.8,,,
204.99999999995845,0,0,,4866.589095922509,79.96497370388326,843.9,843.4,844.3,844.4,106.4,107.3,105.8,106.7,1.442,3.83,98.1,0.286,26.6,0.942,28.4,39.6,88.3,14.47,0,2.4,94.7,0.584,-13.5,SENSOR_DRIFT,0.8,,,
205.00999999995844,0,1,205.08999999995845,4859.597765900582,80.02615472292526,844.6,843.3,846.4,844.2,106,107.1,106.7,106.2,1.448,3.85,97.9,0.268,26.7,0.941,28.3,40,88.3,14.5,0,2.2,94.7,0.5832,-13.9,SENSOR_DRIFT,0.8,PRGB_DEGRADATION,46.3,46.4
205.09999999995836,0,0,,4858.566280004604,79.99313753258274,844.2,844.4,845.2,844.2,106.6,107.4,106,106.3,1.45,3.88,98.2,0.282,26.6,0.937,28.4,41.5,88.7,14.5,0,2.5,94.7,0.5839,-13.9,SENSOR_DRIFT,0.8,,,
205.19999999995827,0,0,,4866.892437845092,80.12222609292148,842.8,844,844.8,846,106.4,107.9,106.3,105.8,1.435,3.83,98.2,0.275,26.7,0.938,28.4,40.6,88.7,14.5,0,2.5,94.7,0.583,-13.8,SENSOR_DRIFT,0.8,,,
205.29999999995817,0,0,,4855.186328640277,80.14098471787753,843.5,842.1,844.2,843.7,106,106.8,106.8,106.3,1.448,3.88,98.1,0.283,26.6,0.934,28.4,40.5,88.3,14.54,0,2.4,94.8,0.5839,-13.8,SENSOR_DRIFT,0.8,,,
205.39999999995808,0,0,,4859.381718360355,80.12203692404083,846.1,844.7,843.1,842.6,106.2,107.7,106.2,106.1,1.44,3.84,98,0.273,26.6,0.942,28.4,40.9,88.6,14.52,0,2.4,94.8,0.5836,-13.9,SENSOR_DRIFT,0.8,,,
205.499999999958,0,0,,4866.810715530243,79.91298099851615,844.3,845.6,843.2,844.7,106.5,107.8,106.7,106.4,1.445,3.82,97.9,0.27,26.5,0.939,28.4,40.8,88.4,14.46,0,2.4,94.7,0.5838,-13.8,SENSOR_DRIFT,0.8,,,
205.5999999999579,0,0,,4863.694398625973,80.01607887058523,844.1,844.5,842.9,844.2,105.7,108.1,107,106.3,1.439,3.84,98,0.267,26.6,0.94,28.5,41.8,88.7,14.49,0,2.4,94.8,0.5829,-14,SENSOR_DRIFT,0.8,,,
205.6999999999578,0,0,,4860.398586656739,80.14570712663266,845.4,844.1,843.7,844.1,105.4,107.3,106.8,106.5,1.454,3.83,98,0.282,26.7,0.94,28.4,41.2,88.4,14.53,0,2.3,94.8,0.5838,-13.6,SENSOR_DRIFT,0.8,,,
205.79999999995772,0,0,,4859.097021531496,79.9106006733333,844.4,843.1,846.2,846.1,106,107.8,106.6,106.4,1.44,3.85,97.9,0.297,26.6,0.933,28.4,41.1,88.7,14.48,0,2.2,94.6,0.5828,-13.7,SENSOR_DRIFT,0.8,,,
205.89999999995763,0,0,,4853.231410888633,80.02973847468206,842.4,846,849.1,845.4,106.2,107.8,106.4,106.5,1.449,3.85,97.8,0.274,26.6,0.938,28.3,40.6,88.6,14.52,0,2.8,94.7,0.5834,-13.5,SENSOR_DRIFT,0.8,,,
205.99999999995754,0,0,,4863.341265114058,79.9399497201554,844.3,841.1,846.5,845.4,106.7,108.1,105.7,106.6,1.441,3.82,98,0.287,26.6,0.936,28.4,40.9,88.1,14.48,0,2.3,94.7,0.5834,-13.6,SENSOR_DRIFT,0.8,,,
206.00999999995753,0,1,206.08999999995754,4855.7367822188035,79.74980636479967,844.6,845.4,844.7,843.9,106.3,108.5,106.2,105.9,1.437,3.87,98,0.267,26.5,0.935,28.4,41.6,88.2,14.46,0,2.5,94.7,0.583,-13.7,SENSOR_DRIFT,0.8,PRGB_DEGRADATION,59.1,66.2
206.09999999995745,0,0,,4858.701305643741,79.96587728804386,845.4,841.3,846.7,845,106.5,108.2,106.1,105.9,1.446,3.83,98.1,0.286,26.6,0.939,28.4,40.7,88.6,14.49,0,2.2,94.8,0.5837,-13.8,SENSOR_DRIFT,0.8,,,
206.19999999995736,0,0,,4864.599602716931,79.83527400113617,844.3,844.2,844.7,844,106.2,108.1,106.2,106.5,1.441,3.84,98,0.281,26.5,0.943,28.4,40.8,88.5,14.45,0,2.6,94.7,0.5831,-13.6,SENSOR_DRIFT,0.8,,,
206.29999999995727,0,0,,4863.457219212243,80.08932467470336,845,843.4,843,843.5,106.2,108.3,106.4,106.4,1.436,3.84,97.9,0.264,26.7,0.939,28.4,41,88.4,14.51,0,2.3,94.8,0.5837,-13.8,SENSOR_DRIFT,0.8,,,
206.39999999995717,0,0,,4858.56538653094,80.00868014254026,844.8,844.2,843.8,845.4,106.4,108.8,105.9,106.1,1.446,3.84,98.2,0.266,26.6,0.941,28.4,41.4,88.6,14.5,0,2.5,94.7,0.5842,-13.6,SENSOR_DRIFT,0.8,,,
206.49999999995708,0,0,,4852.322181958965,79.93390611760958,842.8,846.4,843.6,844.7,106.5,108.8,106.4,106.5,1.445,3.84,98,0.284,26.6,0.937,28.4,41.5,88.3,14.5,0,2.4,94.8,0.5829,-13.8,SENSOR_DRIFT,0.8,,,
206.599999999957,0,0,,4855.769501146319,79.9308991815951,842.8,843,844.3,847.2,106.5,108.6,106.7,106.2,1.436,3.87,98.2,0.284,26.6,0.937,28.3,40.7,88.2,14.49,0,2.4,94.8,0.5838,-13.7,SENSOR_DRIFT,0.8,,,
206.6999999999569,0,0,,4854.952964699043,80.02777355067599,843.8,845.7,845.8,844.4,105.8,109.5,106.5,105.9,1.448,3.85,98,0.291,26.6,0.94,28.4,41,88.7,14.52,0,2.4,94.8,0.5839,-13.7,SENSOR_DRIFT,0.8,,,
206.7999999999568,0,0,,4856.555218504205,79.79667519490046,844.3,847,842.4,843.7,106.5,109.2,106.4,105.7,1.439,3.8,97.9,0.276,26.5,0.944,28.4,40.3,88.6,14.46,0,2.6,94.7,0.5832,-13.6,SENSOR_DRIFT,0.8,,,
206.89999999995672,0,0,,4862.461924831933,79.80816283722767,845.7,844.4,843.3,842.5,106.4,109.3,105.7,106.5,1.434,3.89,98.1,0.288,26.4,0.936,28.4,39.3,88.4,14.45,0,2.7,94.8,0.5833,-13.7,SENSOR_DRIFT,0.8,,,
206.99999999995663,0,0,,4855.90367526823,79.89431065224166,844.7,844.7,843.8,842.1,106.5,109.5,105.9,106.1,1.447,3.83,98,0.276,26.6,0.939,28.4,39.9,88.8,14.49,0,2.7,94.7,0.5833,-13.6,SENSOR_DRIFT,0.8,,,
207.06999999995656,0,1,207.14999999995658,4856.48552496733,79.96411775644526,844.4,844.4,845.7,844.6,106.6,108.8,106.5,105.9,1.439,3.88,98.2,0.274,26.6,0.942,28.5,40.7,88.3,14.5,0,2.2,94.7,0.5834,-13.8,SENSOR_DRIFT,0.8,PRGB_DEGRADATION,72.4,103.1
207.09999999995654,0,0,,4857.75364238441,79.95752839073957,843.1,843.5,843.6,844.3,106.3,109.5,106.2,106.4,1.435,3.84,98,0.276,26.6,0.936,28.4,40.2,88.4,14.49,0,2.5,94.8,0.5837,-13.8,SENSOR_DRIFT,0.8,,,
207.19999999995645,0,0,,4854.361538522059,79.82685879663022,845.6,842.4,844.7,844.5,106.2,109.4,106.2,106.7,1.443,3.84,98,0.283,26.6,0.941,28.4,41.1,88.4,14.48,0,2.4,94.8,0.5835,-13.7,SENSOR_DRIFT,0.8,,,
207.29999999995636,0,0,,4860.0965182252,79.98757050441993,845.1,843.7,843.9,846.3,106.5,109.6,106.1,106.1,1.435,3.83,98.3,0.272,26.6,0.942,28.5,39.3,88.6,14.49,0,2.4,94.7,0.5836,-13.6,SENSOR_DRIFT,0.8,,,
207.39999999995626,0,0,,4852.098273209892,79.7614182370076,844.1,843.9,843.6,843.4,106.5,109.4,106.2,106.2,1.443,3.83,98.1,0.271,26.4,0.939,28.5,39.9,88.4,14.47,0,2.4,94.7,0.5829,-13.6,SENSOR_DRIFT,0.8,,,
207.49999999995617,0,0,,4855.294388325737,80.00453396690132,844.5,846.8,843.8,845,106.4,109.4,106.5,107.2,1.442,3.85,98,0.276,26.7,0.937,28.3,39.7,88.2,14.51,0,2.5,94.7,0.5838,-13.8,SENSOR_DRIFT,0.8,,,
207.59999999995608,0,0,,4855.903796790422,79.82337840687146,843.2,843.4,845.5,845.2,106.2,110,106.5,106.1,1.429,3.85,98,0.27,26.5,0.937,28.4,40.1,88.4,14.47,0,2.4,94.8,0.5833,-13.5,SENSOR_DRIFT,0.8,,,
207.699999999956,0,0,,4854.785460999296,79.82426846940298,844.7,845.2,844.7,844,106.3,109.6,106.2,106.8,1.44,3.85,98.2,0.277,26.5,0.937,28.5,40.4,88.5,14.48,0,2.3,94.7,0.5838,-13.7,SENSOR_DRIFT,0.8,,,
207.7999999999559,0,0,,4858.046871273621,80.01163953397301,844.7,845.1,842.2,843.4,106.3,110.2,106,106.8,1.435,3.84,98.1,0.295,26.6,0.941,28.4,40.5,88.8,14.5,0,2.4,94.7,0.5835,-13.7,SENSOR_DRIFT,0.8,,,
207.8999999999558,0,0,,4854.221514986216,79.92984683209424,844.5,842.1,845.2,843.6,105.9,110.4,106.3,106.1,1.441,3.83,98.1,0.279,26.6,0.936,28.4,40.7,88.4,14.5,0,2.2,94.7,0.5837,-13.6,SENSOR_DRIFT,0.8,,,
207.99999999995572,0,0,,4861.773175263337,79.93245571545285,845.8,846.9,841.8,842.9,106.6,111.1,105.4,106.3,1.442,3.88,97.8,0.271,26.6,0.944,28.4,40,88.5,14.48,0,2.3,94.7,0.5839,-13.7,SENSOR_DRIFT,0.8,,,
208.09999999995563,0,0,,4857.341587371839,79.94992412080309,843.3,847.2,846.4,845.1,106.6,110.7,106.1,106.1,1.445,3.84,98.1,0.286,26.7,0.936,28.4,40.6,88.2,14.49,0,2.4,94.7,0.5841,-13.7,SENSOR_DRIFT,0.8,,,
208.09999999995563,0,1,208.17999999995564,4857.341587371839,79.94992412080309,843.3,847.2,846.4,845.1,106.6,110.7,106.1,106.1,1.445,3.84,98.1,0.286,26.7,0.936,28.4,40.6,88.2,14.49,0,2.4,94.7,0.5841,-13.7,SENSOR_DRIFT,0.8,PRGB_DEGRADATION,75.7,127.6
208.19999999995554,0,0,,4856.897966173351,79.92116846571005,845.1,844.4,846.6,845.7,106.3,110.5,105.9,106.4,1.435,3.85,97.9,0.263,26.6,0.937,28.4,40.4,88.3,14.49,0,2.6,94.7,0.5831,-13.7,SENSOR_DRIFT,0.8,,,
208.29999999995545,0,0,,4852.057126364307,79.9223859098608,843.2,843.6,845.2,843.8,106.6,110.7,106.3,106.2,1.434,3.84,98.1,0.287,26.5,0.938,28.4,41.4,88.5,14.5,0,2.6,94.7,0.5839,-13.8,SENSOR_DRIFT,0.8,,,
208.39999999995536,0,0,,4853.011391240369,79.79614963257374,843.8,844.6,846.4,845.4,105.8,110.7,106.1,107,1.444,3.84,98,0.282,26.5,0.935,28.4,41,88.6,14.47,0,2.4,94.7,0.584,-13.7,SENSOR_DRIFT,0.8,,,
208.49999999995526,0,0,,4855.313714802076,79.92549035068843,844.4,843.6,844,842.9,105.7,111.2,106.1,106.4,1.444,3.83,98,0.281,26.6,0.94,28.4,40.9,88.6,14.49,0,2.4,94.6,0.5834,-13.9,SENSOR_DRIFT,0.8,,,
208.59999999995517,0,0,,4849.384922400575,79.77902418664577,844,844.8,844.4,845.5,106.1,111.3,106.3,106.4,1.443,3.8,98.1,0.274,26.5,0.942,28.4,40.9,88.5,14.48,0,2.2,94.7,0.5834,-13.6,SENSOR_DRIFT,0.8,,,
208.69999999995508,0,0,,4848.8719747420655,79.87026631615225,843,846,844.3,844.7,106.2,111.7,106.8,106.2,1.432,3.85,98.1,0.282,26.5,0.94,28.4,40.6,88.5,14.5,0,2.5,94.8,0.5835,-14,SENSOR_DRIFT,0.8,,,
208.799999999955,0,0,,4860.790355248332,79.91300757272067,843.5,845.8,846.1,845.3,106.1,111.4,106,106.3,1.442,3.82,97.9,0.289,26.5,0.938,28.4,41.3,88.3,14.48,0,2.3,94.8,0.5843,-13.7,SENSOR_DRIFT,0.8,,,
208.8999999999549,0,0,,4852.807292469878,79.96834711642961,843.5,843.2,843.3,845.9,106.2,111.9,106,106.5,1.437,3.85,98,0.278,26.6,0.941,28.5,41.1,88.8,14.51,0,2.3,94.7,0.584,-13.7,SENSOR_DRIFT,0.8,,,
208.9999999999548,0,0,,4855.002923181185,79.92220164444767,845.4,845.3,843.5,844.3,106.2,111.7,106.3,106.9,1.439,3.85,98,0.296,26.6,0.941,28.3,41.7,88.4,14.49,0,2.3,94.7,0.5841,-13.7,SENSOR_DRIFT,0.8,,,
209.09999999995472,0,0,,4848.7500695633025,79.7363974529348,845.1,843.1,841.3,844.7,106.5,111.5,106.5,106.3,1.439,3.82,98.1,0.295,26.5,0.942,28.4,42,88.1,14.47,0,2.3,94.6,0.5844,-13.8,SENSOR_DRIFT,0.8,,,
209.13999999995468,0,1,209.2199999999547,4853.0239346877515,80.03346696449857,843.7,843.8,842.1,842.2,106.3,112,106.2,106.4,1.438,3.86,98,0.277,26.6,0.937,28.5,41.6,88.6,14.52,0,2.5,94.7,0.5845,-13.7,SENSOR_DRIFT,0.8,NONE,100,751.4
209.19999999995463,0,0,,4851.262005013913,79.76037716269647,845.3,843.9,842.9,845.8,107.3,111.7,106.2,106.4,1.433,3.85,98.1,0.286,26.5,0.939,28.4,40.9,88.6,14.47,0,2.5,94.7,0.5844,-13.8,SENSOR_DRIFT,0.8,,,
209.29999999995454,0,0,,4849.273641678756,79.63276326923797,844.6,843.3,844.3,844.3,105.7,112.4,106.7,106.8,1.424,3.87,98.1,0.279,26.4,0.935,28.4,41.3,88.7,14.45,0,2.3,94.6,0.5835,-13.7,SENSOR_DRIFT,0.8,,,
209.39999999995445,0,0,,4843.425687300757,79.74868616161467,845.2,844.3,842.9,843.4,106,112.4,106.1,106.2,1.437,3.86,97.9,0.267,26.6,0.947,28.5,41,88.6,14.49,0,2.3,94.8,0.5836,-13.8,SENSOR_DRIFT,0.8,,,
209.49999999995435,0,0,,4850.16628993258,79.81094376796615,844,843.6,842.7,844.6,106.4,112.2,106.7,106.6,1.438,3.86,98.1,0.272,26.5,0.935,28.4,41.4,88.1,14.49,0,2.4,94.8,0.5832,-13.6,SENSOR_DRIFT,0.8,,,
209.59999999995426,0,0,,4856.2914730979855,79.87285226073037,844.8,843.9,842.7,846.3,105.8,112.9,106.5,106.2,1.436,3.87,98.1,0.283,26.5,0.937,28.5,41.8,88.5,14.48,0,2,94.7,0.5831,-13.8,SENSOR_DRIFT,0.8,,,
209.69999999995417,0,0,,4855.407275317935,79.81693439494192,843.5,844.9,846.9,845.3,106,113,106.5,106.8,1.435,3.87,98,0.282,26.5,0.94,28.3,41.5,88.7,14.47,0,2.2,94.7,0.5829,-13.7,SENSOR_DRIFT,0.8,,,
209.79999999995408,0,0,,4851.831569848523,79.915299571183,844.4,845.4,845.8,844,106.5,113.2,106.6,106.2,1.442,3.83,98,0.284,26.6,0.943,28.4,42.2,88.4,14.5,0,2.4,94.8,0.5836,-13.6,SENSOR_DRIFT,0.8,,,
209.899999999954,0,0,,4852.994779820817,79.76000203843236,841.9,842.4,844.1,845.4,105.7,112.3,106.7,106.3,1.442,3.85,98,0.273,26.6,0.943,28.4,41.5,88.3,14.47,0,2.3,94.7,0.5834,-13.8,SENSOR_DRIFT,0.8,,,
209.9999999999539,0,0,,4849.41159402446,79.8054440614486,844.6,844.6,842.8,841.3,106.2,113.3,106.1,106,1.44,3.86,98.1,0.282,26.5,0.938,28.4,41.7,88.2,14.49,0,2.5,94.8,0.5837,-13.7,SENSOR_DRIFT,0.8,,,
210.0999999999538,0,0,,4845.4712327042325,79.83682644643817,842.8,842.9,842.2,844.7,106.6,113.1,106.4,106.6,1.44,3.83,98.1,0.291,26.5,0.935,28.4,41.1,88.4,14.5,0,2.4,94.8,0.5845,-13.5,SENSOR_DRIFT,0.8,,,
210.17999999995374,0,1,210.25999999995375,4840.253815018762,79.61216542706117,846.7,843.7,843.2,842.8,106.1,113.1,106.4,106.6,1.44,3.86,98.1,0.262,26.4,0.945,28.4,41.5,88.6,14.47,0,2.5,94.7,0.5829,-13.6,SENSOR_DRIFT,0.8,SENSOR_DRIFT,100,751.4
210.19999999995372,0,0,,4841.532273858211,79.78411578188849,846,842.4,842.8,845.8,106.4,113.3,106.7,106.8,1.438,3.86,98,0.283,26.5,0.942,28.4,40.6,88,14.5,0,2.3,94.7,0.5832,-13.6,SENSOR_DRIFT,0.8,,,
210.29999999995363,0,0,,4851.360001494382,79.71612669749798,845.7,845,845.6,844.9,106.8,113.1,106.8,105.9,1.435,3.87,98.1,0.288,26.5,0.941,28.5,41,88,14.46,0,2.3,94.8,0.5842,-13.8,SENSOR_DRIFT,0.8,,,
210.39999999995354,0,0,,4850.570995214852,79.6470587269514,845,843.6,843.1,842.9,106.6,113.3,107.3,106.7,1.45,3.86,98.1,0.286,26.4,0.93,28.4,41.6,88.6,14.45,0,2.4,94.6,0.5834,-13.6,SENSOR_DRIFT,0.8,,,
210.49999999995345,0,0,,4857.70431428102,79.70779251409422,843.4,845.4,844,842.7,105.9,113.2,106.5,106.6,1.444,3.85,97.9,0.287,26.6,0.942,28.4,41.5,88.1,14.44,0,2.7,94.7,0.5833,-13.7,SENSOR_DRIFT,0.8,,,
210.59999999995335,0,0,,4844.994251844077,79.72013500615363,843.7,844,844,841.4,106.6,114.2,106.2,106.6,1.441,3.85,97.7,0.274,26.5,0.939,28.4,41.7,88.7,14.48,0,2.4,94.8,0.5836,-13.5,SENSOR_DRIFT,0.8,,,
210.69999999995326,0,0,,4846.784316387278,79.64087529352784,844.9,845.5,843.5,842.7,106.6,113.7,106,106.8,1.442,3.86,97.9,0.285,26.4,0.935,28.4,42.1,88.5,14.46,0,2.6,94.8,0.5824,-13.8,SENSOR_DRIFT,0.8,,,
210.79999999995317,0,0,,4849.385544158686,79.53414673400101,844.2,844.3,844.9,843.2,106.1,113.5,105.9,106.4,1.432,3.86,97.8,0.276,26.4,0.934,28.4,40.7,88.6,14.43,0,2.2,94.8,0.5821,-13.8,SENSOR_DRIFT,0.8,,,
210.89999999995308,0,0,,4846.748954358283,79.63344468888731,843.6,842.6,846.1,844.8,105.8,114.1,106.5,106.2,1.44,3.9,97.9,0.272,26.5,0.937,28.4,41.6,88.3,14.46,0,2.2,94.8,0.5832,-13.7,SENSOR_DRIFT,0.8,,,
210.999999999953,0,0,,4844.291717239408,79.64998264362389,843.5,842.8,841.9,841.5,106.8,113.8,106,105.9,1.434,3.83,98,0.283,26.5,0.941,28.4,41.8,88.5,14.47,0,2.4,94.6,0.5839,-13.7,SENSOR_DRIFT,0.8,,,
211.0999999999529,0,0,,4847.639645866084,79.57389552057768,843.2,845,842.3,844.4,105.4,113.9,106.8,106.3,1.437,3.87,98,0.279,26.5,0.939,28.4,41.1,88.6,14.44,0,2.6,94.8,0.5838,-13.6,SENSOR_DRIFT,0.8,,,
211.18999999995282,0,1,211.26999999995283,4843.931370282406,79.60754216052148,843.9,844.1,846,843.2,106.7,114.6,106.3,106.6,1.445,3.84,98.1,0.284,26.4,0.934,28.5,42.1,88.4,14.46,0,2.4,94.9,0.5827,-13.9,SENSOR_DRIFT,0.8,SENSOR_DRIFT,100,751.4
211.1999999999528,0,0,,4845.473200552283,79.47735758563245,844.7,843.1,844.9,842.3,106.4,113.6,106.5,106.3,1.438,3.86,98.1,0.295,26.4,0.938,28.4,41.7,88.5,14.43,0,2.3,94.8,0.5827,-13.8,SENSOR_DRIFT,0.8,,,
211.29999999995272,0,0,,4839.098974774986,79.71671686655394,845.1,843.5,840.8,845.3,106.4,114.5,106.3,106.3,1.425,3.86,98.1,0.288,26.4,0.94,28.4,41.3,88.3,14.5,0,2.2,94.8,0.5837,-13.7,SENSOR_DRIFT,0.8,,,
211.39999999995263,0,0,,4842.7692120808615,79.69320169737964,844.7,843.6,844.8,844.5,106.4,114.8,105.8,106.2,1.445,3.88,98.1,0.286,26.5,0.938,28.4,41.3,88.6,14.48,0,2.3,94.8,0.5837,-13.8,SENSOR_DRIFT,0.8,,,
211.49999999995254,0,0,,4842.193030815209,79.57199249310423,844.8,843.7,842.9,844.7,106.3,115.2,106.1,106.3,1.441,3.85,97.9,0.282,26.4,0.94,28.4,41.9,88.4,14.46,0,2.7,94.7,0.5836,-13.7,SENSOR_DRIFT,0.8,,,
211.59999999995244,0,0,,4841.255265773568,79.56205941360624,841.3,841.1,842.2,844.3,106.4,115.6,106.3,106.3,1.439,3.84,98,0.265,26.5,0.942,28.3,41.9,88.4,14.46,0,2.2,94.7,0.5839,-13.7,SENSOR_DRIFT,0.8,,,
211.69999999995235,0,0,,4847.0108498407035,79.7116396823352,843.5,842.8,842.1,841.8,106.5,115.2,106.7,105.8,1.431,3.87,98.1,0.268,26.4,0.94,28.5,42.1,88.7,14.47,0,2.6,94.8,0.5829,-13.7,SENSOR_DRIFT,0.8,,,
211.79999999995226,0,0,,4843.187815235615,79.56484830629054,847,844.4,843.1,842.7,105.9,115.4,105.8,106.6,1.431,3.87,98,0.293,26.4,0.938,28.4,40.7,88.4,14.45,0,2.3,94.7,0.584,-13.6,SENSOR_DRIFT,0.8,,,
211.89999999995217,0,0,,4847.759342139944,79.49721332059882,845.3,842.8,842.5,844.8,106,115.2,106.4,106,1.428,3.84,98.2,0.287,26.4,0.939,28.4,41.7,88.3,14.43,0,2.5,94.8,0.5835,-13.6,SENSOR_DRIFT,0.8,,,
211.99999999995208,0,0,,4836.680182012721,79.60629606231836,844.4,844.1,844.5,841.3,106.5,115.3,106.2,106.7,1.436,3.88,97.8,0.288,26.5,0.94,28.4,40.8,88.4,14.48,0,2.2,94.7,0.5838,-13.8,SENSOR_DRIFT,0.8,,,
212.099999999952,0,0,,4838.515661149461,79.70227810862852,843.4,841.9,840.7,844.2,106.6,115.5,106.9,106.4,1.436,3.86,98,0.28,26.5,0.935,28.4,40.7,88.3,14.5,0,2.3,94.8,0.5842,-13.7,SENSOR_DRIFT,0.8,,,
212.1999999999519,0,0,,4851.299480771189,79.5395903027342,842.3,844.5,845.8,844.7,106.2,115.1,106,106.5,1.434,3.83,97.8,0.282,26.4,0.939,28.4,41.8,88.6,14.43,0,2.4,94.7,0.5828,-13.8,SENSOR_DRIFT,0.8,,,
212.23999999995186,0,1,212.31999999995188,4836.962665249761,79.42583866550213,844.8,842.8,845.4,843,105.9,115.8,106.2,107.2,1.431,3.84,98,0.265,26.4,0.94,28.4,41.9,88.4,14.44,0,2.5,94.8,0.5832,-13.7,SENSOR_DRIFT,0.8,SENSOR_DRIFT,100,751.4
212.2999999999518,0,0,,4841.094288043454,79.58060833676535,842.8,842.7,843.4,842.9,106.6,116.1,106.5,106.6,1.444,3.85,98,0.28,26.4,0.938,28.4,41.2,88.5,14.46,0,2.3,94.8,0.5841,-13.7,SENSOR_DRIFT,0.8,,,
212.39999999995172,0,0,,4841.02891486372,79.5797649932226,842.3,842.3,847.5,843.2,106.2,115.8,106.3,106.5,1.435,3.85,97.9,0.285,26.4,0.943,28.4,41.2,88.5,14.46,0,2.6,94.7,0.5832,-13.7,SENSOR_DRIFT,0.8,,,
212.49999999995163,0,0,,4838.348357921687,79.48185540248424,843.4,843.1,841.1,842.1,106.3,116.2,106.7,106.1,1.437,3.83,98,0.292,26.4,0.944,28.5,41.1,88.5,14.45,0,2.5,94.9,0.5834,-13.8,SENSOR_DRIFT,0.8,,,
212.59999999995154,0,0,,4833.790507682247,79.43923860087854,844.1,843.4,842.3,844.2,106.2,115.6,106.7,106.5,1.437,3.86,98,0.277,26.4,0.941,28.5,41.1,88.6,14.45,0,2.5,94.8,0.5833,-13.6,SENSOR_DRIFT,0.8,,,
212.69999999995144,0,0,,4842.095246608873,79.50095334919676,843.3,844.2,843.8,841.8,106.4,116.7,106.5,106.3,1.432,3.84,98,0.275,26.4,0.944,28.5,41.1,88.6,14.44,0,2.4,94.8,0.5835,-13.8,SENSOR_DRIFT,0.8,,,
212.79999999995135,0,0,,4840.144517222261,79.48994755667181,843.4,842.1,842.2,843.4,107.1,116.1,106.1,106.3,1.43,3.8,98.1,0.285,26.4,0.94,28.5,41.9,88.6,14.45,0,2.2,94.8,0.5828,-13.9,SENSOR_DRIFT,0.8,,,
212.89999999995126,0,0,,4839.959706220417,79.49980030070907,841.3,842.1,844.5,844.6,106.6,116.2,106,106.2,1.44,3.83,97.9,0.281,26.4,0.939,28.4,40.8,88.8,14.45,0,2.4,94.7,0.5831,-13.7,SENSOR_DRIFT,0.8,,,
212.99999999995117,0,0,,4839.866829245841,79.64688820282466,842.8,843.7,843.7,843.2,106.3,117,106.2,106.5,1.43,3.87,98.2,0.275,26.5,0.938,28.4,41.2,88.6,14.48,0,2.4,94.8,0.5832,-13.6,SENSOR_DRIFT,0.8,,,
213.09999999995108,0,0,,4837.804552205654,79.45284565873096,841.3,844.4,843.1,843.5,106.5,116.7,105.9,106.6,1.436,3.85,98.1,0.294,26.4,0.943,28.4,41,88.8,14.45,0,2.7,94.8,0.5829,-13.8,SENSOR_DRIFT,0.8,,,
213.199999999951,0,0,,4835.0437933255525,79.30311786412578,842.8,845.3,843.1,843.2,106.4,117.3,106.4,106.9,1.438,3.88,98.1,0.293,26.4,0.94,28.4,42,88.1,14.42,0,2.5,94.8,0.5838,-13.7,SENSOR_DRIFT,0.8,,,
213.27999999995092,0,1,213.35999999995093,4840.809365102324,79.43391079635322,842,844.3,842.5,843.7,106.1,116.8,106.6,106.2,1.438,3.84,98.1,0.281,26.3,0.942,28.3,41.3,88.8,14.43,0,2.4,94.8,0.5831,-13.8,SENSOR_DRIFT,0.8,SENSOR_DRIFT,100,751.4
213.2999999999509,0,0,,4835.94435200486,79.24255128504007,843.7,843.5,843,842.7,106.6,117,106.5,106.6,1.433,3.85,98.1,0.284,26.3,0.934,28.5,40.9,88.4,14.41,0,2.3,94.7,0.5829,-13.7,SENSOR_DRIFT,0.8,,,
213.3999999999508,0,0,,4829.797318596264,79.36425927336278,841.8,842.1,842.6,842,106.2,117.5,106.4,106.7,1.427,3.82,98.1,0.272,26.3,0.943,28.3,41.5,88.3,14.45,0,2.5,94.8,0.5843,-13.7,SENSOR_DRIFT,0.8,,,
213.49999999995072,0,0,,4831.664547066823,79.43430574047439,841.7,843.7,843.6,842,105.9,117.2,106.7,106.5,1.43,3.86,98.1,0.271,26.4,0.937,28.4,40.2,88.4,14.46,0,2.3,94.7,0.584,-13.7,SENSOR_DRIFT,0.8,,,
213.59999999995063,0,0,,4836.19073976849,79.48062125351335,841.7,843.3,844.6,844.4,106.3,117.1,106.3,106.3,1.434,3.84,98,0.281,26.4,0.942,28.4,41.9,88.3,14.46,0,2.3,94.7,0.5835,-13.7,SENSOR_DRIFT,0.8,,,
213.69999999995053,0,0,,4835.847244858956,79.17776588200162,841.3,844,841,842.6,106,117.5,106.1,106.6,1.436,3.89,97.9,0.265,26.2,0.943,28.5,41.7,88.3,14.4,0,2.4,94.8,0.5828,-13.7,SENSOR_DRIFT,0.8,,,
213.79999999995044,0,0,,4838.286841077606,79.1848762380398,845.1,841.1,841.7,844.5,106.2,117.8,106.5,106.9,1.438,3.84,98.2,0.278,26.2,0.938,28.4,41.2,88.3,14.39,0,2.4,94.7,0.5837,-13.8,SENSOR_DRIFT,0.8,,,
213.89999999995035,0,0,,4837.754160065339,79.30811967088393,843.2,840.2,841.2,841.7,106.3,117.6,106.5,106.1,1.433,3.84,98.1,0.272,26.3,0.94,28.4,41.9,88.4,14.42,0,2.2,94.8,0.5841,-13.7,SENSOR_DRIFT,0.8,,,
213.99999999995026,0,0,,4834.453077665013,79.28086464429128,840.7,840.9,841.5,843.6,106.5,118.2,107,106.3,1.43,3.85,98,0.275,26.3,0.938,28.4,41.6,88.8,14.42,0,2.6,94.8,0.5834,-13.6,SENSOR_DRIFT,0.8,,,
214.09999999995017,0,0,,4834.6532360421215,79.22312263762743,842.7,844.2,842.3,842.4,106.6,117.9,106.9,106.9,1.435,3.86,98.2,0.282,26.3,0.94,28.3,41.6,88.9,14.41,0,2.6,94.8,0.5836,-13.7,SENSOR_DRIFT,0.8,,,
214.19999999995008,0,0,,4833.7134324146145,79.53410323745238,844.3,844.4,844.2,843.2,106.3,118,106.5,106.5,1.434,3.86,97.9,0.272,26.4,0.94,28.3,41.5,88.3,14.47,0,2.4,94.8,0.5824,-13.7,SENSOR_DRIFT,0.8,,,
214.28999999995,0,1,214.36999999995,4826.6598772104035,79.52814645363624,840.9,842,839.7,840,106,118.5,106.5,107,1.427,3.83,98,0.286,26.3,0.943,28.5,41.6,88.4,14.49,0,2.4,94.8,0.5834,-13.9,SENSOR_DRIFT,0.8,SENSOR_DRIFT,100,751.4
214.29999999995,0,0,,4826.200292769845,79.45130897793236,842.2,841,842.9,843,106.5,117.8,105.7,106.5,1.437,3.87,98.1,0.28,26.4,0.938,28.4,42,88.8,14.48,0,2.2,94.8,0.5836,-13.7,SENSOR_DRIFT,0.8,,,
214.3999999999499,0,0,,4828.132963415305,79.24290327931621,844.2,841.6,841.1,841.7,106.2,118.8,106.3,106.1,1.429,3.85,98.2,0.293,26.3,0.938,28.4,40.5,88.4,14.43,0,2.4,94.8,0.5835,-13.7,SENSOR_DRIFT,0.8,,,
214.4999999999498,0,0,,4834.0972738569835,79.45319307180114,843.6,842.5,843.2,843.6,106.5,118.9,106.9,106.5,1.44,3.83,97.8,0.291,26.4,0.939,28.4,41.4,88.4,14.46,0,2.1,94.8,0.5835,-13.8,SENSOR_DRIFT,0.8,,,
214.59999999994972,0,0,,4828.969710418303,79.13989753104522,844.1,842.4,841.1,843.7,106.3,118.5,106.2,106.4,1.429,3.85,98,0.284,26.3,0.941,28.4,41.2,88.4,14.41,0,2.4,94.8,0.584,-13.6,SENSOR_DRIFT,0.8,,,
214.69999999994963,0,0,,4833.315049572324,79.36163323013528,840.4,845.1,842.4,843.5,106.8,118.9,106.8,106.2,1.436,3.86,98.3,0.283,26.4,0.944,28.5,40.8,88.4,14.44,0,2.5,94.9,0.5839,-14,SENSOR_DRIFT,0.8,,,
214.79999999994953,0,0,,4832.6450650587985,79.21644983828111,844.6,839.9,841.6,843.2,105.9,118.7,106.7,105.5,1.428,3.85,97.9,0.274,26.3,0.934,28.4,40.2,88.3,14.41,0,2.5,94.8,0.5848,-14,SENSOR_DRIFT,0.8,,,
214.89999999994944,0,0,,4829.932865491433,79.27018627019042,842.7,844,843.4,843.3,107.4,119.1,105.9,106.4,1.433,3.82,98.2,0.289,26.3,0.94,28.5,40.5,88.5,14.43,0,2.2,94.8,0.5831,-13.8,SENSOR_DRIFT,0.8,,,
214.99999999994935,0,0,,4826.903609536747,79.17743789952438,841.7,842.4,843.4,842.3,106.4,118.9,106.8,106.2,1.431,3.84,98.1,0.28,26.3,0.937,28.4,40.8,88.4,14.42,0,2.4,94.9,0.583,-13.8,SENSOR_DRIFT,0.8,,,
215.09999999994926,0,0,,4822.916772160928,79.12314273266894,842.3,843.4,843.6,842.3,106.2,118.8,106.7,106.5,1.422,3.86,98.2,0.28,26.3,0.941,28.4,40.6,88.1,14.42,0,2.3,94.9,0.5837,-13.7,SENSOR_DRIFT,0.8,,,
215.19999999994917,0,0,,4826.831721608672,79.09167421340426,842.1,842.9,840.9,841.5,106.4,119.8,106.5,106.4,1.435,3.85,98.1,0.288,26.2,0.945,28.4,40.5,88.4,14.4,0,2.3,94.8,0.5838,-13.7,SENSOR_DRIFT,0.8,,,
215.29999999994908,0,0,,4823.751276574881,79.27312222266193,843,844.5,840.6,842.4,106.6,119.5,106.4,106.1,1.429,3.84,98.1,0.278,26.4,0.939,28.4,39.9,88,14.45,0,2.3,94.8,0.5832,-13.7,SENSOR_DRIFT,0.8,,,
215.29999999994908,0,1,215.3799999999491,4823.751276574881,79.27312222266193,843,844.5,840.6,842.4,106.6,119.5,106.4,106.1,1.429,3.84,98.1,0.278,26.4,0.939,28.4,39.9,88,14.45,0,2.3,94.8,0.5832,-13.7,SENSOR_DRIFT,0.8,SENSOR_DRIFT,100,751.4
215.399999999949,0,0,,4822.351409605559,79.16174045785321,844.6,840.9,842.5,843.4,106.1,119.6,106.7,105.8,1.426,3.88,98.1,0.265,26.2,0.939,28.4,40.7,88.7,14.43,0,2.5,94.7,0.5839,-13.7,SENSOR_DRIFT,0.8,,,
215.4999999999489,0,0,,4824.462434740775,78.92589017385544,842.5,842.8,843.7,841.8,106.5,120,106.4,106.4,1.429,3.87,98.1,0.273,26.1,0.935,28.5,40.8,88.3,14.37,0,2.4,94.8,0.5839,-13.5,SENSOR_DRIFT,0.8,,,
215.5999999999488,0,0,,4825.199600830174,79.13133175380746,839.5,842.9,844.7,840.6,106.1,120.1,106.8,106.2,1.423,3.8,98,0.277,26.3,0.933,28.4,39.8,88.4,14.42,0,2.2,94.8,0.5827,-13.7,SENSOR_DRIFT,0.8,,,
215.69999999994872,0,0,,4825.918076082551,79.18835550763445,844.7,842.7,842.4,842.8,106,119.2,106.5,106.8,1.431,3.86,98.1,0.268,26.2,0.941,28.4,40.5,88.8,14.43,0,2.4,94.8,0.5839,-13.6,SENSOR_DRIFT,0.8,,,
215.79999999994862,0,0,,4823.578819868064,79.03155272263639,843.8,843,844.2,842.1,106.9,120.5,106.6,106.9,1.436,3.84,98,0.287,26.3,0.938,28.3,39.7,88.4,14.4,0,2.1,94.8,0.5832,-13.9,SENSOR_DRIFT,0.8,,,
215.89999999994853,0,0,,4824.1054388481125,79.13098015310513,840.3,841.6,843.7,842.8,106,119.8,106.7,106.9,1.424,3.88,98,0.272,26.3,0.943,28.4,40.9,88.7,14.42,0,2.4,94.7,0.5826,-13.8,SENSOR_DRIFT,0.8,,,
215.99999999994844,0,0,,4824.932252427929,78.89751310751099,842.2,840.7,842.7,842.5,106.7,120.5,106.9,106.2,1.429,3.81,98,0.286,26.2,0.939,28.3,40.9,88.6,14.37,0,2.4,94.7,0.5832,-13.7,SENSOR_DRIFT,0.8,,,
216.09999999994835,0,0,,4822.757585043064,79.16785890653611,839.9,840.8,844.2,841.3,107,119.8,106,106.3,1.424,3.86,97.8,0.282,26.3,0.937,28.4,40.6,88.2,14.43,0,2.5,94.7,0.5838,-13.5,SENSOR_DRIFT,0.8,,,
216.19999999994826,0,0,,4820.187235899577,78.9810168886571,843.8,843.1,842.2,842.7,106.3,120.6,106.3,106.5,1.421,3.88,98.2,0.287,26.2,0.939,28.4,41.6,88.2,14.4,0,2.3,94.8,0.583,-13.8,SENSOR_DRIFT,0.8,,,
216.29999999994817,0,0,,4822.4827533459475,78.90594782807824,843.4,843.1,841.1,840.4,106.3,121.2,106.8,106.2,1.425,3.85,97.9,0.273,26.1,0.941,28.3,41.1,88.9,14.38,0,2.5,94.8,0.5835,-13.8,SENSOR_DRIFT,0.8,,,
216.30999999994816,0,1,216.38999999994817,4822.333372645321,78.86264635750308,841.7,841.3,840.6,843.6,106.4,120,106.5,106.7,1.437,3.84,98,0.28,26.2,0.937,28.4,40.8,88.6,14.37,0,2.4,94.9,0.5835,-13.7,SENSOR_DRIFT,0.8,SENSOR_DRIFT,100,751.4
216.39999999994808,0,0,,4820.523541970499,79.15267166640268,841.2,839.6,842.1,841.8,106.5,120.9,106.7,105.9,1.424,3.88,98.1,0.282,26.2,0.938,28.4,41.2,88.4,14.43,0,2.5,94.8,0.5829,-13.7,SENSOR_DRIFT,0.8,,,
216.499999999948,0,0,,4821.3889871359015,78.76906311572611,841.7,843.7,839.4,843.6,106.7,120.9,107.3,106.3,1.441,3.86,98.1,0.284,26,0.944,28.5,41,88.7,14.35,0,2.3,94.8,0.5822,-13.7,SENSOR_DRIFT,0.8,,,
216.5999999999479,0,0,,4821.75660557594,78.92390272216382,843.1,842.7,842.1,841,106.2,121.1,106.3,106.3,1.425,3.85,98.1,0.282,26.2,0.948,28.4,41.1,88.7,14.38,0,2.4,94.7,0.584,-13.9,SENSOR_DRIFT,0.8,,,
216.6999999999478,0,0,,4827.042575091532,78.93302214947929,840.7,842,841.1,841,106.6,121.1,106.2,106.5,1.426,3.84,98.1,0.266,26.2,0.941,28.5,41.5,88.8,14.37,0,2.3,94.8,0.5828,-13.7,SENSOR_DRIFT,0.8,,,
216.79999999994772,0,0,,4819.5336930576095,78.87793777398713,839.9,840.8,842.8,842.9,106.5,121.3,106.2,106.2,1.429,3.82,98,0.276,26.2,0.941,28.4,40.5,88.4,14.38,0,2.6,94.7,0.5828,-13.9,SENSOR_DRIFT,0.8,,,
216.89999999994762,0,0,,4822.454621528993,78.76968015363686,842.5,841.9,841.7,843.3,106.4,120.8,106.4,106.2,1.43,3.84,98,0.274,26.2,0.937,28.4,41.4,88.4,14.35,0,2.4,94.8,0.5826,-13.7,SENSOR_DRIFT,0.8,,,
216.99999999994753,0,0,,4817.803654878139,78.84659833626876,841.3,841.4,841.4,843.9,106.8,121,106.4,106.8,1.432,3.82,98,0.273,26.1,0.934,28.5,41,88.3,14.38,0,2.2,94.8,0.5828,-13.8,SENSOR_DRIFT,0.8,,,
217.09999999994744,0,0,,4814.861976507959,79.00466236993529,842.1,839.4,844.3,841.6,106,121.7,105.8,106.7,1.433,3.84,98.2,0.279,26.2,0.941,28.4,40.9,88.6,14.42,0,2.5,94.8,0.5832,-13.8,SENSOR_DRIFT,0.8,,,
217.19999999994735,0,0,,4811.630873098011,79.00506079591234,840.6,840.8,840.5,841,106.4,121.6,106.5,106.4,1.436,3.87,98.3,0.283,26.1,0.94,28.3,41.3,88.4,14.43,0,2.5,94.7,0.5835,-13.8,SENSOR_DRIFT,0.8,,,
217.29999999994726,0,0,,4819.660403702326,78.7504206441005,843.1,843.5,840.8,840.8,106.6,121.3,106.8,106.2,1.429,3.84,98.1,0.293,26.1,0.941,28.4,40.7,88.2,14.35,0,2.4,94.7,0.5845,-13.8,SENSOR_DRIFT,0.8,,,
217.30999999994725,0,1,217.38999999994726,4816.700790611342,78.78931381398851,841.3,842.1,840.8,842.7,106.1,121.8,106.8,106.3,1.419,3.84,98.1,0.279,26.1,0.943,28.4,40.9,88.6,14.37,0,2.5,94.8,0.5837,-13.7,SENSOR_DRIFT,0.8,SENSOR_DRIFT,99.9,751.4
217.39999999994717,0,0,,4816.115776494634,78.95263403418744,841.2,842.3,837.6,842.4,107.2,121.8,106.1,106.6,1.421,3.84,97.9,0.285,26.2,0.939,28.4,40.8,88.4,14.4,0,2.2,94.9,0.5838,-13.8,SENSOR_DRIFT,0.8,,,
217.49999999994708,0,0,,4814.977438746355,78.99116078373733,841.6,843.6,840,841.7,106.2,121.9,106.8,106.5,1.422,3.87,98,0.282,26.2,0.94,28.3,40.3,88.8,14.42,0,2.1,94.7,0.5831,-13.6,SENSOR_DRIFT,0.8,,,
217.599999999947,0,0,,4810.600959579903,78.9759433162387,842.1,841.6,841.1,843.9,106.6,122.4,106.3,106.4,1.436,3.84,98,0.287,26.1,0.937,28.4,41,88.4,14.42,0,2.3,94.8,0.5838,-13.6,SENSOR_DRIFT,0.8,,,
217.6999999999469,0,0,,4811.8856463516395,78.94153397900817,841.7,843,840.2,842,106.3,122.2,106.4,106.4,1.426,3.88,98.1,0.274,26.1,0.941,28.4,40.6,88.5,14.41,0,2.4,94.7,0.584,-13.5,SENSOR_DRIFT,0.8,,,
217.7999999999468,0,0,,4812.679615814935,78.84389304695544,841.6,840.4,841.7,844.1,106.1,122.8,106.2,106.7,1.416,3.83,98.1,0.259,26.2,0.943,28.4,40.9,88.4,14.39,0,2.3,94.9,0.5836,-13.7,SENSOR_DRIFT,0.8,,,
217.89999999994671,0,0,,4808.86988917026,78.88603817171916,840.9,843.3,840,840.4,106.2,122.1,106.3,106.8,1.425,3.83,98.2,0.286,26.1,0.937,28.4,41.4,88.8,14.41,0,2.2,94.8,0.5834,-13.7,SENSOR_DRIFT,0.8,,,
217.99999999994662,0,0,,4815.312408398846,78.69237776794142,841,842.1,840.4,841.2,106.3,122.6,106.6,106.5,1.431,3.83,98.1,0.275,26.1,0.936,28.3,41.1,88.4,14.35,0,2.5,94.8,0.5836,-13.7,SENSOR_DRIFT,0.8,,,
218.09999999994653,0,0,,4812.599216159169,78.6774921480465,842.2,841.3,841.9,841.4,106.8,122.8,106.9,106.5,1.431,3.85,98.1,0.28,26.1,0.939,28.4,40.5,88.5,14.36,0,2.4,94.7,0.5843,-13.7,SENSOR_DRIFT,0.8,,,
218.19999999994644,0,0,,4813.176884594859,78.7551829280192,841.2,841.9,841.2,841.3,106.2,122.7,106.2,106.3,1.423,3.84,98.1,0.277,26.1,0.942,28.4,39.8,88.6,14.37,0,2.7,94.8,0.5838,-13.9,SENSOR_DRIFT,0.8,,,
218.29999999994635,0,0,,4809.552085133593,78.77855574732746,842.9,840.2,840.2,840.1,106.4,122.8,106.3,106.4,1.43,3.84,98,0.292,26.1,0.942,28.3,40.7,88.4,14.39,0,2.6,94.8,0.5829,-13.8,SENSOR_DRIFT,0.8,,,
218.3499999999463,0,1,218.42999999994632,4808.810660763962,78.5096172676404,839.3,840.4,840,839.7,106.4,122.7,106.4,106.3,1.425,3.85,97.9,0.297,26,0.936,28.4,41.4,88.4,14.33,0,2.4,94.8,0.583,-13.7,SENSOR_DRIFT,0.8,SENSOR_DRIFT,100,751.4
218.39999999994626,0,0,,4805.536474927523,78.77533143007875,842.9,841.1,841.1,839.7,106.1,123,106.3,106.6,1.422,3.85,98.1,0.266,26.1,0.939,28.4,40.5,88.3,14.4,0,2.5,94.7,0.5839,-13.8,SENSOR_DRIFT,0.8,,,
218.49999999994617,0,0,,4810.034432996992,78.73055605672623,842.5,840.1,839.2,842,106.5,123.9,106.9,106,1.429,3.85,98.1,0.276,26.1,0.935,28.4,39.6,88.4,14.37,0,2.5,94.9,0.5834,-13.8,SENSOR_DRIFT,0.8,,,
218.59999999994608,0,0,,4798.466211968478,78.75949430534632,840.9,842.4,840.2,839.1,106.6,123.8,106,106.5,1.436,3.91,98.1,0.278,26.1,0.937,28.4,39.9,88.4,14.41,0,2.5,94.7,0.5841,-13.7,SENSOR_DRIFT,0.8,,,
218.699999999946,0,0,,4807.04909625602,78.59830608906928,842,840.1,841.9,843.1,106.4,123.9,106.1,106.4,1.427,3.89,98,0.293,26,0.941,28.4,40.7,88.7,14.36,0,2.5,94.8,0.5841,-13.8,SENSOR_DRIFT,0.8,,,
218.7999999999459,0,0,,4806.377681230002,78.51227352204354,842,840.9,842.8,839.3,106.5,123.5,106.9,106.1,1.424,3.84,98.2,0.268,26,0.936,28.4,39.8,88.7,14.34,0,2.4,94.8,0.5829,-13.7,SENSOR_DRIFT,0.8,,,
218.8999999999458,0,0,,4806.387258164251,78.66365432447286,842.9,840.2,837.3,843.1,106.2,123.3,105.7,106.5,1.419,3.82,98,0.262,26,0.94,28.4,39.9,88.5,14.37,0,2.3,94.8,0.5837,-13.7,SENSOR_DRIFT,0.8,,,
218.99999999994571,0,0,,4810.953057221649,78.61115924217313,842.1,840.7,839.5,843.6,106.2,124,106.5,106.6,1.42,3.84,98.1,0.284,26.1,0.941,28.3,41,88.4,14.35,0,2.3,94.8,0.5831,-13.7,SENSOR_DRIFT,0.8,,,
219.09999999994562,0,0,,4809.718131145151,78.4883077366224,841.1,841.1,841.8,841.3,106,123.9,106.6,106.6,1.425,3.82,98.1,0.278,26.1,0.943,28.4,40.6,88.5,14.33,0,2.1,94.7,0.5832,-13.8,SENSOR_DRIFT,0.8,,,
219.19999999994553,0,0,,4806.62770592253,78.68795503596317,841.2,841.6,839.5,841.2,106.5,124.6,106.6,106.2,1.432,3.84,98,0.279,26,0.941,28.4,40.5,88.3,14.38,0,2.4,94.7,0.5833,-13.8,SENSOR_DRIFT,0.8,,,
219.29999999994544,0,0,,4809.337048102955,78.55986101995741,841.3,840.6,840.3,840.6,107,124.2,106.5,106.2,1.421,3.82,98.1,0.29,26.1,0.941,28.4,40.8,88.6,14.34,0,2.5,94.9,0.583,-13.8,SENSOR_DRIFT,0.8,,,
219.39999999994535,0,0,,4797.839363057096,78.65876589833546,841.3,837.4,839.5,840.3,106.6,124,106.6,106.4,1.425,3.85,98.2,0.27,26.1,0.938,28.3,40.7,88.4,14.39,0,2.4,94.8,0.5829,-14,SENSOR_DRIFT,0.8,,,
219.39999999994535,0,1,219.47999999994536,4797.839363057096,78.65876589833546,841.3,837.4,839.5,840.3,106.6,124,106.6,106.4,1.425,3.85,98.2,0.27,26.1,0.938,28.3,40.7,88.4,14.39,0,2.4,94.8,0.5829,-14,SENSOR_DRIFT,0.8,SENSOR_DRIFT,100,751.4
219.49999999994526,0,0,,4804.098856305375,78.5354629770254,841.7,843.5,841.2,840.2,106,124.5,105.5,106.7,1.426,3.88,98.1,0.294,25.9,0.942,28.4,40.4,88.4,14.35,0,2.5,94.9,0.584,-13.6,SENSOR_DRIFT,0.8,,,
219.59999999994517,0,0,,4796.672974579386,78.61242480556287,839.8,840.3,841.1,838.3,105.9,124.3,106.9,106.3,1.419,3.84,98,0.275,26,0.937,28.5,41.5,88.8,14.39,0,2.3,94.7,0.5835,-13.8,SENSOR_DRIFT,0.8,,,
219.69999999994508,0,0,,4794.600224890552,78.67987617053159,840.7,841.1,841.5,840,106,124.8,106.4,106.7,1.416,3.89,97.9,0.275,26.1,0.936,28.5,40.7,88.7,14.41,0,2.5,94.8,0.5836,-13.7,SENSOR_DRIFT,0.8,,,
219.799999999945,0,0,,4797.565104773242,78.39540243861234,839.8,841.3,841.5,840.3,106.1,124.5,106.7,106.9,1.411,3.85,98.1,0.289,26,0.943,28.4,41.1,88.6,14.34,0,2.4,94.8,0.5835,-13.8,SENSOR_DRIFT,0.8,,,
219.8999999999449,0,0,,4805.01697438187,78.51180626402652,841.5,842.9,838.6,840.6,106.1,124.8,106.5,106.9,1.416,3.82,98,0.277,26,0.94,28.4,40.2,88.6,14.34,0,2.3,94.8,0.583,-13.7,SENSOR_DRIFT,0.8,,,
219.9999999999448,0,0,,4800.776285069501,78.41496291350961,839.4,842.6,841.6,841.1,106.4,124.9,106.3,106.5,1.413,3.84,98.1,0.265,26,0.941,28.5,41.2,88.4,14.34,0,2.4,94.8,0.5843,-13.8,SENSOR_DRIFT,0.8,,,
220.0999999999447,0,0,,4802.241912709333,78.34093665641478,841.3,839.6,840.7,841,106.7,125.4,106.3,106.6,1.423,3.88,98.2,0.284,25.9,0.937,28.5,41.5,88.5,14.32,0,2.3,94.8,0.5835,-13.8,SENSOR_DRIFT,0.8,,,
220.19999999994462,0,0,,4802.283656237162,78.36185722854536,838.6,839.3,842.1,840.1,106.6,125.7,106.5,106.5,1.415,3.87,98.2,0.279,26,0.942,28.5,41.1,88.3,14.32,0,2.3,94.8,0.5826,-13.8,SENSOR_DRIFT,0.8,,,
220.29999999994453,0,0,,4799.808160278411,78.50293255063406,840.9,840.6,836.4,840.8,106,125.5,106.6,106.5,1.42,3.88,98.1,0.277,26,0.938,28.5,41.1,88.6,14.36,0,2.5,94.8,0.5841,-13.9,SENSOR_DRIFT,0.8,,,
220.39999999994444,0,0,,4801.116603376033,78.4390113749301,841.2,839.6,838,840.2,106.3,126.1,106.6,105.9,1.419,3.85,97.9,0.287,26,0.944,28.4,40.9,88.6,14.34,0,2.5,94.8,0.5836,-13.8,SENSOR_DRIFT,0.8,,,
220.4499999999444,0,1,220.5299999999444,4798.2296211176645,78.34217952880275,841,841.1,840.7,839.8,106.5,125.7,106.7,106.1,1.418,3.86,98.1,0.282,26,0.941,28.3,41.2,88.4,14.33,0,2.2,94.8,0.5837,-13.7,SENSOR_DRIFT,0.8,SENSOR_DRIFT,99.9,751.4
220.49999999994435,0,0,,4791.3763897062545,78.34546516251831,838.5,841,840.6,840.1,106.3,125.7,106.5,106.1,1.429,3.87,98,0.287,26,0.941,28.5,40.8,88.7,14.35,0,2.6,94.8,0.584,-13.7,SENSOR_DRIFT,0.8,,,
220.59999999994426,0,0,,4805.190486424365,78.47434125000501,841.4,841.4,840.5,840.2,106.8,125.9,106.6,106.3,1.421,3.87,98.1,0.276,26,0.937,28.4,41.2,88.6,14.34,0,2.3,94.8,0.5833,-13.7,SENSOR_DRIFT,0.8,,,
220.69999999994417,0,0,,4795.899304783302,78.46807343441543,840.2,839.3,839.9,840.4,106.5,125.8,106.2,106.5,1.422,3.85,98,0.277,26,0.937,28.4,40.1,88.6,14.36,0,2.5,94.9,0.5838,-13.7,SENSOR_DRIFT,0.8,,,
220.79999999994408,0,0,,4795.39662162116,78.28547948568911,839.9,840.7,840.3,840,106.4,126.2,106.3,106.2,1.42,3.83,98,0.266,25.9,0.939,28.5,40.4,88.4,14.32,0,2.6,94.7,0.5832,-13.9,SENSOR_DRIFT,0.8,,,
220.899999999944,0,0,,4797.207061731377,78.47707739640775,839.4,842.1,839.2,839.3,106.2,126.2,105.9,106.2,1.425,3.83,98.2,0.288,26,0.937,28.3,40.5,88.3,14.36,0,2.1,94.8,0.5829,-13.7,SENSOR_DRIFT,0.8,,,
220.9999999999439,0,0,,4791.492961256221,78.22630949309695,841.4,840.5,839.6,839.9,106,125.7,106.6,106.3,1.417,3.87,98.2,0.284,25.9,0.94,28.3,40.9,88.7,14.32,0,2.3,94.8,0.5834,-13.8,SENSOR_DRIFT,0.8,,,
221.0999999999438,0,0,,4784.885780232558,78.33656943202838,837.6,841.1,838.2,841,106.1,126.5,106.1,106.1,1.415,3.84,98,0.275,25.9,0.94,28.5,41.5,88.4,14.36,0,2.5,94.9,0.5832,-13.6,SENSOR_DRIFT,0.8,,,
221.1999999999437,0,0,,4788.6426523288665,78.3626761842446,841.7,840.4,839.1,840.8,106.3,126.5,106.4,106.4,1.414,3.83,98,0.273,25.9,0.938,28.4,41.8,88.6,14.36,0,2.3,94.8,0.5827,-13.7,SENSOR_DRIFT,0.8,,,
221.29999999994362,0,0,,4794.153242648217,78.31072501483379,839.8,841.7,838,839.3,105.8,126.7,106,106.2,1.42,3.83,98.2,0.277,25.9,0.945,28.4,41.4,88.4,14.33,0,2.7,94.8,0.5835,-13.7,SENSOR_DRIFT,0.8,,,
221.39999999994353,0,0,,4783.751635151194,78.35628116345829,842.1,839.3,837.2,838.4,106.4,127.2,106.4,106.2,1.413,3.89,98.3,0.292,25.9,0.943,28.5,41.8,88.3,14.37,0,2.4,94.8,0.5829,-13.7,SENSOR_DRIFT,0.8,,,
221.45999999994348,0,1,221.5399999999435,4788.1545602168735,78.1448811887493,840.1,842.3,839.9,838.9,106.1,126.8,106.3,106.7,1.412,3.87,98.1,0.274,25.8,0.94,28.4,41.8,88.5,14.31,0,2.5,94.9,0.5838,-13.8,SENSOR_DRIFT,0.8,SENSOR_DRIFT,99.9,751.4
221.49999999994344,0,0,,4791.929703897274,78.2000063980262,840.6,839.8,840.7,842.1,106,126.6,106.4,106.7,1.431,3.84,98,0.268,26,0.938,28.4,41.6,88.2,14.32,0,2.5,94.9,0.5838,-13.8,SENSOR_DRIFT,0.8,,,
221.59999999994335,0,0,,4790.735238211102,78.19352275049673,839.3,839.7,842.3,841,105.8,126.6,106,106.3,1.416,3.84,98,0.271,25.8,0.941,28.3,41.6,88.4,14.32,0,2.3,94.8,0.5831,-13.8,SENSOR_DRIFT,0.8,,,
221.69999999994326,0,0,,4784.683278367656,78.1077950270216,841.1,839.4,840.7,839.6,106.9,126.7,106.1,106.2,1.425,3.84,98,0.281,25.9,0.94,28.4,41.4,88.5,14.32,0,2.4,94.8,0.5834,-13.9,SENSOR_DRIFT,0.8,,,
221.79999999994317,0,0,,4786.3047645419365,78.02472112101847,839.3,840.3,840.5,838.8,105.9,127.5,106.9,105.5,1.415,3.8,98,0.294,25.8,0.941,28.4,41.3,88.4,14.29,0,2.3,94.8,0.5832,-13.8,SENSOR_DRIFT,0.8,,,
221.89999999994308,0,0,,4788.568115510861,78.24666426904346,838.8,839.4,842.4,840,107.3,127.5,106.1,106.1,1.409,3.85,97.9,0.287,25.9,0.934,28.4,41.9,88.4,14.33,0,2.7,94.8,0.5835,-13.7,SENSOR_DRIFT,0.8,,,
221.999999999943,0,0,,4790.370270063408,78.17882071218365,838.3,841.2,838.8,839.2,106.4,127.3,107,106.5,1.419,3.85,97.9,0.276,25.9,0.938,28.4,41.8,88.5,14.32,0,2.2,94.8,0.5834,-13.7,SENSOR_DRIFT,0.8,,,
222.0999999999429,0,0,,4783.050642901547,78.12345505662668,839.3,839.9,839.2,839.7,106.5,127.4,106.4,106.2,1.413,3.85,98.1,0.285,25.8,0.941,28.4,41.5,88.5,14.32,0,2.5,94.8,0.5832,-13.8,SENSOR_DRIFT,0.8,,,
222.1999999999428,0,0,,4781.051786840721,77.96596607969758,839,839.3,838.3,838.6,106.1,127.4,106.4,106.3,1.411,3.87,98.1,0.281,25.8,0.948,28.5,42.5,88.7,14.3,0,2.4,94.8,0.5828,-13.7,SENSOR_DRIFT,0.8,,,
222.2999999999427,0,0,,4790.330603489058,78.05145433953244,839.2,840,838.5,838.6,105.8,127.6,105.7,106.2,1.406,3.85,98.2,0.271,25.8,0.937,28.4,41.5,88.6,14.29,0,2.6,94.7,0.5848,-13.8,SENSOR_DRIFT,0.8,,,
222.39999999994262,0,0,,4785.1773118870615,78.1094190150354,837.6,838.8,840.4,840.1,106.1,127.8,106.2,106.3,1.422,3.83,98,0.282,25.8,0.941,28.5,42,88.5,14.32,0,2.3,94.8,0.5842,-13.7,SENSOR_DRIFT,0.8,,,
222.45999999994257,0,1,222.53999999994258,4790.766582672188,78.18203614132612,840.7,841.1,839.2,840.5,106.1,127.4,106.1,105.8,1.413,3.86,98.1,0.289,25.9,0.939,28.4,41.4,88.3,14.31,0,2.5,94.7,0.5843,-13.7,SENSOR_DRIFT,0.8,SENSOR_DRIFT,99.9,751.4
222.49999999994253,0,0,,4782.381466070458,78.12076826235683,836.8,841.2,838.8,839.7,106.1,127.7,106.6,106.5,1.417,3.83,98.1,0.281,25.8,0.935,28.4,41.3,88.6,14.33,0,2.3,94.8,0.5829,-13.5,SENSOR_DRIFT,0.8,,,
222.59999999994244,0,0,,4787.305643995885,78.14808030798234,839.9,840.2,837.4,839.5,106.3,128,106.3,106.5,1.412,3.82,98.2,0.286,25.9,0.94,28.4,42.6,88.9,14.32,0,2.2,94.8,0.5838,-13.8,SENSOR_DRIFT,0.8,,,
222.69999999994235,0,0,,4789.3803111425,78.09360515913309,836.9,841.4,838.6,838,106.1,128.1,106.3,106.4,1.421,3.84,98.1,0.28,25.8,0.942,28.4,41.3,88.6,14.3,0,2.4,94.9,0.5837,-13.6,SENSOR_DRIFT,0.8,,,
222.79999999994226,0,0,,4785.0967410877165,78.02525910004518,839.5,839.9,840.2,839.2,106.3,128.5,106.5,106.6,1.416,3.82,98,0.289,25.8,0.94,28.4,42.3,88.5,14.3,0,2.3,94.8,0.5836,-13.7,SENSOR_DRIFT,0.8,,,
222.89999999994217,0,0,,4781.2407916108405,77.8644772965835,840.1,837.7,838.2,838.4,106.8,128.2,106.4,106.2,1.413,3.82,98.2,0.285,25.8,0.944,28.4,41.9,88.8,14.28,0,2.2,94.9,0.5835,-13.6,SENSOR_DRIFT,0.8,,,
222.99999999994208,0,0,,4787.926662694152,77.94629543292727,839.2,839.3,840.3,838.4,106.7,128.9,106.1,106,1.418,3.84,98.1,0.292,25.8,0.936,28.4,42.2,88.4,14.27,0,2.5,94.9,0.5826,-13.7,SENSOR_DRIFT,0.8,,,
223.09999999994199,0,0,,4775.5212945173525,78.1026988341722,839.7,838.9,838.9,837.9,106.2,129,106.1,106.8,1.412,3.84,98,0.274,25.9,0.943,28.3,42.3,88.5,14.34,0,2.1,94.8,0.5838,-13.8,SENSOR_DRIFT,0.8,,,
223.1999999999419,0,0,,4782.401465097501,77.92157508384828,840.6,839.8,836.6,838.4,106.4,129.2,106.7,105.8,1.411,3.86,98.1,0.28,25.8,0.944,28.4,42.7,88.8,14.28,0,2.2,94.9,0.5828,-13.8,SENSOR_DRIFT,0.8,,,
223.2999999999418,0,0,,4781.212831289616,77.70415870709238,840.6,841.7,837.1,840,106.2,129.1,106.4,106.2,1.41,3.87,98.1,0.27,25.6,0.939,28.4,42.7,88.6,14.24,0,2.3,94.7,0.5846,-13.7,SENSOR_DRIFT,0.8,,,
223.3999999999417,0,0,,4783.494023907603,77.8981892791015,838.2,838.9,840.9,838,106.3,128.8,106.6,106.9,1.416,3.85,98.1,0.288,25.7,0.938,28.4,42.4,88.4,14.28,0,2.4,94.8,0.5834,-13.9,SENSOR_DRIFT,0.8,,,
223.49999999994162,0,0,,4782.350863578604,77.92762453064691,837,838.4,838.3,838.9,106.6,128.9,105.6,106,1.404,3.82,98.2,0.272,25.8,0.941,28.4,42.7,88.5,14.29,0,2.6,94.8,0.5842,-13.6,SENSOR_DRIFT,0.8,,,
223.5199999999416,0,1,223.59999999994162,4768.212427185515,77.8707105262116,840.1,838.9,837.9,838.1,105.7,129.2,106.7,106.6,1.411,3.84,98.1,0.276,25.8,0.936,28.4,42.5,88.4,14.31,0,2.1,94.9,0.5834,-13.5,SENSOR_DRIFT,0.8,SENSOR_DRIFT,99.9,751.4
223.59999999994153,0,0,,4771.101442493727,77.99290000036551,841.4,838.8,840,838.7,106.4,129.1,105.9,106.5,1.413,3.82,98.1,0.287,25.7,0.936,28.4,43.1,88.8,14.33,0,2.5,94.8,0.5836,-13.7,SENSOR_DRIFT,0.8,,,
223.69999999994144,0,0,,4779.057507062618,78.13036817623355,840.4,839,841,838.9,106.1,129.6,106.1,106.1,1.422,3.87,98.1,0.273,25.8,0.942,28.4,43.6,88.9,14.34,0,2.6,94.8,0.5835,-13.8,SENSOR_DRIFT,0.8,,,
223.79999999994135,0,0,,4774.636229230278,77.8187964607051,839.1,837.4,838.9,838.4,106.3,129.6,106.3,105.9,1.409,3.85,98.1,0.279,25.7,0.937,28.3,42.9,88.5,14.28,0,2.3,94.9,0.5839,-13.7,SENSOR_DRIFT,0.8,,,
223.89999999994126,0,0,,4774.41108262988,77.91824983489582,837.4,837.2,837.4,839.5,106.2,129.5,106,106.3,1.413,3.81,98.1,0.277,25.7,0.944,28.4,43.3,88.1,14.31,0,2.5,94.8,0.5844,-13.8,SENSOR_DRIFT,0.8,,,
223.99999999994117,0,0,,4775.811626671437,77.85872390047061,838.4,838.4,840.5,838.7,105.8,129.6,106.4,106.1,1.409,3.84,98.1,0.291,25.8,0.936,28.4,42.7,88.5,14.29,0,2.2,94.8,0.5834,-13.5,SENSOR_DRIFT,0.8,,,
224.09999999994108,0,0,,4775.701780056483,77.81596492464865,838.5,839,839.9,837.8,106.5,130.1,106.7,106.4,1.416,3.87,98.2,0.273,25.6,0.938,28.4,42.8,88.6,14.28,0,2.1,94.8,0.5822,-13.7,SENSOR_DRIFT,0.8,,,
224.19999999994099,0,0,,4773.984758381168,77.80490652370963,838.9,838.1,840.2,838.3,106.1,130,106.1,106.4,1.41,3.83,98.1,0.282,25.7,0.943,28.4,42.5,88.6,14.28,0,2.3,94.8,0.5838,-13.9,SENSOR_DRIFT,0.8,,,
224.2999999999409,0,0,,4770.188867192306,77.83499856378849,840.1,837.4,838.7,838.3,106,130.1,106,106.1,1.41,3.85,98.1,0.282,25.7,0.942,28.4,41.7,88.6,14.3,0,2.5,94.7,0.5838,-13.6,SENSOR_DRIFT,0.8,,,
224.3999999999408,0,0,,4770.7209664762195,77.892994263648,838.5,837.4,838.3,838.8,106.5,129.8,106.4,106.2,1.407,3.85,98.1,0.291,25.8,0.939,28.4,42.5,88.2,14.31,0,2.2,94.8,0.583,-13.8,SENSOR_DRIFT,0.8,,,
224.4999999999407,0,0,,4773.243267770555,77.93915905134433,838.8,838.5,838.3,839.1,105.7,130.6,105.9,106,1.413,3.84,98.2,0.266,25.9,0.939,28.4,41.7,88.4,14.31,0,2.2,94.8,0.5834,-13.8,SENSOR_DRIFT,0.8,,,
224.55999999994066,0,1,224.63999999994067,4782.4565125453555,77.72230348393958,837.4,837.2,838.5,837.7,106.2,130.1,106,105.9,1.409,3.84,98,0.273,25.8,0.938,28.4,41.8,88.8,14.24,0,2.7,94.8,0.5834,-13.9,SENSOR_DRIFT,0.8,SENSOR_DRIFT,99.8,751.4
224.59999999994062,0,0,,4777.069097763074,77.73168387778229,840.3,836.9,837.2,836.6,106.4,130.3,106.8,106.2,1.409,3.87,98,0.287,25.6,0.937,28.3,41.5,88.8,14.26,0,2.2,94.7,0.584,-13.6,SENSOR_DRIFT,0.8,,,
224.69999999994053,0,0,,4773.969198619011,77.72430141110857,838,840.3,838.6,840.7,106.3,130,105.6,105.9,1.406,3.83,97.9,0.278,25.7,0.946,28.5,41.2,88.4,14.27,0,2.3,94.8,0.583,-13.7,SENSOR_DRIFT,0.8,,,
224.79999999994044,0,0,,4775.843592892504,77.72413325333501,838.5,837.7,840.1,840.3,106.3,130.3,106.8,106.1,1.406,3.84,98.1,0.288,25.8,0.945,28.4,41.6,88,14.26,0,2.4,94.8,0.5835,-13.8,SENSOR_DRIFT,0.8,,,
224.89999999994035,0,0,,4770.9180886907825,77.73844638159834,840.6,838.5,837.9,836.6,106.6,130.4,105.6,105.9,1.404,3.86,97.9,0.271,25.7,0.943,28.4,41,88.6,14.28,0,2.1,94.9,0.5843,-13.8,SENSOR_DRIFT,0.8,,,
224.99999999994026,0,0,,4764.203205965685,77.82345464933023,836.3,836.9,839.9,838.5,106.3,130.4,106.6,106,1.417,3.87,98.2,0.28,25.8,0.94,28.4,41.8,88.3,14.31,0,2.2,94.9,0.5844,-13.7,SENSOR_DRIFT,0.8,,,
225.09999999994017,0,0,,4764.776029018569,77.70209635731085,839.2,839.5,837.4,837.9,106.6,130.1,106,106.4,1.411,3.86,98.1,0.286,25.6,0.937,28.4,41.7,88.7,14.29,0,2.5,94.9,0.5835,-13.7,SENSOR_DRIFT,0.8,,,
225.19999999994008,0,0,,4766.53304887657,77.77728776481743,839.2,837.6,837.2,837.3,105.6,130.4,106.6,106.7,1.402,3.85,98.3,0.277,25.7,0.937,28.4,41.6,88.4,14.3,0,2.5,94.9,0.5828,-13.7,SENSOR_DRIFT,0.8,,,
225.29999999993998,0,0,,4763.466924961189,77.73836433359733,837.7,838,838,838,106.7,130.2,106.1,106.4,1.409,3.81,97.9,0.279,25.8,0.945,28.4,41.3,88.7,14.3,0,2.6,94.9,0.5828,-13.7,SENSOR_DRIFT,0.8,,,
225.3999999999399,0,0,,4764.413654635095,77.71752442619359,837.9,835.7,834.9,837.4,106.1,130.3,106.1,106.4,1.414,3.86,98.1,0.258,25.6,0.943,28.5,42.3,88.5,14.29,0,2.5,94.7,0.5838,-13.6,SENSOR_DRIFT,0.8,,,
225.4999999999398,0,0,,4766.238870797066,77.56268604836703,837.1,837.6,835.3,836.9,106.3,130.1,106.7,106.1,1.414,3.85,98,0.285,25.6,0.946,28.5,42.5,88.6,14.25,0,2.2,94.8,0.5825,-13.8,SENSOR_DRIFT,0.8,,,
225.56999999993974,0,1,225.64999999993975,4771.803836116143,77.7684044119657,839.3,839,836.2,838.7,105.9,130,105.9,106.6,1.411,3.85,98.1,0.289,25.7,0.939,28.4,41,88.5,14.28,0,2.3,94.9,0.5839,-13.9,SENSOR_DRIFT,0.8,SENSOR_DRIFT,99.8,751.4
225.5999999999397,0,0,,4761.173052686438,77.7274287883672,836.5,839.2,836.7,837.1,106.3,129.8,106.1,106.3,1.404,3.86,97.9,0.286,25.7,0.946,28.3,41.5,88.6,14.3,0,2.3,94.8,0.5833,-13.6,SENSOR_DRIFT,0.8,,,
225.69999999993962,0,0,,4772.526859918926,77.55220928455182,840.5,838.9,838.9,836.8,106.2,130.6,106.3,106.4,1.413,3.86,98.1,0.27,25.6,0.939,28.3,41.1,88.6,14.23,0,2.5,94.8,0.5829,-13.5,SENSOR_DRIFT,0.8,,,
225.79999999993953,0,0,,4769.638777159415,77.60227160467416,839,838.4,839,836.9,106.2,130,105.6,105.8,1.405,3.82,98.1,0.28,25.7,0.939,28.4,40.6,88.3,14.25,0,2.1,94.8,0.5838,-13.6,SENSOR_DRIFT,0.8,,,
225.89999999993944,0,0,,4765.664308626369,77.69689745886046,838,838,836.7,837.2,106.6,130.2,106.2,106.2,1.41,3.82,98,0.279,25.7,0.94,28.5,40.5,88.2,14.28,0,2.5,94.8,0.5838,-13.7,SENSOR_DRIFT,0.8,,,
225.99999999993935,0,0,,4770.525634791721,77.64951181461633,837.5,837.5,840.6,836.9,106.3,130.5,105.7,106.4,1.42,3.86,98.2,0.28,25.6,0.941,28.4,40.8,88.4,14.26,0,2.5,94.8,0.584,-13.7,SENSOR_DRIFT,0.8,,,
226.09999999993926,0,0,,4767.670958407125,77.53702272006022,838.5,837.6,836.4,837.2,106.8,130.5,106.6,106.2,1.412,3.89,98.1,0.272,25.6,0.937,28.5,40.4,88.4,14.24,0,2.1,94.9,0.5833,-13.8,SENSOR_DRIFT,0.8,,,
226.19999999993917,0,0,,4769.156659275308,77.61458015385352,839.6,837.1,836.3,835.8,105.8,130.2,106.2,106.5,1.401,3.83,98.2,0.27,25.6,0.949,28.4,40.6,88.6,14.26,0,2.3,94.8,0.5826,-13.8,SENSOR_DRIFT,0.8,,,
226.29999999993908,0,0,,4759.877564386101,77.45320191605899,838.8,837.3,838.9,837.5,106.6,130,106.8,105.9,1.398,3.84,97.9,0.271,25.6,0.935,28.4,39.9,88.6,14.25,0,2.3,94.8,0.5832,-13.8,SENSOR_DRIFT,0.8,,,
226.39999999993898,0,0,,4765.820168873932,77.61163696557533,837.6,836.6,837.8,837.9,106.3,130.2,106.2,105.6,1.401,3.81,98,0.272,25.6,0.936,28.4,41.6,88.4,14.27,0,2.6,94.8,0.584,-13.7,SENSOR_DRIFT,0.8,,,
226.4999999999389,0,0,,4766.480930500359,77.53009134575119,838.7,838.1,837.1,837.1,106.1,130.7,106.6,105.8,1.406,3.85,98.1,0.286,25.7,0.943,28.3,40.5,88.2,14.25,0,2.1,94.7,0.5836,-13.7,SENSOR_DRIFT,0.8,,,
226.56999999993883,0,1,226.64999999993884,4765.253958409683,77.5757848351252,837.3,837.7,837.6,839.2,106.1,130.2,106.1,106.3,1.414,3.83,98.1,0.293,25.6,0.941,28.5,40.8,88.5,14.26,0,2,94.8,0.584,-13.8,SENSOR_DRIFT,0.8,SENSOR_DRIFT,99.8,751.4
226.5999999999388,0,0,,4763.642665741749,77.49778042595997,838.9,836.8,837.1,838.2,106,130.4,106.4,106.4,1.409,3.84,98,0.288,25.6,0.936,28.5,41.1,88.6,14.25,0,2.3,94.9,0.5836,-13.9,SENSOR_DRIFT,0.8,,,
226.6999999999387,0,0,,4756.21308025761,77.54536102366598,836.9,837.4,834.2,840.5,106.2,129.9,105.8,106,1.396,3.86,98.1,0.285,25.6,0.944,28.4,41.9,88.6,14.28,0,2.5,94.8,0.5833,-14,SENSOR_DRIFT,0.8,,,
226.79999999993862,0,0,,4755.159453221939,77.38895766525545,839.2,839.3,836.2,836.1,106.7,130.1,106.1,106.1,1.404,3.84,98,0.283,25.6,0.943,28.4,41.1,89,14.25,0,2.3,94.9,0.5839,-13.7,SENSOR_DRIFT,0.8,,,
226.89999999993853,0,0,,4756.751322494377,77.41681525755602,840.2,838.7,837,837.4,105.9,130.1,106,106.6,1.407,3.84,98.1,0.28,25.6,0.944,28.4,41.3,88.5,14.25,0,2.4,94.9,0.5825,-13.8,SENSOR_DRIFT,0.8,,,
226.99999999993844,0,0,,4760.598312023214,77.57964105594387,839.2,837,839.3,839,105.8,130.1,106.5,106.4,1.406,3.8,98.1,0.268,25.6,0.939,28.3,40.7,88.3,14.27,0,2.6,94.8,0.5839,-14,SENSOR_DRIFT,0.8,,,
227.09999999993835,0,0,,4756.7051954021135,77.44527962372538,835.3,838.3,837.9,837.3,106.2,130,106.2,105.4,1.406,3.84,98.1,0.292,25.7,0.943,28.4,41.4,88.4,14.26,0,2.4,94.8,0.583,-13.7,SENSOR_DRIFT,0.8,,,
227.19999999993826,0,0,,4753.228680886795,77.37946867280176,838.9,837.2,838.4,840.4,105.9,130.5,106.1,106,1.403,3.83,98.1,0.291,25.6,0.938,28.5,41.6,88.4,14.25,0,2.2,94.8,0.5828,-13.6,SENSOR_DRIFT,0.8,,,
227.29999999993817,0,0,,4754.324459837297,77.55847117162766,838.9,839,838.8,837.2,106.1,129.9,106.3,106,1.397,3.81,98,0.281,25.6,0.938,28.4,42,88.5,14.29,0,2.3,94.8,0.5832,-14,SENSOR_DRIFT,0.8,,,
227.39999999993807,0,0,,4764.764081240008,77.7043843650148,836.9,837.5,837.5,838.5,106.4,130.3,106.2,106.2,1.407,3.86,98.1,0.28,25.7,0.939,28.3,41.2,88.4,14.29,0,2.4,94.8,0.5835,-13.8,SENSOR_DRIFT,0.8,,,
227.49999999993798,0,0,,4751.392504732779,77.65318208848267,836.7,837.8,837.3,836.4,106,129.8,105.7,106.6,1.415,3.84,98,0.291,25.6,0.938,28.3,41.7,88.7,14.32,0,2,94.9,0.5832,-13.7,SENSOR_DRIFT,0.8,,,
227.5799999999379,0,1,227.65999999993792,4756.391533322107,77.40689987993589,836.3,834.9,837.2,838.4,106.7,129.6,106.6,106,1.41,3.83,98.4,0.27,25.6,0.945,28.5,41.2,88.4,14.25,0,2.1,94.8,0.5836,-13.7,SENSOR_DRIFT,0.8,SENSOR_DRIFT,100,751.4
227.5999999999379,0,0,,4764.610418068791,77.56039060045917,837.4,837.3,837.8,836.7,106,129.9,106.2,106.4,1.4,3.85,98,0.287,25.6,0.939,28.5,40.9,88.6,14.26,0,2.4,94.9,0.5838,-13.8,SENSOR_DRIFT,0.8,,,
227.6999999999378,0,0,,4758.382860186095,77.32624476059787,839.1,837.5,838,838.6,106.2,130.5,106.7,106.2,1.404,3.8,98.1,0.269,25.5,0.937,28.4,40.7,88.7,14.23,0,2.3,94.8,0.5835,-13.8,SENSOR_DRIFT,0.8,,,
227.7999999999377,0,0,,4753.607470168393,77.48965609032872,835.6,837.5,838.1,836,105.6,130,105.9,106.2,1.407,3.84,98,0.273,25.6,0.939,28.3,41.8,88.6,14.27,0,2.5,94.9,0.5825,-13.8,SENSOR_DRIFT,0.8,,,
227.89999999993762,0,0,,4754.464579186021,77.40567489629106,836.8,837.5,836.7,838.8,105.8,129.9,106.2,106.6,1.401,3.85,98.1,0.29,25.5,0.935,28.4,41.1,88.3,14.25,0,2.5,94.8,0.5838,-13.6,SENSOR_DRIFT,0.8,,,
227.99999999993753,0,0,,4756.848025965602,77.63283580777993,839,838.9,837.1,839,106.6,130.6,106.3,105.8,1.405,3.85,97.9,0.269,25.7,0.94,28.4,41.5,88.6,14.3,0,2.3,94.8,0.5838,-13.9,SENSOR_DRIFT,0.8,,,
228.09999999993744,0,0,,4759.171184408863,77.36482487339623,836,837,835.7,837.2,105.8,130.5,105.8,106.1,1.395,3.84,98.1,0.285,25.6,0.941,28.3,41.4,88.6,14.23,0,2.1,94.8,0.5837,-13.9,SENSOR_DRIFT,0.8,,,
228.19999999993735,0,0,,4759.304414704278,77.28467592789241,835.5,836.7,837,838.4,105.9,130.7,105.9,106.6,1.403,3.82,97.9,0.274,25.5,0.946,28.4,42,88.5,14.22,0,2.2,94.8,0.5832,-13.8,SENSOR_DRIFT,0.8,,,
228.29999999993726,0,0,,4755.570374120118,77.29160113192242,835.4,836.7,837.6,835,106,130,106.5,105.9,1.401,3.87,98.1,0.274,25.6,0.94,28.4,41.4,88.3,14.23,0,2.5,94.8,0.5836,-13.9,SENSOR_DRIFT,0.8,,,
228.39999999993717,0,0,,4760.922020804538,77.23566864621941,837.3,837.4,837.1,836.6,105.8,129.9,106.5,105.9,1.41,3.88,98,0.26,25.5,0.932,28.5,41.8,88.9,14.2,0,2.5,94.8,0.5835,-13.7,SENSOR_DRIFT,0.8,,,
228.49999999993707,0,0,,4752.63004042844,77.47946027326422,836.5,838.7,837.7,838,106.2,130.2,106.4,106.4,1.41,3.87,98.1,0.29,25.6,0.943,28.4,42.3,88.7,14.28,0,2.4,94.8,0.5831,-13.8,SENSOR_DRIFT,0.8,,,
228.59999999993698,0,0,,4752.973965079952,77.38057172718152,837,836.8,837.2,834.9,106.5,130,105.9,106.5,1.402,3.87,97.9,0.268,25.5,0.943,28.4,41.1,88.4,14.25,0,2.5,94.8,0.5831,-13.8,SENSOR_DRIFT,0.8,,,
228.62999999993696,0,1,228.70999999993697,4753.929672974788,77.27376683619332,836.9,836.5,835.4,837.2,106.1,130.2,106,105.9,1.402,3.86,98.1,0.277,25.5,0.943,28.4,40.9,88.7,14.23,0,2.7,94.9,0.5838,-13.6,SENSOR_DRIFT,0.8,SENSOR_DRIFT,99.9,751.4
228.6999999999369,0,0,,4755.455403262228,77.3729310357523,836.6,838.8,838.5,837.7,106.2,130.2,105.9,106.5,1.404,3.83,97.8,0.292,25.5,0.941,28.4,41.6,88.1,14.24,0,2.6,94.8,0.5826,-13.6,SENSOR_DRIFT,0.8,,,
228.7999999999368,0,0,,4751.950724169243,77.31214833554519,836.4,835.7,837.2,836.1,105.5,130.6,106.3,105.3,1.4,3.85,98,0.292,25.5,0.938,28.3,40.8,88.3,14.24,0,2.1,94.9,0.583,-13.7,SENSOR_DRIFT,0.8,,,
228.8999999999367,0,0,,4757.117934090443,77.56523816669039,838.1,835.5,836.3,837,106.1,129.8,106.1,105.7,1.401,3.85,97.9,0.278,25.6,0.938,28.4,41.6,88.5,14.28,0,2.5,94.8,0.5842,-13.8,SENSOR_DRIFT,0.8,,,
228.99999999993662,0,0,,4757.898486236089,77.32999209771691,838.4,836.7,835.5,835.7,105.4,130.8,105.7,105.7,1.401,3.81,98.1,0.278,25.6,0.939,28.4,40.6,88.2,14.23,0,2.4,94.9,0.5832,-13.7,SENSOR_DRIFT,0.8,,,
229.09999999993653,0,0,,4755.28445424752,77.4394636339763,836.6,835.2,838.2,836.3,106.2,129.8,106,106.4,1.397,3.83,98,0.284,25.5,0.941,28.4,41.2,88.7,14.26,0,2.6,94.8,0.583,-13.8,SENSOR_DRIFT,0.8,,,
229.19999999993644,0,0,,4747.438794109832,77.31756985451644,839.2,837.2,839,836.4,106.1,129.9,106.3,106,1.401,3.84,97.9,0.273,25.6,0.943,28.4,40.9,88.5,14.26,0,2.3,94.9,0.5821,-13.7,SENSOR_DRIFT,0.8,,,
229.29999999993635,0,0,,4756.105635632357,77.21204797302286,835.7,838.2,835.6,838.9,105.5,129.8,106.2,106.4,1.412,3.83,98.2,0.27,25.5,0.94,28.3,40.5,88.8,14.21,0,2.1,94.9,0.5841,-13.8,SENSOR_DRIFT,0.8,,,
229.39999999993626,0,0,,4754.775161743714,77.30674459685564,835.6,836.8,836.5,837.9,106.3,130.2,106.1,105.5,1.405,3.85,98,0.276,25.5,0.939,28.4,40.6,88.4,14.23,0,2.3,94.9,0.5838,-13.7,SENSOR_DRIFT,0.8,,,
229.49999999993616,0,0,,4750.535916496989,77.2342621820449,838.6,836.2,836.4,838.3,106.6,130.3,106.2,106,1.399,3.86,98.1,0.28,25.6,0.942,28.5,41.2,88.5,14.23,0,2.5,94.8,0.583,-13.8,SENSOR_DRIFT,0.8,,,
229.59999999993607,0,0,,4749.133356616801,77.29330808299915,839,835,839,836.1,106.2,130.2,106.2,105.6,1.406,3.84,98.1,0.284,25.5,0.943,28.3,40.4,88.4,14.25,0,2.5,94.8,0.5834,-13.8,SENSOR_DRIFT,0.8,,,
229.679999999936,0,1,229.759999999936,4747.587064417587,77.15998379784146,836.5,834.7,835.1,835.7,106.1,129.4,106.6,105.8,1.399,3.84,98,0.282,25.5,0.939,28.5,40.5,88.8,14.22,0,2.5,94.7,0.5836,-13.8,SENSOR_DRIFT,0.8,SENSOR_DRIFT,99.7,751.4
229.69999999993598,0,0,,4746.157602248872,77.31042662206127,836.4,835.7,835.2,836.6,106.1,130.3,106.2,106.1,1.403,3.86,98,0.286,25.6,0.939,28.5,42,88.6,14.26,0,2.5,94.9,0.5841,-13.7,SENSOR_DRIFT,0.8,,,
229.7999999999359,0,0,,4755.082266631126,77.37543896664009,835.9,838.1,839.8,839.9,105.6,129.9,106.1,105.7,1.404,3.87,97.9,0.272,25.6,0.943,28.4,41.6,88.4,14.25,0,2.1,94.9,0.5835,-13.8,SENSOR_DRIFT,0.8,,,
229.8999999999358,0,0,,4754.624867777521,77.13697753203265,834.8,837,832.7,836.5,105.8,130.1,105.8,106.5,1.399,3.88,98.2,0.272,25.4,0.937,28.4,40.4,88.2,14.2,0,2.3,94.8,0.5839,-13.7,SENSOR_DRIFT,0.8,,,
229.9999999999357,0,0,,4751.451879781877,77.26755924566243,836.8,837.9,841.3,837.8,106.3,129.9,106.1,106.5,1.399,3.8,98,0.283,25.5,0.938,28.5,41.6,88.6,14.23,0,2.6,94.8,0.5835,-13.6,SENSOR_DRIFT,0.8,,,
230.09999999993562,0,0,,4748.965675538794,77.13536209322548,836.4,836.1,838.9,836.5,105.8,129.8,105.9,105.9,1.394,3.86,97.8,0.262,25.5,0.94,28.5,42,88.4,14.21,0,2.1,94.9,0.5835,-13.9,SENSOR_DRIFT,0.8,,,
230.19999999993553,0,0,,4743.809162511229,77.19645534263977,837.5,836.5,838.2,836.7,105.9,130,106.2,106.2,1.404,3.83,98,0.283,25.5,0.937,28.4,42.4,88.6,14.24,0,2.4,94.9,0.5837,-13.9,SENSOR_DRIFT,0.8,,,
230.29999999993544,0,0,,4753.596303498791,77.29887933310445,834.1,837.3,834.9,834.6,105.6,130.6,106.1,106.4,1.398,3.83,98.2,0.288,25.5,0.94,28.3,41.3,88.7,14.23,0,2.2,94.8,0.5829,-13.8,SENSOR_DRIFT,0.8,,,
230.39999999993535,0,0,,4744.064399278862,77.19172880175766,835.2,836.5,839,837,105.8,130.2,106.2,105.9,1.407,3.89,98,0.271,25.5,0.945,28.4,42.3,88.1,14.24,0,2.5,94.7,0.5835,-13.7,SENSOR_DRIFT,0.8,,,
230.49999999993526,0,0,,4748.692183913242,77.27407470465528,835.9,836,835.5,835,106.2,130,105.5,105.9,1.41,3.86,98.1,0.286,25.6,0.937,28.4,41.2,88.2,14.24,0,2.3,94.8,0.5836,-13.5,SENSOR_DRIFT,0.8,,,
230.59999999993516,0,0,,4745.445948644397,77.24346840583901,836.5,835.8,837.1,834,106.1,129.9,106,106,1.395,3.86,98.1,0.274,25.6,0.943,28.3,42.9,88.6,14.25,0,2.3,94.8,0.5826,-13.8,SENSOR_DRIFT,0.8,,,
230.69999999993507,0,0,,4751.876647192124,77.21906646319016,834.7,837.9,835.8,834.7,105.9,130.1,105.6,105.6,1.4,3.87,98.1,0.263,25.5,0.943,28.4,41.5,88.8,14.22,0,2.4,94.9,0.5832,-13.6,SENSOR_DRIFT,0.8,,,
230.75999999993502,0,1,230.83999999993503,4743.885828531366,77.2579693702634,835,834,834.6,833.9,106,129.9,105.8,105.6,1.402,3.83,98,0.274,25.5,0.94,28.4,41.4,88.6,14.25,0,2.3,94.8,0.5832,-13.8,SENSOR_DRIFT,0.8,SENSOR_DRIFT,99.8,751.4
230.79999999993498,0,0,,4747.32744264153,77.20883188672505,835.8,836.7,837.6,838.4,106.3,129.8,106.2,105.8,1.402,3.84,98.1,0.275,25.4,0.941,28.5,41.2,88.4,14.23,0,2.3,94.8,0.5837,-13.7,SENSOR_DRIFT,0.8,,,
230.8999999999349,0,0,,4741.260940444872,77.07604848073433,837.3,835.1,837.2,837.6,105.4,129.9,105.8,105.9,1.401,3.86,98,0.271,25.5,0.938,28.4,41,88.5,14.22,0,2.4,94.8,0.5831,-13.9,SENSOR_DRIFT,0.8,,,
230.9999999999348,0,0,,4747.245322804127,77.22237475294072,838.9,836.3,838.3,836.9,105.9,130.5,105.5,106,1.395,3.86,98,0.276,25.5,0.94,28.4,41.7,88.9,14.24,0,2.5,94.8,0.5827,-13.8,SENSOR_DRIFT,0.8,,,
231.0999999999347,0,0,,4738.097629476402,77.11680764979742,838.6,836.6,835.7,836.5,106.4,129.9,106.6,106.6,1.398,3.82,98.2,0.275,25.5,0.939,28.4,40.3,88.7,14.24,0,2.5,94.9,0.5836,-13.7,SENSOR_DRIFT,0.8,,,
231.19999999993462,0,0,,4739.485585208516,77.26567466699815,835.6,834.2,833.8,835.3,106.4,129.8,106.2,106.2,1.406,3.86,98,0.277,25.4,0.94,28.4,40.9,88.8,14.27,0,2.5,94.8,0.5838,-13.8,SENSOR_DRIFT,0.8,,,
231.29999999993453,0,0,,4737.660481627185,77.13731670921744,836.6,835.1,834.5,835.1,106,129.9,105.8,106.1,1.405,3.84,98,0.266,25.5,0.944,28.4,40.6,88.5,14.25,0,2.5,94.8,0.5838,-13.6,SENSOR_DRIFT,0.8,,,
231.39999999993444,0,0,,4745.968781116536,77.29476558367259,837.8,836.5,833.7,836.3,105.9,130.6,105.7,105.8,1.405,3.85,98,0.274,25.4,0.938,28.4,40.7,88.4,14.26,0,2.4,94.9,0.5842,-13.7,SENSOR_DRIFT,0.8,,,
231.49999999993435,0,0,,4746.62894834949,77.05402649388392,836.2,838.2,834.2,835.1,105.7,129.9,106,105.9,1.401,3.83,97.9,0.257,25.4,0.943,28.4,40.6,88.2,14.2,0,2.3,94.9,0.5833,-13.6,SENSOR_DRIFT,0.8,,,
231.59999999993425,0,0,,4744.8961864184785,77.03789394786726,837.4,836.3,837.6,837.4,106.2,129.8,106,106,1.403,3.84,98.2,0.294,25.3,0.94,28.4,40.7,88.3,14.2,0,2.1,94.8,0.584,-13.7,SENSOR_DRIFT,0.8,,,
231.69999999993416,0,0,,4744.659784382285,77.07508387241064,836.9,835.4,836,837,106.3,129.7,105.6,106.4,1.408,3.86,97.9,0.276,25.4,0.949,28.5,39.8,88.3,14.21,0,2.3,94.9,0.5834,-13.7,SENSOR_DRIFT,0.8,,,
231.78999999993408,0,1,231.8699999999341,4735.249578424611,77.17464057075149,836.9,833.8,836.8,837.6,105.6,130.1,105.7,106,1.401,3.89,97.9,0.268,25.4,0.944,28.3,39.5,89.1,14.26,0,2.4,94.8,0.5835,-13.6,SENSOR_DRIFT,0.8,SENSOR_DRIFT,98.9,751.4
231.79999999993407,0,0,,4748.888540432018,77.09707832609723,834.8,835.2,839.6,834.8,105.7,129.7,106,106.1,1.398,3.85,98.1,0.278,25.3,0.94,28.4,40.2,88.3,14.21,0,2.1,94.8,0.5836,-14,SENSOR_DRIFT,0.8,,,
231.89999999993398,0,0,,4749.613980089472,77.21375600042462,836.1,836.2,834.6,837.1,105.7,129.8,105.3,105.9,1.402,3.85,98.1,0.279,25.6,0.94,28.4,41.2,88.6,14.23,0,2.4,94.8,0.5833,-13.9,SENSOR_DRIFT,0.8,,,
231.9999999999339,0,0,,4740.396173264463,77.03311560064923,836.2,836.3,834.9,835.8,106,130.4,106.2,105.4,1.406,3.84,98,0.29,25.5,0.939,28.5,40.3,88.3,14.22,0,2.4,94.8,0.584,-13.7,SENSOR_DRIFT,0.8,,,
232.0999999999338,0,0,,4743.868710308492,77.08342314845538,836.4,836.5,834.8,835.2,105.4,129.9,105.9,105.3,1.397,3.8,98.1,0.277,25.4,0.939,28.4,40.3,88.6,14.22,0,2.4,94.8,0.5838,-13.8,SENSOR_DRIFT,0.8,,,
232.1999999999337,0,0,,4741.977262222372,77.03480241989242,834.7,837,836,836.7,106.1,129.9,106,106.1,1.397,3.88,97.8,0.276,25.5,0.945,28.4,40.5,88.7,14.21,0,2.4,94.8,0.5838,-13.7,SENSOR_DRIFT,0.8,,,
232.29999999993362,0,0,,4746.000279211504,77.1541251047976,837.5,836.9,835.9,837.4,106,129.6,105.6,105.7,1.4,3.88,98,0.266,25.4,0.941,28.4,41.4,88.7,14.23,0,2.6,94.9,0.5828,-13.7,SENSOR_DRIFT,0.8,,,
232.39999999993353,0,0,,4739.7414627031185,76.95168330874034,835,835.6,837.1,838.3,105.8,130.6,105.6,106,1.407,3.87,98.1,0.279,25.4,0.944,28.4,42.4,88.3,14.2,0,2.2,94.9,0.5835,-13.9,SENSOR_DRIFT,0.8,,,
232.49999999993344,0,0,,4737.881012558381,76.93731459519836,837.4,835.8,835.1,833,106.2,129.7,105.7,106,1.392,3.83,98,0.274,25.4,0.939,28.4,42,88.3,14.2,0,2.5,94.8,0.5834,-13.6,SENSOR_DRIFT,0.8,,,
232.59999999993335,0,0,,4744.146584207936,76.94916285096721,834,835.7,833.9,837.2,106,129.9,105.5,106.3,1.4,3.87,98,0.289,25.3,0.938,28.5,41.3,88.5,14.19,0,2.3,94.8,0.5833,-13.9,SENSOR_DRIFT,0.8,,,
232.69999999993325,0,0,,4746.407167347806,77.20565230569241,836.4,838.1,836,835.1,106.4,129.8,106.4,105.7,1.398,3.89,97.9,0.291,25.4,0.941,28.4,41.5,88.7,14.24,0,2.5,94.9,0.5842,-13.8,SENSOR_DRIFT,0.8,,,
232.79999999993316,0,0,,4739.8622062694085,76.99750141101151,837.2,835.2,835.6,835.1,106,130.1,105.6,105.6,1.398,3.9,98,0.269,25.5,0.938,28.4,40.9,88.8,14.21,0,2.4,94.8,0.5834,-13.9,SENSOR_DRIFT,0.8,,,
232.79999999993316,0,1,232.87999999993318,4739.8622062694085,76.99750141101151,837.2,835.2,835.6,835.1,106,130.1,105.6,105.6,1.398,3.9,98,0.269,25.5,0.938,28.4,40.9,88.8,14.21,0,2.4,94.8,0.5834,-13.9,SENSOR_DRIFT,0.8,SENSOR_DRIFT,99.8,751.4
232.89999999993307,0,0,,4741.739137543867,77.00248513974579,837.4,836.2,837.7,835.7,106,130,105.7,106,1.399,3.85,98.1,0.274,25.4,0.939,28.5,40.8,88.4,14.21,0,2.4,94.8,0.5841,-13.8,SENSOR_DRIFT,0.8,,,
232.99999999993298,0,0,,4740.182737125295,76.96061154874405,836,835.2,832.8,837.9,106.1,130,105.7,106.2,1.4,3.86,97.9,0.277,25.3,0.947,28.4,41.3,88.5,14.2,0,2.1,94.9,0.5833,-13.8,SENSOR_DRIFT,0.8,,,
233.0999999999329,0,0,,4741.872253958137,76.98181180446872,837.2,835.2,835.5,836.7,105.9,129.5,106,105.9,1.396,3.82,98.2,0.272,25.4,0.941,28.4,41.8,88.5,14.2,0,2.5,94.8,0.5834,-14,SENSOR_DRIFT,0.8,,,
233.1999999999328,0,0,,4742.014800219127,77.04887271373084,835.6,837.5,836.7,835.6,105.6,129.5,105.6,105.6,1.391,3.86,97.9,0.28,25.4,0.937,28.5,41.7,88.4,14.21,0,2.4,94.8,0.5833,-13.6,SENSOR_DRIFT,0.8,,,
233.2999999999327,0,0,,4739.281416965956,77.06453429349683,837.1,838,837.1,833.6,106.2,129.9,106.5,106.1,1.405,3.85,97.9,0.292,25.4,0.943,28.4,41.1,88.3,14.23,0,2.6,95,0.583,-13.8,SENSOR_DRIFT,0.8,,,
233.39999999993262,0,0,,4735.402653851142,77.06517132517997,835.6,836.2,836.9,836.4,105.8,130.4,106,106.1,1.398,3.84,98,0.276,25.6,0.94,28.4,41.2,88.4,14.24,0,2.8,94.9,0.5843,-13.5,SENSOR_DRIFT,0.8,,,
233.49999999993253,0,0,,4745.375057179122,76.96185048846176,836.3,834.3,836.9,835.3,105.9,129.6,105.9,106.3,1.398,3.79,98.1,0.267,25.4,0.937,28.4,40.8,88.3,14.19,0,2.4,94.7,0.5835,-13.7,SENSOR_DRIFT,0.8,,,
233.59999999993244,0,0,,4742.083801766486,77.1061341113598,834.2,836.8,834.3,836.7,105.8,129.9,106.3,105.5,1.393,3.87,98,0.278,25.4,0.944,28.4,40.6,88.4,14.23,0,2.5,94.9,0.5835,-13.6,SENSOR_DRIFT,0.8,,,
233.69999999993234,0,0,,4745.846470611689,77.0677056014608,832.3,834,834.5,837.6,106.1,129.8,105.7,105.9,1.405,3.85,97.8,0.274,25.4,0.94,28.5,40.2,88.7,14.21,0,2.6,94.9,0.5824,-13.6,SENSOR_DRIFT,0.8,,,
233.79999999993225,0,0,,4734.146582509359,77.1508271162954,834.2,835.1,835.2,837,105.1,129.8,105.8,106.2,1.396,3.86,97.8,0.295,25.4,0.937,28.4,40.1,88.5,14.26,0,2.2,94.8,0.5835,-13.7,SENSOR_DRIFT,0.8,,,
233.80999999993224,0,1,233.88999999993226,4734.401023606283,76.88310030391611,835.5,835.6,833.4,835.6,105.8,130,106,106.3,1.398,3.85,98.1,0.28,25.4,0.936,28.4,40.3,88.5,14.2,0,2.3,94.9,0.5835,-13.7,SENSOR_DRIFT,0.8,SENSOR_DRIFT,99.8,751.4
233.89999999993216,0,0,,4750.413411680467,76.79476905435195,836.4,835.2,836.3,834.7,105.9,129.5,106.3,106,1.404,3.86,98.1,0.267,25.3,0.94,28.4,40.6,88.6,14.14,0,2.2,94.8,0.5832,-13.8,SENSOR_DRIFT,0.8,,,
233.99999999993207,0,0,,4738.18790056367,76.96787101920748,834.7,835.4,837.8,834.8,105.5,129.7,105.6,105.9,1.399,3.84,97.9,0.283,25.3,0.938,28.4,41,88.8,14.21,0,2.3,94.9,0.5831,-13.9,SENSOR_DRIFT,0.8,,,
234.09999999993198,0,0,,4744.942681860612,76.88722489174587,835.1,835.2,833.8,836.5,105.8,129.3,106,106,1.407,3.87,98,0.282,25.4,0.943,28.4,40.8,88.5,14.17,0,2.4,94.8,0.5837,-13.7,SENSOR_DRIFT,0.8,,,
234.1999999999319,0,0,,4740.152819477994,76.83713530495211,835.9,834.6,834.5,836.6,106.5,129.7,106.1,105.4,1.396,3.86,97.7,0.272,25.3,0.936,28.4,40.5,88.8,14.18,0,2.4,94.8,0.5828,-13.8,SENSOR_DRIFT,0.8,,,
234.2999999999318,0,0,,4738.991550804152,77.05672821626766,835.5,836.9,837.5,835.1,105.7,129.7,105.7,106.1,1.41,3.85,97.9,0.287,25.5,0.94,28.3,40.8,88.6,14.22,0,2.5,94.8,0.5837,-13.8,SENSOR_DRIFT,0.8,,,
234.3999999999317,0,0,,4737.393339746793,77.06668117198558,833.9,833.9,832.6,835.6,105.7,130.1,105.8,106.4,1.402,3.81,98,0.283,25.4,0.94,28.4,40.7,88.5,14.23,0,2.3,94.9,0.5839,-13.7,SENSOR_DRIFT,0.8,,,
234.49999999993162,0,0,,4739.364817312173,77.12046834024724,835.8,836.9,834.9,834,105.8,130.2,105.6,106.3,1.401,3.85,98.1,0.273,25.4,0.941,28.4,40.8,88.6,14.24,0,2.3,94.8,0.5831,-13.6,SENSOR_DRIFT,0.8,,,
234.59999999993153,0,0,,4742.1696364810605,77.02296584780572,836.2,835.6,834.8,836.8,106.2,129.8,105.7,106.1,1.397,3.85,98.1,0.271,25.5,0.943,28.5,41.3,88.5,14.21,0,2.6,94.9,0.5831,-14,SENSOR_DRIFT,0.8,,,
234.69999999993144,0,0,,4740.872652466219,77.0064127596892,835.4,837.7,834.8,835.5,105.6,129.5,105.9,105.4,1.406,3.8,97.9,0.282,25.3,0.942,28.4,40.2,88.4,14.21,0,2.5,94.8,0.5831,-13.7,SENSOR_DRIFT,0.8,,,
234.79999999993134,0,0,,4744.505271198902,77.0438612657757,836.3,835.7,834.8,836.3,106.2,130.4,105.8,105.9,1.4,3.87,98.1,0.277,25.6,0.942,28.5,41.1,88.7,14.21,0,2.3,94.8,0.5835,-13.6,SENSOR_DRIFT,0.8,,,
234.80999999993134,0,1,234.88999999993135,4739.157129586399,76.99927809717862,834.7,834.9,834.9,835.7,105.8,130.2,105.3,106.2,1.394,3.84,97.8,0.292,25.4,0.938,28.4,41,88.7,14.21,0,2.5,94.9,0.5832,-13.9,SENSOR_DRIFT,0.8,SENSOR_DRIFT,99.8,751.4
234.89999999993125,0,0,,4742.324476992295,77.06711753539139,836.8,834.8,833.4,836.5,105.8,129.6,105.7,106.3,1.396,3.85,98.1,0.274,25.5,0.938,28.5,40.4,88.6,14.22,0,2.4,94.8,0.5831,-13.8,SENSOR_DRIFT,0.8,,,
234.99999999993116,0,0,,4732.873251773569,76.91281303851731,837.1,835.4,832.8,835.8,105.6,129.6,106.1,105.2,1.387,3.82,98.1,0.272,25.3,0.942,28.4,41.3,88.6,14.21,0,2.3,94.9,0.5834,-13.7,SENSOR_DRIFT,0.8,,,
235.09999999993107,0,0,,4748.309543103326,76.92061630923648,834,836.2,837.1,837,105.9,130.5,105.1,106.3,1.398,3.85,98.1,0.276,25.3,0.943,28.4,41.5,88.4,14.17,0,2.3,94.8,0.5835,-13.8,SENSOR_DRIFT,0.8,,,
235.19999999993098,0,0,,4744.602537173125,77.0029046012394,835.8,836,833.5,833.8,106.1,130.3,106.2,105.5,1.407,3.84,98.1,0.289,25.4,0.943,28.4,41.6,88.1,14.2,0,2.4,94.9,0.5837,-13.7,SENSOR_DRIFT,0.8,,,
235.2999999999309,0,0,,4741.467519985006,77.00853379579631,839.2,835.1,834.2,835.1,105.7,130.7,106.1,105.8,1.391,3.83,98,0.298,25.4,0.942,28.4,41.4,88.8,14.21,0,2.4,94.9,0.5828,-13.7,SENSOR_DRIFT,0.8,,,
235.3999999999308,0,0,,4738.868624656996,77.03120901298313,837.9,835.3,836.2,836.9,106,129.3,106,105.7,1.403,3.85,98,0.277,25.5,0.941,28.4,41.9,88.1,14.22,0,2.4,94.8,0.5835,-13.8,SENSOR_DRIFT,0.8,,,
235.4999999999307,0,0,,4742.134363497577,77.01799432225978,834,836.1,836.6,834.4,106.1,129.8,106.2,105.3,1.393,3.84,97.9,0.281,25.3,0.944,28.4,40.6,88.9,14.21,0,2.6,95,0.5832,-13.7,SENSOR_DRIFT,0.8,,,
235.59999999993062,0,0,,4748.824296996529,76.88853656655589,834.6,835.9,834.6,834.5,105.7,130.1,105.8,105.7,1.396,3.86,97.9,0.281,25.3,0.943,28.4,41.7,88.6,14.16,0,2.6,94.8,0.5829,-13.6,SENSOR_DRIFT,0.8,,,
235.69999999993053,0,0,,4741.220795616746,77.21822376226504,836,835.1,835.1,835.5,105.2,129.7,105.4,105.8,1.398,3.85,98.1,0.269,25.6,0.943,28.4,41.4,88.4,14.25,0,2.4,95,0.5842,-13.6,SENSOR_DRIFT,0.8,,,
235.79999999993044,0,0,,4740.080617156046,77.04287653010076,835.7,837.6,833.7,835.3,105.7,130.1,106,105.4,1.4,3.89,97.8,0.287,25.4,0.944,28.4,42.3,88.6,14.22,0,2.2,94.8,0.5829,-13.7,SENSOR_DRIFT,0.8,,,
235.85999999993038,0,1,235.9399999999304,4743.478912138372,77.00775913839796,835.3,835.7,836.9,836.3,105.3,129.9,105.9,105.7,1.399,3.85,98,0.276,25.5,0.943,28.3,42.1,88.5,14.2,0,2.5,94.9,0.5832,-13.9,SENSOR_DRIFT,0.8,SENSOR_DRIFT,99.8,751.4
235.89999999993034,0,0,,4737.088482759546,76.85244328070199,834.5,835.8,835.3,836.3,105.7,129.8,105.8,105.8,1.399,3.84,98.1,0.267,25.3,0.935,28.5,42.1,88.5,14.19,0,2.3,94.9,0.584,-13.6,SENSOR_DRIFT,0.8,,,
235.99999999993025,0,0,,4742.78320798585,76.95367730124897,835.3,835.8,835.3,837,105.3,130.1,106,105.3,1.394,3.87,98,0.279,25.4,0.943,28.5,41.9,88.6,14.19,0,2.2,94.8,0.5836,-13.8,SENSOR_DRIFT,0.8,,,
236.09999999993016,0,0,,4746.471717787886,76.89690136743758,835.2,835.2,834.8,836.1,105.4,129.6,105.7,106.1,1.397,3.87,98,0.278,25.4,0.94,28.3,42.1,88.6,14.17,0,2.3,94.9,0.5832,-13.7,SENSOR_DRIFT,0.8,,,
236.19999999993007,0,0,,4736.889084852908,77.00080987791326,836.8,834.8,836,835.1,106.4,129.6,105.9,106.7,1.402,3.85,97.9,0.289,25.3,0.944,28.4,42.7,88.5,14.22,0,2.3,94.9,0.5835,-13.8,SENSOR_DRIFT,0.8,,,
236.29999999992998,0,0,,4743.249409056696,77.08916815315521,835.5,836.6,833,835,105.8,129.8,105.9,106.2,1.4,3.84,97.8,0.281,25.4,0.947,28.4,42.4,88.6,14.22,0,2.3,94.9,0.5844,-13.7,SENSOR_DRIFT,0.8,,,
236.3999999999299,0,0,,4733.049344208665,76.94467739101118,836.1,836.3,833.3,837.3,105.9,129.4,105.6,105.6,1.401,3.85,98,0.276,25.4,0.941,28.3,43.9,88.5,14.22,0,2.3,94.9,0.5841,-13.8,SENSOR_DRIFT,0.8,,,
236.4999999999298,0,0,,4740.933560456994,77.0499810671059,835,834.8,837.3,837.1,106.5,129.7,106.2,105.8,1.389,3.86,98,0.289,25.4,0.941,28.4,43.4,88.6,14.22,0,2.4,94.8,0.5835,-13.7,SENSOR_DRIFT,0.8,,,
236.5999999999297,0,0,,4743.901458813971,77.01012879631556,833.9,835.2,837.9,835.2,105.4,129.5,105.7,105.5,1.404,3.85,98,0.275,25.3,0.938,28.4,43.2,88.3,14.2,0,2.4,94.9,0.5832,-13.8,SENSOR_DRIFT,0.8,,,
236.69999999992962,0,0,,4742.673628762849,76.99412384882893,838.6,834.9,837.3,835.6,105.7,129.7,105.5,105.7,1.399,3.83,98.2,0.289,25.5,0.935,28.3,43.1,88.8,14.2,0,2.3,94.9,0.5832,-13.8,SENSOR_DRIFT,0.8,,,
236.79999999992953,0,0,,4738.020559176234,77.09754178193172,836,836.1,837.8,834.4,105.8,129.9,105.5,105.6,1.4,3.82,97.9,0.282,25.4,0.941,28.5,43.1,88.6,14.24,0,2.2,95,0.5828,-13.8,SENSOR_DRIFT,0.8,,,
236.86999999992946,0,1,236.94999999992947,4739.982039311645,77.1428827029922,835.7,836.5,833.1,836.9,105.8,129.7,105.9,106.3,1.39,3.83,98,0.28,25.4,0.942,28.3,43.1,88.5,14.24,0,2.2,95,0.5844,-13.8,SENSOR_DRIFT,0.8,SENSOR_DRIFT,100,751.4
236.89999999992943,0,0,,4736.774722806766,77.07456571391275,833.7,837.2,834.8,835.5,105.8,129.6,106.4,105.6,1.39,3.84,97.9,0.263,25.4,0.939,28.5,43.2,88.3,14.23,0,2.4,94.9,0.5834,-14,SENSOR_DRIFT,0.8,,,
236.99999999992934,0,0,,4738.598066570139,77.01842302350033,835.2,835.6,837,836.1,106.3,129.5,106,105.5,1.393,3.85,98,0.264,25.4,0.931,28.4,42.5,88.6,14.22,0,2.2,94.9,0.5839,-13.7,SENSOR_DRIFT,0.8,,,
237.09999999992925,0,0,,4746.563531521961,77.02654311007934,835.6,835.8,837.7,835.2,106,130.5,106.1,105.5,1.399,3.85,97.7,0.272,25.4,0.942,28.3,42.5,88.4,14.2,0,2.5,94.9,0.5841,-13.7,SENSOR_DRIFT,0.8,,,
237.19999999992916,0,0,,4746.098423463745,76.89463544892902,834.2,835.8,832.9,836.1,106.2,129.7,105.7,105.9,1.393,3.82,97.9,0.29,25.4,0.944,28.4,42,88.8,14.17,0,2.3,94.8,0.5831,-13.8,SENSOR_DRIFT,0.8,,,
237.29999999992907,0,0,,4747.249506170109,77.11072311395952,834.5,836.4,834.3,836,105.7,129.8,106,106,1.403,3.86,98,0.277,25.5,0.938,28.5,42.6,88.7,14.21,0,2.5,94.9,0.5831,-13.8,SENSOR_DRIFT,0.8,,,
237.39999999992898,0,0,,4742.265489814934,76.97994641388149,836.4,835.2,834.4,836,106.1,129.6,106,105.5,1.399,3.84,98,0.277,25.5,0.942,28.4,42.7,88.7,14.2,0,2.2,94.8,0.5837,-13.8,SENSOR_DRIFT,0.8,,,
237.4999999999289,0,0,,4751.56422169932,76.91301268446499,835.6,836,836.2,835.3,105.1,130.4,105.6,105.8,1.392,3.83,97.8,0.291,25.4,0.94,28.4,42,88.4,14.16,0,2.5,94.9,0.5827,-13.8,SENSOR_DRIFT,0.8,,,
237.5999999999288,0,0,,4741.671069126288,77.17884528174515,835.4,834.8,834,833.4,105.5,130.4,105.8,105.4,1.405,3.87,97.9,0.265,25.4,0.943,28.5,41.9,88.7,14.24,0,2.4,94.8,0.5836,-13.8,SENSOR_DRIFT,0.8,,,
237.6999999999287,0,0,,4747.661427627882,77.2206024716676,833.4,835.7,834.3,836.3,105.6,130,105.3,105.8,1.399,3.86,98,0.266,25.5,0.939,28.4,42.2,88.5,14.23,0,2.5,94.8,0.583,-13.8,SENSOR_DRIFT,0.8,,,
237.79999999992862,0,0,,4745.062432403162,77.08347769403319,833.7,837.8,832.2,836,105.9,129.5,105.9,105.6,1.392,3.85,97.8,0.277,25.5,0.937,28.4,42.9,88.3,14.21,0,2.4,94.9,0.5836,-13.6,SENSOR_DRIFT,0.8,,,
237.86999999992855,0,1,237.94999999992856,4736.539144518605,76.98894049999743,834.4,833.9,835,836.3,105.7,129.1,105.6,105.9,1.397,3.85,98,0.276,25.5,0.939,28.4,42,88.4,14.22,0,2.1,95,0.5835,-13.7,SENSOR_DRIFT,0.8,SENSOR_DRIFT,99.8,751.4
237.89999999992853,0,0,,4744.189973887642,77.35648629587111,836.8,834.5,836.3,837.2,105.6,129.7,106.4,106,1.395,3.83,98,0.272,25.6,0.938,28.4,42.3,88.7,14.27,0,2.3,94.9,0.5827,-13.6,SENSOR_DRIFT,0.8,,,
237.99999999992843,0,0,,4733.3308164546015,77.11924320054945,836.2,836.3,836.2,836.7,105.9,130.1,105.4,105.5,1.394,3.85,98,0.288,25.5,0.939,28.3,41.6,88.7,14.25,0,2.2,94.9,0.5831,-13.9,SENSOR_DRIFT,0.8,,,
238.09999999992834,0,0,,4745.1880926362355,77.16559030151407,833.9,834.5,835.3,834,105.2,129.8,105.6,105.2,1.404,3.83,98.1,0.291,25.5,0.938,28.3,42.5,88.5,14.23,0,2.3,94.9,0.5835,-13.5,SENSOR_DRIFT,0.8,,,
238.19999999992825,0,0,,4743.615658706803,77.28196398028622,833.8,835,838.1,834.8,105.6,129.9,105.5,105.3,1.402,3.87,98,0.284,25.5,0.94,28.4,41.8,88.5,14.26,0,2.6,94.9,0.5842,-13.9,SENSOR_DRIFT,0.8,,,
238.29999999992816,0,0,,4740.926521512857,76.86854658249335,833,834,834.1,836,105.8,129.9,106.1,105.5,1.396,3.84,98.2,0.268,25.3,0.937,28.5,41.5,88.6,14.18,0,2.4,94.8,0.5831,-13.7,SENSOR_DRIFT,0.8,,,
238.39999999992807,0,0,,4740.515417005769,77.08046050213292,833.6,834.7,838.1,836.8,105.7,129.5,106.1,105.9,1.396,3.9,98.1,0.284,25.4,0.942,28.4,42.1,88.4,14.23,0,2.3,94.8,0.5843,-13.8,SENSOR_DRIFT,0.8,,,
238.49999999992798,0,0,,4746.5583955717575,77.09369103181339,835.7,835,834.8,835.4,105.4,129.6,105.9,105.1,1.401,3.83,98,0.288,25.5,0.939,28.4,41.5,88.6,14.21,0,2.5,94.9,0.5839,-13.8,SENSOR_DRIFT,0.8,,,
238.5999999999279,0,0,,4735.459512388871,76.97821987706085,835.4,833.9,836.5,835.6,105.7,129.4,105.9,105.6,1.393,3.9,98.1,0.273,25.4,0.942,28.4,41.9,88.1,14.22,0,2.2,94.9,0.5841,-13.8,SENSOR_DRIFT,0.8,,,
238.6999999999278,0,0,,4743.711194770805,76.90575669619493,836.3,834.5,836,835.4,105.2,129.6,106,105.9,1.401,3.82,98.1,0.277,25.2,0.935,28.3,42.1,88.4,14.18,0,2.6,94.8,0.5834,-13.8,SENSOR_DRIFT,0.8,,,
238.7999999999277,0,0,,4738.128853385652,77.11475564516654,836,835,836.1,834.9,105.7,129.8,105.9,105.9,1.412,3.87,97.9,0.273,25.5,0.942,28.4,42.1,88.9,14.24,0,2.3,94.9,0.5833,-13.7,SENSOR_DRIFT,0.8,,,
238.87999999992763,0,1,238.95999999992765,4747.986457850266,76.96098965136271,837.2,835.5,834.6,835.6,105.9,129.3,105.6,106.1,1.401,3.8,98,0.273,25.4,0.937,28.5,42.2,88.6,14.18,0,2.2,94.8,0.5836,-13.8,SENSOR_DRIFT,0.8,SENSOR_DRIFT,99.8,751.4
238.89999999992762,0,0,,4734.6815234325595,76.99699654294378,837.6,836.4,835.3,836.7,105.6,129.6,105.2,106,1.403,3.89,98,0.289,25.4,0.938,28.4,41.1,88.3,14.22,0,2.6,94.9,0.5838,-13.7,SENSOR_DRIFT,0.8,,,
238.99999999992752,0,0,,4746.239743007843,76.97002606628966,833.9,835.3,835,835.5,105.6,130.2,105.3,105.6,1.406,3.85,98,0.294,25.3,0.936,28.4,41.3,88.4,14.19,0,2.2,94.8,0.5836,-13.9,SENSOR_DRIFT,0.8,,,
239.09999999992743,0,0,,4737.354399306451,76.99620033483134,835,833.6,836,834.2,105.9,130.4,105.6,105.6,1.399,3.83,98.2,0.286,25.4,0.94,28.3,41.4,88.7,14.22,0,2.3,94.9,0.5839,-13.6,SENSOR_DRIFT,0.8,,,
239.19999999992734,0,0,,4741.364567253401,76.96000812508974,834.7,835.2,838.4,837,105.4,129.5,106.2,106.1,1.393,3.85,97.8,0.272,25.4,0.94,28.5,41.5,88.6,14.2,0,2.4,94.9,0.5837,-13.7,SENSOR_DRIFT,0.8,,,
239.29999999992725,0,0,,4746.7523000592955,77.10376556736513,836.1,836,836.1,837.5,104.9,129.1,106.1,105.6,1.4,3.87,97.9,0.285,25.4,0.937,28.4,41.8,88.7,14.21,0,2.4,94.9,0.583,-13.9,SENSOR_DRIFT,0.8,,,
239.39999999992716,0,0,,4748.078728820015,77.1712900390208,836.4,835.9,836.2,835.8,106.1,129.5,106.2,106.1,1.401,3.86,97.9,0.281,25.4,0.93,28.4,41,88.6,14.22,0,2.5,94.9,0.5838,-13.6,SENSOR_DRIFT,0.8,,,
239.49999999992707,0,0,,4743.972709724924,77.14520993808057,835.8,835.3,837.8,835.3,105.5,130,105.6,105.2,1.393,3.85,98,0.281,25.5,0.937,28.4,41.6,88.6,14.23,0,2.2,94.8,0.5832,-13.6,SENSOR_DRIFT,0.8,,,
239.59999999992698,0,0,,4757.408263234007,77.19771720731273,833.8,835.4,836.2,837.4,105.8,129.5,105.6,105.7,1.402,3.84,97.9,0.271,25.5,0.934,28.4,41.6,88.6,14.2,0,2.4,94.7,0.5836,-13.7,SENSOR_DRIFT,0.8,,,
239.6999999999269,0,0,,4746.509192152917,77.24853143538063,835.3,837.2,834.8,833.6,105.8,129.7,105.3,105.9,1.403,3.82,98,0.288,25.5,0.94,28.3,41.3,88.7,14.24,0,2.7,94.9,0.5842,-13.7,SENSOR_DRIFT,0.8,,,
239.7999999999268,0,0,,4746.2642898412,76.96662961264197,834.2,835,835.8,835.8,105.7,129.7,105.8,105.8,1.403,3.84,97.9,0.274,25.4,0.942,28.4,41.9,88.4,14.19,0,2.2,94.8,0.584,-13.6,SENSOR_DRIFT,0.8,,,
239.8999999999267,0,0,,4743.378561676043,77.25880474901588,834.1,838.4,836.6,835.5,105.4,129.4,105.4,105.9,1.391,3.82,98,0.284,25.5,0.944,28.5,41.3,88.5,14.26,0,2.2,94.8,0.5831,-13.8,SENSOR_DRIFT,0.8,,,
239.92999999992668,0,1,240.0099999999267,4747.756335859102,77.21697439848938,835.1,835.6,836.9,834.6,105.5,129.7,105.8,106.2,1.402,3.86,98,0.274,25.5,0.938,28.4,41.3,88.6,14.23,0,2.4,94.8,0.5832,-13.7,SENSOR_DRIFT,0.8,SENSOR_DRIFT,99.8,751.4
239.99999999992662,0,0,,4744.771981295151,77.1581635046911,834.7,835.8,838.1,836.6,105.5,129.2,105.8,105.6,1.406,3.84,97.8,0.276,25.4,0.947,28.4,42,88.1,14.23,0,2.3,94.9,0.5836,-13.8,SENSOR_DRIFT,0.8,,,
240.09999999992652,0,0,,4749.084741683756,77.20032205743806,835,836.5,835.4,836.1,105,129.6,105.9,106,1.412,3.86,97.9,0.284,25.4,0.942,28.4,42.6,88.8,14.23,0,2.5,94.9,0.5837,-13.9,SENSOR_DRIFT,0.8,,,
240.19999999992643,0,0,,4739.8393917319245,77.13383142497747,835.8,833,833.1,836.2,105.7,129.3,105.9,105.9,1.405,3.86,98,0.278,25.4,0.947,28.4,41.7,88.4,14.24,0,2.6,94.9,0.5832,-13.8,SENSOR_DRIFT,0.8,,,
240.29999999992634,0,0,,4748.689156700354,77.07360306284235,834.9,836.5,838,837.8,105.6,130.3,105.6,106.2,1.394,3.84,97.9,0.277,25.5,0.939,28.4,41.8,88.2,14.2,0,2.4,94.8,0.5838,-13.7,SENSOR_DRIFT,0.8,,,
240.39999999992625,0,0,,4743.4903807200135,77.21609535648592,836.1,835.3,836.4,836,105.9,129.3,105.7,105.7,1.395,3.86,98.1,0.279,25.5,0.943,28.4,41.4,88.3,14.25,0,2.3,94.9,0.583,-13.7,SENSOR_DRIFT,0.8,,,
240.49999999992616,0,0,,4745.652537528708,77.32392695170324,836.6,833.4,834.6,835.5,105.6,129.2,105.9,105.8,1.402,3.83,97.8,0.274,25.5,0.939,28.4,41,88,14.26,0,2.7,94.9,0.5837,-13.7,SENSOR_DRIFT,0.8,,,
240.59999999992607,0,0,,4745.183001288496,77.29500892838189,837.7,836,834.6,836.2,105.7,129.8,105.6,105.6,1.404,3.83,98,0.292,25.5,0.94,28.5,40.9,88.6,14.26,0,2.5,94.9,0.5828,-13.7,SENSOR_DRIFT,0.8,,,
240.69999999992598,0,0,,4743.608185923736,77.10646968536793,837.1,836,836.9,836.6,105.4,129.7,105.3,106,1.403,3.84,98,0.271,25.4,0.939,28.5,42.1,88.4,14.22,0,2.4,94.8,0.5834,-13.7,SENSOR_DRIFT,0.8,,,
240.7999999999259,0,0,,4745.3097010626425,77.23804200292815,834.9,835.2,837.3,838.1,105.6,129.8,105.5,105.3,1.402,3.88,98.1,0.284,25.5,0.94,28.5,42,88.7,14.25,0,2.3,94.9,0.5838,-13.7,SENSOR_DRIFT,0.8,,,
240.8999999999258,0,0,,4747.751291757291,77.28898830851627,835.5,834.3,836.5,837.5,105.6,129.8,106.2,105.5,1.399,3.83,98,0.278,25.5,0.936,28.5,42.3,88.5,14.25,0,2.4,94.9,0.5838,-13.6,SENSOR_DRIFT,0.8,,,
240.97999999992572,0,1,241.05999999992574,4747.714616293625,77.14292963791726,836.5,838.2,834.9,837,106.3,129.5,106,106,1.398,3.86,98.2,0.279,25.4,0.94,28.3,42.4,88.4,14.22,0,2.3,94.8,0.5833,-13.6,SENSOR_DRIFT,0.8,SENSOR_DRIFT,99.5,751.4
240.9999999999257,0,0,,4750.397684492559,77.33529497968856,833.5,837.8,836.9,836,106.3,129.4,105.6,105.5,1.41,3.84,97.8,0.274,25.5,0.941,28.4,42.6,88.9,14.25,0,2.3,94.9,0.5837,-13.8,SENSOR_DRIFT,0.8,,,
241.09999999992561,0,0,,4750.945546476243,77.02923098210458,836.2,835.6,836,834.9,105.9,129.3,105.4,106.2,1.401,3.87,98,0.268,25.3,0.943,28.3,41.6,88,14.19,0,2.1,94.9,0.5828,-13.7,SENSOR_DRIFT,0.8,,,
241.19999999992552,0,0,,4754.489518225902,77.23818043460513,834.9,835.8,838.4,834.8,105.7,130,105.2,105.6,1.396,3.84,97.9,0.278,25.4,0.947,28.5,42.4,88.5,14.22,0,2.3,94.9,0.5834,-13.7,SENSOR_DRIFT,0.8,,,
241.29999999992543,0,0,,4742.609460897782,77.25076331481853,835.9,837.6,837.4,837.5,105.9,129.6,105.7,105.4,1.4,3.88,97.9,0.278,25.5,0.94,28.4,42.5,88.5,14.26,0,2.6,94.8,0.5839,-13.9,SENSOR_DRIFT,0.8,,,
241.39999999992534,0,0,,4750.4497588153135,77.27248092271398,834.4,836.1,836.6,834.7,105.5,130.2,106.1,105.9,1.407,3.84,98.2,0.279,25.5,0.94,28.4,42.5,88.5,14.24,0,2.8,95,0.5843,-13.6,SENSOR_DRIFT,0.8,,,
241.49999999992525,0,0,,4749.49142183899,77.1652875081869,835.9,836.1,835.5,835,105.6,129.5,105.6,105.6,1.393,3.82,98.2,0.271,25.5,0.941,28.5,43.1,88.5,14.22,0,2.5,94.8,0.5835,-13.8,SENSOR_DRIFT,0.8,,,
241.59999999992516,0,0,,4757.387451122462,77.34943031857223,836.4,838,834.8,834.8,106.1,129.4,104.5,106,1.399,3.82,98,0.28,25.5,0.939,28.4,43.1,88.6,14.23,0,2,94.8,0.5835,-13.9,SENSOR_DRIFT,0.8,,,
241.69999999992507,0,0,,4754.727703392851,77.36357992920657,836.4,834.2,837.1,835.1,106.1,130,105.5,105.6,1.411,3.82,98,0.28,25.6,0.941,28.4,43.4,88.7,14.25,0,2.1,94.8,0.5835,-13.8,SENSOR_DRIFT,0.8,,,
241.79999999992498,0,0,,4756.495542701601,77.28833359761693,835.3,837,836.8,834.6,105.6,129.6,105.3,105.6,1.398,3.85,97.8,0.266,25.5,0.937,28.5,43,88.5,14.22,0,2.7,95,0.5835,-13.7,SENSOR_DRIFT,0.8,,,
241.8999999999249,0,0,,4752.791109983473,77.31478346219849,835,836.9,836.1,835.8,105.4,129.9,105.4,105.8,1.406,3.82,97.9,0.288,25.5,0.939,28.3,42.5,88.4,14.24,0,2.1,94.8,0.5833,-13.6,SENSOR_DRIFT,0.8,,,
241.9999999999248,0,0,,4755.904931412106,77.49562535143559,832.5,836.3,837.1,836.2,105.3,129.8,105.4,105.6,1.408,3.83,97.8,0.267,25.6,0.938,28.5,42,88,14.27,0,2.5,94.9,0.584,-13.7,SENSOR_DRIFT,0.8,,,
242.02999999992477,0,1,242.10999999992478,4752.744370190888,77.45903567334375,835.5,836.7,836.8,836.7,105.3,129.1,105.3,105.6,1.401,3.84,98,0.29,25.5,0.943,28.4,42.2,88.4,14.27,0,2.3,95,0.5835,-13.8,SENSOR_DRIFT,0.8,SENSOR_DRIFT,99.8,751.4
242.0999999999247,0,0,,4758.329053204529,77.2748351220098,836.5,834.9,837.1,834,105.8,129.7,105.6,105.3,1.399,3.88,98,0.279,25.5,0.938,28.4,41.6,88.2,14.22,0,2.6,95,0.5831,-13.6,SENSOR_DRIFT,0.8,,,
242.19999999992461,0,0,,4760.728475801085,77.27430208634178,837.5,835.3,835,836.8,105.7,129.3,105.5,106.2,1.409,3.85,98,0.282,25.5,0.937,28.4,41.4,88.4,14.21,0,2.4,94.8,0.583,-13.8,SENSOR_DRIFT,0.8,,,
242.29999999992452,0,0,,4748.010415542422,77.32028816033248,836,836.7,835.9,834.7,105.7,130.1,106.1,105.6,1.409,3.85,97.8,0.293,25.5,0.933,28.4,41,88.4,14.25,0,2.5,94.9,0.5833,-13.8,SENSOR_DRIFT,0.8,,,
242.39999999992443,0,0,,4753.7475754324,77.38300987605237,835,838.1,837.7,834.1,105.9,129.8,106,105.8,1.4,3.83,97.9,0.278,25.6,0.939,28.4,41.3,88.4,14.25,0,2,94.9,0.5837,-13.8,SENSOR_DRIFT,0.8,,,
242.49999999992434,0,0,,4760.264248851567,77.40045895657542,836.3,838.4,837.2,837.9,105.1,129.8,105.7,105.7,1.402,3.84,98,0.28,25.6,0.942,28.4,42.4,88.5,14.24,0,2.1,94.9,0.5837,-13.6,SENSOR_DRIFT,0.8,,,
242.59999999992425,0,0,,4754.196825204449,77.37342147179662,836.1,834.6,835,836.2,105.9,129.5,106,105.6,1.403,3.83,97.8,0.277,25.5,0.94,28.4,41.4,88.5,14.25,0,2.3,94.8,0.5833,-13.6,SENSOR_DRIFT,0.8,,,
242.69999999992416,0,0,,4758.60777716721,77.57070201307201,837,836.4,835.1,837.4,105.5,129.7,105.6,105.8,1.398,3.9,98,0.278,25.6,0.935,28.4,42.1,88.6,14.28,0,2.3,94.8,0.5844,-13.8,SENSOR_DRIFT,0.8,,,
242.79999999992407,0,0,,4759.506867982769,77.33270646585989,837.1,836.3,836.5,835.1,105.6,129.3,105.7,105.6,1.402,3.83,97.9,0.283,25.7,0.939,28.5,41.1,88.3,14.23,0,2.3,94.8,0.5845,-13.8,SENSOR_DRIFT,0.8,,,
242.89999999992398,0,0,,4759.241019132691,77.40226755395082,836.5,835.5,837.6,838.4,105.8,129.2,105.3,105.4,1.407,3.86,98.1,0.279,25.5,0.942,28.4,40.6,88.5,14.24,0,2.3,94.9,0.5834,-13.8,SENSOR_DRIFT,0.8,,,
242.9999999999239,0,0,,4758.591287510869,77.51378969379283,835.9,835.7,834.7,836.6,105.1,129,105.3,105.2,1.4,3.83,98,0.278,25.5,0.936,28.3,41.2,88.5,14.27,0,2.2,94.9,0.5837,-13.8,SENSOR_DRIFT,0.8,,,
243.0899999999238,0,1,243.16999999992382,4749.69654065073,77.50247088159719,835.9,835,837.2,838.1,105.6,130,105.9,105.4,1.408,3.85,98.1,0.285,25.6,0.941,28.3,40.4,88,14.29,0,2.4,94.8,0.5835,-13.6,SENSOR_DRIFT,0.8,SENSOR_DRIFT,99.9,751.4
243.0999999999238,0,0,,4756.447102578605,77.25331577367214,833.9,836.3,837.3,836.9,105.5,129.7,106,105.5,1.408,3.85,98.1,0.284,25.5,0.94,28.4,40.6,88.8,14.22,0,2.3,94.9,0.5839,-13.8,SENSOR_DRIFT,0.8,,,
243.1999999999237,0,0,,4758.384594221395,77.54228757606971,838.3,834.3,838.7,835.8,105.5,129.8,105.1,106.3,1.408,3.84,98,0.285,25.7,0.937,28.5,40.1,88.6,14.27,0,2.5,94.9,0.5846,-13.9,SENSOR_DRIFT,0.8,,,
243.2999999999236,0,0,,4754.524132177532,77.43701184380383,836.5,836.3,837.9,836.6,105.7,129.1,105.4,105.4,1.412,3.84,97.8,0.291,25.6,0.938,28.3,39.8,88.4,14.26,0,2.2,94.8,0.5831,-13.6,SENSOR_DRIFT,0.8,,,
243.39999999992352,0,0,,4756.882755203348,77.4748628745147,836.8,835.7,837.6,834.2,105.6,129.7,105.2,105.6,1.399,3.81,98,0.279,25.5,0.938,28.4,40.8,88.8,14.26,0,2.2,94.9,0.5843,-13.9,SENSOR_DRIFT,0.8,,,
243.49999999992343,0,0,,4761.51452513237,77.40929808880382,838.7,835.3,837.5,835.7,105.5,129.5,106.2,105.5,1.407,3.82,97.9,0.292,25.7,0.939,28.3,41.1,88.7,14.24,0,2.5,94.9,0.5835,-13.8,SENSOR_DRIFT,0.8,,,
243.59999999992334,0,0,,4755.079999868312,77.55756221476865,834.7,835.9,838.9,837,105.6,129.1,105.5,105.5,1.408,3.88,98,0.272,25.6,0.937,28.4,40.5,88.6,14.28,0,2.4,94.9,0.5836,-13.9,SENSOR_DRIFT,0.8,,,
243.69999999992325,0,0,,4752.205674047401,77.41526087053842,835.7,837.7,837.1,835.2,105.4,129.6,105.4,105.5,1.4,3.87,97.8,0.287,25.5,0.941,28.3,40,88.6,14.26,0,2.4,94.9,0.5835,-13.6,SENSOR_DRIFT,0.8,,,
243.79999999992316,0,0,,4756.1222417526515,77.65411381157722,836,839.7,836.1,838.6,106.1,129.2,105.7,106.3,1.414,3.83,97.9,0.276,25.7,0.941,28.3,41.1,88.4,14.3,0,2.5,94.9,0.5832,-13.7,SENSOR_DRIFT,0.8,,,
243.89999999992307,0,0,,4759.7149185451435,77.40066148322762,836.3,836.2,837.3,836.2,105.6,129.4,105.6,105.6,1.407,3.84,98,0.273,25.5,0.939,28.4,40.5,88.3,14.24,0,2.3,94.8,0.5833,-13.6,SENSOR_DRIFT,0.8,,,
243.99999999992298,0,0,,4764.339272373785,77.41433134172617,836.2,835.8,835.9,834.9,106.2,130.1,105.8,105.4,1.402,3.86,97.8,0.271,25.6,0.939,28.4,40.4,88.5,14.23,0,2.3,94.9,0.5837,-13.5,SENSOR_DRIFT,0.8,,,
244.0899999999229,0,1,244.1699999999229,4751.573624655639,77.54213228356832,836.8,836.5,836.5,835.5,105.2,129.9,105.6,104.8,1.405,3.88,97.8,0.286,25.6,0.938,28.4,40.3,88.5,14.29,0,2.3,94.9,0.5834,-13.7,SENSOR_DRIFT,0.8,SENSOR_DRIFT,99.7,751.4
244.0999999999229,0,0,,4761.227564356775,77.4702769240254,837.4,837.8,836.2,837.9,105.4,129,105.7,105,1.402,3.86,97.9,0.278,25.6,0.939,28.5,40.5,88.3,14.25,0,2.5,94.8,0.5835,-13.7,SENSOR_DRIFT,0.8,,,
244.1999999999228,0,0,,4756.95081329901,77.46293892118432,836,839.3,838.9,835.3,105.5,129.4,105.3,105.6,1.408,3.9,98,0.268,25.6,0.938,28.4,41.1,88.5,14.26,0,2.5,94.9,0.5839,-13.8,SENSOR_DRIFT,0.8,,,
244.2999999999227,0,0,,4766.639431993374,77.5326182854237,835.9,835.4,835.3,838.3,105.3,129.7,105.9,105.7,1.406,3.82,97.8,0.271,25.7,0.941,28.4,41.3,88.3,14.25,0,2.6,94.9,0.5845,-13.5,SENSOR_DRIFT,0.8,,,
244.3999999999226,0,0,,4757.284082559074,77.4665276548215,835.3,837.8,839,838.4,105.7,129.5,105.2,105.6,1.411,3.9,98,0.272,25.5,0.936,28.3,40.8,88.1,14.26,0,2,94.8,0.5838,-13.7,SENSOR_DRIFT,0.8,,,
244.49999999992252,0,0,,4770.948089038316,77.6138830507308,836.7,837.1,840.8,835.9,105.4,105.3,105.5,105.6,1.392,3.82,98,0.283,25.6,0.936,28.5,41.9,88.4,14.25,0,2.3,94.9,0.5827,-13.7,NONE,0,,,
244.59999999992243,0,0,,4760.943738141625,77.56187062850599,837.8,834.6,838.4,837.8,105.2,105.3,106.5,105.7,1.418,3.85,97.9,0.275,25.5,0.941,28.4,41.6,88.6,14.27,0,2.4,94.9,0.5834,-13.7,NONE,0,,,
244.69999999992234,0,0,,4759.521334009425,77.45988826851634,836.4,837.6,837,835.4,105.6,105.9,105.6,105.1,1.41,3.83,97.8,0.276,25.7,0.943,28.5,41.7,88.8,14.25,0,2.2,94.8,0.5835,-13.7,NONE,0,,,
244.79999999992225,0,0,,4764.752395170536,77.68788624001127,836.1,836.9,833,837.2,105.5,105.9,105.5,105.9,1.405,3.87,97.9,0.273,25.7,0.94,28.4,40.6,88.5,14.28,0,2.3,94.8,0.5837,-13.6,NONE,0,,,
244.89999999992216,0,0,,4760.937103851926,77.62198591809354,835.7,834.1,839.2,834.7,105.8,105.2,106,105.5,1.41,3.87,97.9,0.272,25.7,0.939,28.3,41.4,88.4,14.28,0,2.5,94.9,0.5832,-13.6,NONE,0,,,
244.99999999992207,0,0,,4758.600164690091,77.714420583562,834.9,837,836.7,835.6,105.3,105.3,106,105.1,1.404,3.85,97.9,0.269,25.7,0.943,28.4,41.3,88.6,14.31,0,2.4,94.9,0.583,-13.7,NONE,0,,,
245.09999999992198,0,0,,4762.210056929559,77.62909284488873,836.2,836.1,836.3,837.8,105.5,105.9,105.7,105.8,1.405,3.79,97.9,0.279,25.7,0.937,28.4,41.1,88.5,14.28,0,2.3,94.9,0.5836,-13.6,NONE,0,,,
245.14999999992193,0,1,245.22999999992194,4766.458348298447,77.52672205491706,838.4,836.5,837.6,837.8,105.7,105.7,106.1,105.8,1.41,3.88,97.9,0.289,25.7,0.936,28.4,41.8,88.6,14.25,0,2.4,95,0.5834,-13.6,NONE,0,NONE,96.6,751.4
245.19999999992189,0,0,,4756.8447027047105,77.48158489430735,837,835.6,839,835.5,104.9,105.8,105.8,105.7,1.409,3.83,97.9,0.281,25.6,0.942,28.3,41.3,88.7,14.26,0,2.5,94.9,0.5832,-13.6,NONE,0,,,
245.2999999999218,0,0,,4765.118967709656,77.53159092269954,837.6,837.1,836,837.3,105.7,106,105.2,106.1,1.401,3.84,98,0.277,25.6,0.942,28.4,41.9,88.5,14.25,0,2.3,94.9,0.5837,-13.7,NONE,0,,,
245.3999999999217,0,0,,4763.490737045021,77.67342867523122,836.3,837.5,835.8,837.5,105.4,105.3,105.3,105.5,1.404,3.87,97.9,0.27,25.6,0.941,28.5,41.5,88.6,14.29,0,2.4,94.9,0.5841,-13.6,NONE,0,,,
245.4999999999216,0,0,,4770.049644402704,77.70315949849585,836.3,834.8,835.8,837.1,105.5,105.7,106.1,105.6,1.399,3.81,98.2,0.271,25.7,0.934,28.3,41.9,88.8,14.27,0,2.3,94.9,0.5842,-13.6,NONE,0,,,
245.59999999992152,0,0,,4765.868386724036,77.67721124335092,836,837.7,838.1,839.9,105.3,105.8,105.4,105.9,1.408,3.83,97.9,0.295,25.6,0.942,28.4,42.4,88.4,14.28,0,2.9,94.9,0.5829,-13.7,NONE,0,,,
245.69999999992143,0,0,,4769.338003543404,77.85160434764501,836.7,837.2,836.3,836.8,105.9,105.5,105.7,105.1,1.405,3.86,98,0.275,25.7,0.937,28.3,42.8,88.4,14.31,0,2.4,95,0.5837,-13.8,NONE,0,,,
245.79999999992134,0,0,,4764.016529466002,77.66292657244763,835.6,837.3,837.4,838.9,105.6,105.7,105.6,105.8,1.406,3.86,98,0.278,25.6,0.938,28.3,42.4,88.6,14.28,0,2.3,94.9,0.5838,-13.6,NONE,0,,,
245.89999999992125,0,0,,4765.43587342447,77.73384675180765,838,836.3,836.6,837,105.7,104.9,105.3,106.2,1.411,3.81,98,0.271,25.6,0.938,28.4,42.8,88.3,14.29,0,2.3,94.9,0.5834,-13.7,NONE,0,,,
245.99999999992116,0,0,,4774.433736875756,77.68352049102674,837.8,837.5,838.7,837.7,105.2,106.1,105.7,105.2,1.398,3.86,98.1,0.284,25.7,0.94,28.4,42.6,88.5,14.26,0,2.5,94.9,0.5845,-13.6,NONE,0,,,
246.09999999992107,0,0,,4766.434186256512,77.68493931090711,837.7,837.6,836.2,836.4,105.8,105.5,105.3,105.6,1.41,3.84,98,0.284,25.5,0.933,28.4,42.5,88.5,14.28,0,2.4,94.9,0.5841,-13.7,NONE,0,,,
246.19999999992098,0,0,,4771.625167718202,77.78949613114759,837.7,838,837.7,835.5,105.8,105.5,105.9,105.2,1.414,3.87,98.1,0.279,25.7,0.944,28.5,42.5,88.4,14.29,0,2.2,94.9,0.5835,-13.6,NONE,0,,,
246.19999999992098,0,1,246.279999999921,4771.625167718202,77.78949613114759,837.7,838,837.7,835.5,105.8,105.5,105.9,105.2,1.414,3.87,98.1,0.279,25.7,0.944,28.5,42.5,88.4,14.29,0,2.2,94.9,0.5835,-13.6,NONE,0,SENSOR_DRIFT,97,751.4
246.29999999992089,0,0,,4772.5682812688465,77.63901770435534,836.5,839.8,835.7,836.7,105.6,106,105.4,106.1,1.409,3.84,98.1,0.274,25.6,0.945,28.4,42.1,88.5,14.25,0,2.3,94.9,0.5837,-13.6,NONE,0,,,
246.3999999999208,0,0,,4773.105868515261,77.68388777761527,835.2,838,839.2,837.5,105.9,105.2,105.6,105.8,1.414,3.85,98,0.287,25.7,0.938,28.4,41.8,88.3,14.26,0,2.4,94.9,0.5834,-13.6,NONE,0,,,
246.4999999999207,0,0,,4770.1863672657755,77.7561531944557,836.9,837.6,840,838,105.6,105.3,105.5,105.3,1.413,3.87,97.8,0.279,25.7,0.941,28.4,41.5,88.8,14.28,0,2.1,94.9,0.5843,-13.8,NONE,0,,,
246.5999999999206,0,0,,4774.029762162494,77.76106268549492,837.3,837.1,835.7,837.5,105.7,105.5,105.3,105.1,1.401,3.85,98,0.281,25.7,0.939,28.5,42.6,88.5,14.27,0,2.5,94.9,0.5843,-13.9,NONE,0,,,
246.69999999992052,0,0,,4778.4665803084545,77.79016390160298,837.2,838.1,836.8,839.1,105.6,105.4,106.1,105.8,1.413,3.85,97.9,0.281,25.7,0.939,28.4,42.3,88.7,14.27,0,2.3,94.9,0.5833,-13.8,NONE,0,,,
246.79999999992043,0,0,,4780.538862375996,77.77776011437459,838.3,839.3,837.5,836.8,105.7,106.2,105.6,105.6,1.406,3.85,97.9,0.275,25.6,0.943,28.4,41.2,88.2,14.26,0,2.2,94.9,0.5838,-13.7,NONE,0,,,
246.89999999992034,0,0,,4768.896861265453,77.79346196473901,838.4,838.9,837.6,836.4,105.4,105.2,106,105.1,1.412,3.86,98.1,0.275,25.7,0.943,28.5,41.9,88.6,14.3,0,2.3,94.8,0.5834,-13.7,NONE,0,,,
246.99999999992025,0,0,,4777.761698329887,77.81119252858458,839.3,837.2,838.2,840.2,105.5,105.9,105.3,105.4,1.412,3.85,98,0.277,25.8,0.943,28.4,41.9,88.6,14.27,0,2.5,94.8,0.5832,-13.8,NONE,0,,,
